fixed acidity,volatile acidity,citric acid,residual sugar,chlorides,free sulfur dioxide,total sulfur dioxide,density,pH,sulphates,alcohol,wine_type,target
6.6,0.32,0.27,10.9,0.041,37.0,146.0,0.9963,3.24,0.47,10.0,1.0,0
7.4,0.25,0.37,13.5,0.06,52.0,192.0,0.9975,3.0,0.44,9.1,1.0,0
6.4,0.25,0.53,6.6,0.038,59.0,234.0,0.9955,3.03,0.42,8.8,1.0,0
6.7,0.27,0.33,3.6,0.034,9.0,45.0,0.99144,3.08,0.4,10.5,1.0,1
6.8,0.31,0.32,7.6,0.052,35.0,143.0,0.9959,3.14,0.38,9.0,1.0,0
5.8,0.18,0.37,1.2,0.036,19.0,74.0,0.98853,3.09,0.49,12.7,1.0,2
5.9,0.27,0.27,5.0,0.035,14.0,97.0,0.99058,3.1,0.33,11.8,1.0,2
7.8,0.91,0.07,1.9,0.058,22.0,47.0,0.99525,3.51,0.43,10.7,0.0,1
7.2,0.33,0.22,4.5,0.031,10.0,73.0,0.99076,2.97,0.52,12.2,1.0,2
6.3,0.3,0.48,1.8,0.069,18.0,61.0,0.9959,3.44,0.78,10.3,0.0,1
7.1,0.21,0.31,3.8,0.021,40.0,142.0,0.99215,3.17,0.39,10.8,1.0,2
6.8,0.2,0.27,1.2,0.034,19.0,68.0,0.9902,3.14,0.37,11.7,1.0,0
6.4,0.5,0.2,2.4,0.059,19.0,112.0,0.99314,3.18,0.4,9.2,1.0,1
6.6,0.84,0.03,2.3,0.059,32.0,48.0,0.9952,3.52,0.56,12.3,0.0,2
5.8,0.13,0.22,12.7,0.058,24.0,183.0,0.9956,3.32,0.42,11.7,1.0,1
7.5,0.58,0.56,3.1,0.153,5.0,14.0,0.99476,3.21,1.03,11.6,0.0,1
6.3,0.26,0.29,2.2,0.043,35.0,175.0,0.9918,3.38,0.43,11.6,1.0,1
6.8,0.25,0.24,4.55,0.053,41.0,211.0,0.9955,3.37,0.67,9.5,1.0,1
7.8,0.34,0.35,1.8,0.042,8.0,167.0,0.9908,3.11,0.41,12.1,1.0,1
6.4,0.2,0.28,2.5,0.032,24.0,84.0,0.99168,3.31,0.55,11.5,1.0,0
6.8,0.21,0.49,14.5,0.06,50.0,170.0,0.9991,3.55,0.44,9.8,1.0,1
5.8,0.3,0.12,1.6,0.036,57.0,163.0,0.99239,3.38,0.59,10.5,1.0,1
7.4,0.49,0.27,2.1,0.071,14.0,25.0,0.99388,3.35,0.63,12.0,0.0,1
8.9,0.31,0.57,2.0,0.111,26.0,85.0,0.9971,3.26,0.53,9.7,0.0,0
7.4,0.24,0.22,10.7,0.042,26.0,81.0,0.9954,2.86,0.36,9.7,1.0,1
11.6,0.475,0.4,1.4,0.091,6.0,28.0,0.99704,3.07,0.65,10.0333333333333,0.0,1
7.8,0.53,0.01,1.6,0.077,3.0,19.0,0.995,3.16,0.46,9.8,0.0,0
8.4,0.22,0.3,8.9,0.024,17.0,118.0,0.99456,2.99,0.34,10.5,1.0,1
6.8,0.2,0.28,12.6,0.048,54.0,136.0,0.99556,3.19,0.37,10.7,1.0,1
7.1,0.28,0.26,2.8,0.039,50.0,118.0,0.9908,3.06,0.59,11.2,1.0,1
10.2,0.67,0.39,1.9,0.054,6.0,17.0,0.9976,3.17,0.47,10.0,0.0,0
6.5,0.52,0.11,1.8,0.073,13.0,38.0,0.9955,3.34,0.52,9.3,0.0,0
7.3,0.26,0.53,12.7,0.047,60.5,156.0,0.9984,3.06,0.45,9.1,1.0,1
7.2,0.43,0.24,6.7,0.058,40.0,163.0,0.995,3.2,0.41,9.9,1.0,0
6.8,0.65,0.02,2.1,0.078,8.0,15.0,0.99498,3.35,0.62,10.4,0.0,1
13.2,0.38,0.55,2.7,0.081,5.0,16.0,1.0006,2.98,0.54,9.4,0.0,0
5.6,0.19,0.46,1.1,0.032,33.0,115.0,0.9909,3.36,0.5,10.4,1.0,1
7.1,0.26,0.29,12.4,0.044,62.0,240.0,0.9969,3.04,0.42,9.2,1.0,1
6.5,0.61,0.0,2.2,0.095,48.0,59.0,0.99541,3.61,0.7,11.5,0.0,1
7.7,0.43,0.25,2.6,0.073,29.0,63.0,0.99615,3.37,0.58,10.5,0.0,1
9.8,0.36,0.45,1.6,0.042,11.0,124.0,0.9944,2.93,0.46,10.8,1.0,0
6.7,0.66,0.0,13.0,0.033,32.0,75.0,0.99551,3.15,0.5,10.7,1.0,1
6.5,0.14,0.32,2.7,0.037,18.0,89.0,0.9924,3.4,0.74,11.5,1.0,2
7.2,0.25,0.37,2.5,0.063,11.0,41.0,0.99439,3.52,0.8,12.4,0.0,2
6.1,0.17,0.28,4.5,0.033,46.0,150.0,0.9933,3.43,0.49,10.9,1.0,1
6.3,0.4,0.24,5.1,0.036,43.0,131.0,0.99186,3.24,0.44,11.3,1.0,1
6.4,0.28,0.22,12.8,0.039,51.0,150.0,0.99535,3.23,0.43,10.7,1.0,1
7.2,0.31,0.41,8.6,0.053,15.0,89.0,0.9976,3.29,0.64,9.9,1.0,1
7.7,0.54,0.26,1.9,0.089,23.0,147.0,0.99636,3.26,0.59,9.7,0.0,0
7.2,0.16,0.32,0.8,0.04,50.0,121.0,0.9922,3.27,0.33,10.0,1.0,1
6.4,0.39,0.33,3.3,0.046,12.0,53.0,0.99294,3.36,0.62,12.2,0.0,1
6.0,0.17,0.33,6.0,0.036,30.0,111.0,0.99362,3.32,0.58,10.1333333333333,1.0,2
7.1,0.6,0.0,1.8,0.074,16.0,34.0,0.9972,3.47,0.7,9.9,0.0,1
8.9,0.5,0.21,2.2,0.088,21.0,39.0,0.99692,3.33,0.83,11.1,0.0,1
6.4,0.22,0.34,1.4,0.023,56.0,115.0,0.98958,3.18,0.7,11.7,1.0,1
7.4,0.53,0.26,2.0,0.101,16.0,72.0,0.9957,3.15,0.57,9.4,0.0,0
6.3,0.41,0.33,4.7,0.023,28.0,110.0,0.991,3.3,0.38,12.5,1.0,2
7.7,0.23,0.37,1.8,0.046,23.0,60.0,0.9971,3.41,0.71,12.1,0.0,1
7.2,0.725,0.05,4.65,0.086,4.0,11.0,0.9962,3.41,0.39,10.9,0.0,0
6.9,0.27,0.25,7.5,0.03,18.0,117.0,0.99116,3.09,0.38,13.0,1.0,1
5.9,0.24,0.26,12.3,0.053,34.0,134.0,0.9972,3.34,0.45,9.5,1.0,1
6.6,0.4,0.32,1.7,0.035,39.0,84.0,0.99096,3.59,0.48,12.7,1.0,2
6.3,0.25,0.27,6.6,0.054,40.0,158.0,0.99378,3.2,0.48,10.3,1.0,0
5.9,0.62,0.28,3.5,0.039,55.0,152.0,0.9907,3.44,0.44,12.0,1.0,1
6.7,0.18,0.25,14.3,0.048,79.0,149.0,0.9975,3.12,0.37,9.7,1.0,0
6.5,0.28,0.34,3.6,0.04,29.0,121.0,0.99111,3.28,0.48,12.1,1.0,2
6.4,0.79,0.04,2.2,0.061,11.0,17.0,0.99588,3.53,0.65,10.4,0.0,1
6.0,0.2,0.26,14.7,0.045,53.0,125.0,0.998365,2.99,0.69,9.4,1.0,1
10.5,0.36,0.47,2.2,0.074,9.0,23.0,0.99638,3.23,0.76,12.0,0.0,1
7.4,0.34,0.42,1.1,0.033,17.0,171.0,0.9917,3.12,0.53,11.3,1.0,1
6.9,0.25,0.3,4.1,0.054,23.0,116.0,0.994,2.99,0.38,9.4,1.0,1
6.8,0.19,0.33,1.3,0.031,22.0,87.0,0.98987,3.08,0.62,12.3,1.0,2
7.3,0.19,0.25,1.4,0.051,41.0,107.0,0.99382,3.53,0.66,10.5,1.0,2
6.6,0.25,0.36,8.1,0.045,54.0,180.0,0.9958,3.08,0.42,9.2,1.0,0
6.0,0.36,0.16,6.3,0.036,36.0,191.0,0.9942,3.17,0.62,9.8,1.0,0
8.2,0.34,0.38,2.5,0.08,12.0,57.0,0.9978,3.3,0.47,9.0,0.0,1
6.4,0.21,0.21,5.1,0.097,21.0,105.0,0.9939,3.07,0.46,9.6,1.0,0
11.5,0.45,0.5,3.0,0.078,19.0,47.0,1.0003,3.26,1.11,11.0,0.0,1
11.2,0.66,0.24,2.5,0.085,16.0,53.0,0.9993,3.06,0.72,11.0,0.0,1
6.0,0.16,0.3,6.7,0.043,43.0,153.0,0.9951,3.63,0.46,10.6,1.0,0
11.0,0.2,0.48,2.0,0.343,6.0,18.0,0.9979,3.3,0.71,10.5,0.0,0
6.6,0.34,0.24,3.3,0.034,29.0,99.0,0.99031,3.1,0.4,12.3,1.0,2
7.6,0.22,0.34,9.7,0.035,26.0,143.0,0.9965,3.08,0.49,9.8,1.0,1
7.5,0.38,0.57,2.3,0.106,5.0,12.0,0.99605,3.36,0.55,11.4,0.0,1
6.4,0.18,0.74,11.9,0.046,54.0,168.0,0.9978,3.58,0.68,10.1,1.0,0
7.5,0.52,0.42,2.3,0.087,8.0,38.0,0.9972,3.58,0.61,10.5,0.0,1
6.3,0.33,0.42,17.2,0.037,57.0,170.0,0.99884,3.26,0.57,9.4,1.0,1
6.3,0.6,0.44,11.0,0.05,50.0,245.0,0.9972,3.19,0.57,9.3,1.0,0
6.8,0.22,0.35,17.5,0.039,38.0,153.0,0.9994,3.24,0.42,9.0,1.0,1
7.9,0.27,0.27,1.7,0.034,25.0,122.0,0.99088,2.97,0.51,11.9,1.0,1
10.4,0.44,0.73,6.55,0.074,38.0,76.0,0.999,3.17,0.85,12.0,0.0,2
7.0,0.31,0.35,1.6,0.063,13.0,119.0,0.99184,3.22,0.5,10.7,1.0,0
7.6,0.2,0.26,4.5,0.086,37.0,133.0,0.9963,3.15,0.42,9.2,1.0,0
7.1,0.2,0.31,7.4,0.053,32.0,211.0,0.99587,3.31,0.59,10.4,1.0,1
5.8,0.3,0.38,4.9,0.039,22.0,86.0,0.98963,3.23,0.58,13.1,1.0,2
7.6,0.3,0.27,10.6,0.039,31.0,119.0,0.99815,3.27,0.3,9.3,1.0,1
5.6,0.28,0.4,6.1,0.034,36.0,118.0,0.99144,3.21,0.43,12.1,1.0,2
5.8,0.27,0.22,12.7,0.058,42.0,206.0,0.9946,3.32,0.38,12.3,1.0,1
7.0,0.24,0.26,1.7,0.041,31.0,110.0,0.99142,3.2,0.53,11.0,1.0,1
6.9,0.16,0.3,9.6,0.057,50.0,185.0,0.9978,3.39,0.38,9.6,1.0,1
6.5,0.3,0.27,4.0,0.038,37.0,97.0,0.99026,3.2,0.6,12.6,1.0,2
6.8,0.63,0.07,2.1,0.089,11.0,44.0,0.9953,3.47,0.55,10.4,0.0,1
6.6,0.78,0.5,1.5,0.045,30.0,133.0,0.99104,3.25,0.48,11.7,1.0,0
6.9,0.27,0.4,14.0,0.05,64.0,227.0,0.9979,3.18,0.58,9.6,1.0,1
6.8,0.25,0.3,11.8,0.043,53.0,133.0,0.99524,3.03,0.58,10.4,1.0,1
6.5,0.19,0.27,4.9,0.037,13.0,101.0,0.9916,3.17,0.41,11.8,1.0,1
6.8,0.32,0.34,6.0,0.05,5.0,129.0,0.9953,3.19,0.4,9.1,1.0,0
9.6,0.77,0.12,2.9,0.082,30.0,74.0,0.99865,3.3,0.64,10.4,0.0,1
7.3,0.155,0.49,1.3,0.039,34.0,136.0,0.9926,3.14,0.77,10.5,1.0,1
8.2,0.24,0.34,5.1,0.062,8.0,22.0,0.9974,3.22,0.94,10.9,0.0,1
8.0,0.34,0.25,6.4,0.035,38.0,103.0,0.99148,2.91,0.23,12.2,1.0,1
7.0,0.21,0.31,6.0,0.046,29.0,108.0,0.9939,3.26,0.5,10.8,1.0,1
6.2,0.2,0.33,5.4,0.028,21.0,75.0,0.99012,3.36,0.41,13.5,1.0,2
6.1,0.26,0.25,2.9,0.047,289.0,440.0,0.99314,3.44,0.64,10.5,1.0,0
7.6,0.645,0.03,1.9,0.086,14.0,57.0,0.9969,3.37,0.46,10.3,0.0,0
10.4,0.24,0.46,1.8,0.075,6.0,21.0,0.9976,3.25,1.02,10.8,0.0,2
6.2,0.2,0.26,1.7,0.093,40.0,161.0,0.9924,3.44,0.66,11.0,1.0,0
8.7,0.625,0.16,2.0,0.101,13.0,49.0,0.9962,3.14,0.57,11.0,0.0,0
6.5,0.3,0.28,11.45,0.041,29.0,109.0,0.99418,2.98,0.3,10.9,1.0,1
7.4,0.16,0.49,1.2,0.055,18.0,150.0,0.9917,3.23,0.47,11.2,1.0,1
6.2,0.39,0.24,4.8,0.037,45.0,138.0,0.99174,3.23,0.43,11.2,1.0,2
6.4,0.25,0.33,1.7,0.037,35.0,113.0,0.99164,3.23,0.66,10.6,1.0,1
5.8,0.34,0.16,7.0,0.037,26.0,116.0,0.9949,3.46,0.45,10.0,1.0,2
8.2,0.28,0.4,2.4,0.052,4.0,10.0,0.99356,3.33,0.7,12.8,0.0,2
6.4,0.38,0.2,5.3,0.117,57.0,181.0,0.99459,3.24,0.43,9.5,1.0,1
8.4,0.56,0.08,2.1,0.105,16.0,44.0,0.9958,3.13,0.52,11.0,0.0,0
7.2,0.61,0.08,4.0,0.082,26.0,108.0,0.99641,3.25,0.51,9.4,0.0,0
4.9,0.235,0.27,11.75,0.03,34.0,118.0,0.9954,3.07,0.5,9.4,1.0,1
6.2,0.3,0.32,1.2,0.052,32.0,185.0,0.99266,3.28,0.44,10.1,1.0,0
6.4,0.26,0.42,9.7,0.044,30.0,140.0,0.9962,3.18,0.47,9.1,1.0,1
6.4,0.32,0.26,7.9,0.05,53.0,180.0,0.99514,3.14,0.5,9.6,1.0,0
6.8,0.73,0.2,6.6,0.054,25.0,65.0,0.99324,3.12,0.28,11.1,1.0,0
6.6,0.3,0.25,8.0,0.036,21.0,124.0,0.99362,3.06,0.38,10.8,1.0,1
7.6,0.26,0.32,1.3,0.048,23.0,76.0,0.9903,2.96,0.46,12.0,1.0,1
7.3,0.18,0.29,1.0,0.036,26.0,101.0,0.99,3.09,0.37,11.7,1.0,1
8.3,0.24,0.27,2.1,0.03,22.0,162.0,0.9914,2.99,0.68,11.9,1.0,1
7.2,0.29,0.4,7.6,0.024,56.0,177.0,0.9928,3.04,0.32,11.5,1.0,1
11.1,0.45,0.73,3.2,0.066,6.0,22.0,0.9986,3.17,0.66,11.2,0.0,1
7.4,0.33,0.26,15.6,0.049,67.0,210.0,0.99907,3.06,0.68,9.5,1.0,0
8.5,0.17,0.31,1.0,0.024,13.0,91.0,0.993,2.79,0.37,10.1,1.0,0
6.4,0.29,0.57,1.0,0.06,15.0,120.0,0.9924,3.06,0.41,9.5,1.0,0
9.0,0.39,0.4,1.3,0.044,25.0,50.0,0.99478,3.2,0.83,10.9,0.0,1
7.9,0.42,0.49,8.2,0.056,32.0,164.0,0.9965,3.29,0.6,11.2,1.0,2
5.7,0.44,0.13,7.0,0.025,28.0,173.0,0.9913,3.33,0.48,12.5,1.0,1
7.5,0.24,0.62,10.6,0.045,51.0,153.0,0.99779,3.16,0.44,8.8,1.0,0
7.9,0.51,0.34,2.6,0.049,13.0,135.0,0.99335,3.09,0.51,10.0,1.0,0
10.0,0.31,0.47,2.6,0.085,14.0,33.0,0.99965,3.36,0.8,10.5,0.0,2
7.2,0.27,0.42,1.6,0.05,35.0,135.0,0.992,2.94,0.46,11.0,1.0,1
6.4,0.22,0.56,14.5,0.055,27.0,159.0,0.998,2.98,0.4,9.1,1.0,0
7.1,0.44,0.27,8.4,0.057,60.0,160.0,0.99257,3.16,0.36,11.8,1.0,1
7.0,0.35,0.31,1.8,0.069,15.0,162.0,0.9944,3.18,0.47,9.4,1.0,0
7.0,0.36,0.32,10.05,0.045,37.0,131.0,0.99352,3.09,0.33,11.7,1.0,2
6.7,0.27,0.25,8.0,0.053,54.0,202.0,0.9961,3.22,0.43,9.3,1.0,0
6.1,0.27,0.44,6.7,0.041,61.0,230.0,0.99505,3.12,0.4,8.9,1.0,0
12.7,0.59,0.45,2.3,0.082,11.0,22.0,1.0,3.0,0.7,9.3,0.0,1
4.6,0.52,0.15,2.1,0.054,8.0,65.0,0.9934,3.9,0.56,13.1,0.0,0
5.6,0.66,0.0,2.2,0.087,3.0,11.0,0.99378,3.71,0.63,12.8,0.0,2
6.6,0.23,0.32,1.7,0.024,26.0,102.0,0.99084,3.29,0.6,11.8,1.0,1
6.3,0.37,0.28,6.3,0.034,45.0,152.0,0.9921,3.29,0.46,11.6,1.0,2
6.5,0.18,0.33,1.4,0.029,35.0,138.0,0.99114,3.36,0.6,11.5,1.0,2
10.3,0.59,0.42,2.8,0.09,35.0,73.0,0.999,3.28,0.7,9.5,0.0,1
6.3,0.34,0.29,6.2,0.046,29.0,227.0,0.9952,3.29,0.53,10.1,1.0,1
6.9,0.19,0.49,6.6,0.036,49.0,172.0,0.9932,3.2,0.27,11.5,1.0,1
7.3,0.18,0.29,1.2,0.044,12.0,143.0,0.9918,3.2,0.48,11.3,1.0,2
6.1,0.44,0.28,4.25,0.032,43.0,132.0,0.9916,3.26,0.47,11.2666666666667,1.0,2
8.9,0.5,0.21,2.2,0.088,21.0,39.0,0.99692,3.33,0.83,11.1,0.0,1
5.8,0.29,0.21,2.6,0.025,12.0,120.0,0.9894,3.39,0.79,14.0,1.0,2
6.9,0.41,0.31,2.0,0.079,21.0,51.0,0.99668,3.47,0.55,9.5,0.0,1
6.5,0.37,0.3,2.2,0.033,39.0,107.0,0.98894,3.22,0.53,13.5,1.0,2
8.0,0.38,0.06,1.8,0.078,12.0,49.0,0.99625,3.37,0.52,9.9,0.0,1
9.9,0.5,0.24,2.3,0.103,6.0,14.0,0.9978,3.34,0.52,10.0,0.0,0
7.6,0.2,0.3,14.2,0.056,53.0,212.5,0.999,3.14,0.46,8.9,1.0,2
7.1,0.2,0.27,9.6,0.037,19.0,105.0,0.99444,3.04,0.37,10.5,1.0,2
9.3,0.48,0.29,2.1,0.127,6.0,16.0,0.9968,3.22,0.72,11.2,0.0,0
6.0,0.36,0.06,1.4,0.066,27.0,128.0,0.9934,3.26,0.55,9.3,1.0,0
6.5,0.22,0.31,3.9,0.046,17.0,106.0,0.99098,3.15,0.31,11.5,1.0,0
6.0,0.29,0.21,1.3,0.055,42.0,168.0,0.9914,3.32,0.43,11.1,1.0,1
6.2,0.24,0.27,2.9,0.039,30.0,123.0,0.98959,3.12,0.37,12.8,1.0,1
9.0,0.43,0.34,2.5,0.08,26.0,86.0,0.9987,3.38,0.62,9.5,0.0,1
8.8,0.61,0.3,2.8,0.088,17.0,46.0,0.9976,3.26,0.51,9.3,0.0,0
8.6,0.55,0.35,15.55,0.057,35.5,366.5,1.0001,3.04,0.63,11.0,1.0,0
5.1,0.33,0.22,1.6,0.027,18.0,89.0,0.9893,3.51,0.38,12.5,1.0,2
7.3,0.38,0.23,6.5,0.05,18.0,102.0,0.99304,3.1,0.55,11.2,1.0,0
6.4,0.16,0.25,1.3,0.047,20.0,77.0,0.9933,3.61,0.54,10.2,1.0,1
6.4,0.22,0.32,7.9,0.029,34.0,124.0,0.9948,3.4,0.39,10.2,1.0,0
5.9,0.2,0.28,12.8,0.038,29.0,132.0,0.99426,3.31,0.57,11.8,1.0,2
5.9,0.3,0.23,4.2,0.038,42.0,119.0,0.9924,3.15,0.5,11.0,1.0,0
7.9,0.32,0.51,1.8,0.341,17.0,56.0,0.9969,3.04,1.08,9.2,0.0,1
7.2,0.58,0.03,2.3,0.077,7.0,28.0,0.99568,3.35,0.52,10.0,0.0,0
7.7,0.26,0.4,1.1,0.042,9.0,60.0,0.9915,2.89,0.5,10.6,1.0,0
7.3,0.18,0.29,1.2,0.044,12.0,143.0,0.9918,3.2,0.48,11.3,1.0,2
8.6,0.2,0.42,1.5,0.041,35.0,125.0,0.9925,3.11,0.49,11.4,1.0,2
8.8,0.6,0.29,2.2,0.098,5.0,15.0,0.9988,3.36,0.49,9.1,0.0,0
6.9,1.09,0.06,2.1,0.061,12.0,31.0,0.9948,3.51,0.43,11.4,0.0,0
6.9,0.54,0.32,13.2,0.05,53.0,236.0,0.9973,3.2,0.5,9.6,1.0,0
9.3,0.655,0.26,2.0,0.096,5.0,35.0,0.99738,3.25,0.42,9.6,0.0,0
7.1,0.22,0.32,16.9,0.056,49.0,158.0,0.9998,3.37,0.38,9.6,1.0,1
6.6,0.52,0.04,2.2,0.069,8.0,15.0,0.9956,3.4,0.63,9.4,0.0,1
6.2,0.21,0.38,6.8,0.036,64.0,245.0,0.9951,3.06,0.36,9.3,1.0,1
6.3,0.27,0.37,7.9,0.047,58.0,215.0,0.99542,3.19,0.48,9.5,1.0,1
6.9,0.21,0.81,1.1,0.137,52.0,123.0,0.9932,3.03,0.39,9.2,1.0,1
6.7,0.36,0.28,8.3,0.034,29.0,81.0,0.99151,2.96,0.39,12.5,1.0,1
6.6,0.38,0.36,9.2,0.061,42.0,214.0,0.9976,3.31,0.56,9.4,1.0,0
5.9,0.3,0.3,2.0,0.03,38.0,142.0,0.98892,3.41,0.41,12.9,1.0,2
6.4,0.28,0.41,6.8,0.045,61.0,216.0,0.9952,3.09,0.46,9.4,1.0,0
7.8,0.5,0.3,1.9,0.075,8.0,22.0,0.9959,3.31,0.56,10.4,0.0,1
6.5,0.33,0.3,3.8,0.036,34.0,88.0,0.99028,3.25,0.63,12.5,1.0,2
7.5,0.52,0.4,2.2,0.06,12.0,20.0,0.99474,3.26,0.64,11.8,0.0,1
6.1,0.4,0.16,1.8,0.069,11.0,25.0,0.9955,3.42,0.74,10.1,0.0,2
7.5,0.4,1.0,19.5,0.041,33.0,148.0,0.9977,3.24,0.38,12.0,1.0,1
8.3,0.54,0.24,3.4,0.076,16.0,112.0,0.9976,3.27,0.61,9.4,0.0,0
6.6,0.34,0.4,8.1,0.046,68.0,170.0,0.99494,3.15,0.5,9.53333333333333,1.0,1
7.0,0.16,0.3,2.6,0.043,34.0,90.0,0.99047,2.88,0.47,11.2,1.0,1
5.6,0.15,0.31,5.3,0.038,8.0,79.0,0.9923,3.3,0.39,10.5,1.0,1
6.0,0.27,0.19,1.7,0.02,24.0,110.0,0.9898,3.32,0.47,12.6,1.0,2
9.3,0.31,0.49,1.3,0.042,34.0,147.0,0.9948,3.11,0.46,9.8,1.0,0
5.7,0.36,0.34,4.2,0.026,21.0,77.0,0.9907,3.41,0.45,11.9,1.0,1
6.7,0.37,0.25,2.5,0.028,24.0,84.0,0.9909,3.14,0.36,11.7,1.0,1
6.7,0.34,0.43,1.6,0.041,29.0,114.0,0.99014,3.23,0.44,12.6,1.0,1
9.8,1.24,0.34,2.0,0.079,32.0,151.0,0.998,3.15,0.53,9.5,0.0,0
7.0,0.31,0.52,1.7,0.029,5.0,61.0,0.9918,3.07,0.43,10.4,1.0,0
7.3,0.34,0.3,9.4,0.057,34.0,178.0,0.99554,3.15,0.44,10.4,1.0,1
5.7,0.31,0.28,4.1,0.03,22.0,86.0,0.99062,3.31,0.38,11.7,1.0,2
6.3,0.19,0.29,5.5,0.042,44.0,189.0,0.99304,3.19,0.47,10.3,1.0,1
8.4,1.035,0.15,6.0,0.073,11.0,54.0,0.999,3.37,0.49,9.9,0.0,0
7.8,0.27,0.34,1.6,0.046,27.0,154.0,0.9927,3.05,0.45,10.5,1.0,1
9.0,0.4,0.41,2.0,0.058,15.0,40.0,0.99414,3.22,0.6,12.2,0.0,1
6.7,0.2,0.24,6.5,0.044,28.0,100.0,0.99348,3.12,0.33,10.2,1.0,1
8.2,0.31,0.43,7.0,0.047,18.0,87.0,0.99628,3.23,0.64,10.6,1.0,0
8.4,0.35,0.56,13.8,0.048,55.0,190.0,0.9993,3.07,0.58,9.4,1.0,1
6.9,0.2,0.4,7.7,0.032,51.0,176.0,0.9939,3.22,0.27,11.4,1.0,0
6.7,0.39,0.31,2.7,0.054,27.0,202.0,0.9948,3.46,0.57,10.5,1.0,1
9.0,0.245,0.38,5.9,0.045,52.0,159.0,0.995,2.93,0.35,10.2,1.0,1
7.8,0.3,0.4,1.8,0.028,23.0,122.0,0.9914,3.14,0.39,10.9,1.0,2
7.0,0.13,0.3,5.0,0.056,31.0,122.0,0.9945,3.47,0.42,10.5,1.0,1
7.5,0.24,0.29,1.1,0.046,34.0,84.0,0.9902,3.04,0.39,11.45,1.0,1
8.5,0.24,0.47,15.2,0.057,40.0,234.0,1.0005,3.02,0.66,9.0,1.0,0
12.7,0.6,0.49,2.8,0.075,5.0,19.0,0.9994,3.14,0.57,11.4,0.0,0
6.7,0.43,0.23,5.0,0.157,49.0,145.0,0.99471,3.17,0.49,9.4,1.0,0
6.2,0.28,0.28,4.3,0.026,22.0,105.0,0.989,2.98,0.64,13.1,1.0,2
9.0,0.55,0.3,8.1,0.026,14.0,71.0,0.993,2.94,0.36,11.8,1.0,0
9.0,0.26,0.34,6.7,0.029,21.0,162.0,0.99497,3.08,0.5,10.6,1.0,1
7.1,0.26,0.34,14.4,0.067,35.0,189.0,0.9986,3.07,0.53,9.1,1.0,2
7.5,0.21,0.32,4.8,0.056,39.0,113.0,0.99393,3.11,0.52,10.2,1.0,2
6.1,0.32,0.33,10.7,0.036,27.0,98.0,0.99521,3.34,0.52,10.2,1.0,1
9.5,0.55,0.66,2.3,0.387,12.0,37.0,0.9982,3.17,0.67,9.6,0.0,0
7.7,0.31,0.26,7.8,0.031,23.0,90.0,0.9944,3.13,0.5,10.4,1.0,0
7.8,0.445,0.56,1.0,0.04,8.0,84.0,0.9938,3.25,0.43,10.8,1.0,0
10.4,0.34,0.58,3.7,0.174,6.0,16.0,0.997,3.19,0.7,11.3,0.0,1
6.9,0.37,0.23,9.5,0.057,54.0,166.0,0.99568,3.23,0.42,10.0,1.0,0
10.0,0.49,0.2,11.0,0.071,13.0,50.0,1.0015,3.16,0.69,9.2,0.0,1
6.2,0.27,0.26,12.1,0.046,43.0,127.0,0.9951,3.16,0.37,10.8,1.0,1
7.5,0.38,0.5,12.8,0.042,57.0,184.0,0.9984,3.09,0.46,9.0,1.0,1
8.7,0.52,0.09,2.5,0.091,20.0,49.0,0.9976,3.34,0.86,10.6,0.0,2
8.1,0.26,0.33,11.1,0.052,52.5,158.0,0.9976,3.03,0.49,10.2,1.0,2
6.7,0.16,0.64,2.1,0.059,24.0,52.0,0.99494,3.34,0.71,11.2,0.0,1
6.3,0.25,0.44,11.6,0.041,48.0,195.0,0.9968,3.18,0.52,9.5,1.0,0
6.4,0.38,0.24,7.2,0.047,41.0,151.0,0.99604,3.11,0.6,9.2,1.0,0
6.2,0.22,0.28,2.2,0.04,24.0,125.0,0.9917,3.19,0.48,10.5,1.0,1
7.4,0.25,0.49,1.1,0.042,35.0,156.0,0.9917,3.13,0.55,11.3,1.0,0
7.4,0.29,0.29,1.6,0.045,53.0,180.0,0.9936,3.34,0.68,10.5,1.0,1
6.6,0.15,0.32,6.0,0.033,59.0,128.0,0.99192,3.19,0.71,12.1,1.0,2
7.9,0.19,0.26,2.1,0.039,8.0,143.0,0.9942,3.05,0.74,9.8,1.0,0
7.7,0.27,0.35,5.3,0.03,30.0,117.0,0.992,3.11,0.42,12.2,1.0,1
7.5,0.25,0.32,8.2,0.024,53.0,209.0,0.99563,3.12,0.46,10.8,1.0,1
6.6,0.13,0.3,4.9,0.058,47.0,131.0,0.9946,3.51,0.45,10.3,1.0,1
7.9,0.24,0.4,1.6,0.056,11.0,25.0,0.9967,3.32,0.87,8.7,0.0,1
5.6,0.62,0.03,1.5,0.08,6.0,13.0,0.99498,3.66,0.62,10.1,0.0,0
7.6,0.3,0.22,10.2,0.049,57.0,191.0,0.9966,3.08,0.4,9.3,1.0,1
6.8,0.14,0.18,1.4,0.047,30.0,90.0,0.99164,3.27,0.54,11.2,1.0,1
6.9,0.43,0.28,9.4,0.056,29.0,183.0,0.99594,3.17,0.43,9.4,1.0,0
8.4,0.18,0.42,5.1,0.036,7.0,77.0,0.9939,3.16,0.52,11.7,1.0,0
9.0,0.2,0.33,3.5,0.049,10.0,40.0,0.9944,3.14,0.36,9.8,1.0,1
7.4,0.21,0.8,12.3,0.038,77.0,183.0,0.99778,2.95,0.48,9.0,1.0,0
6.4,0.24,0.23,2.0,0.046,30.0,133.0,0.9908,3.12,0.54,11.4,1.0,2
5.9,0.27,0.29,11.4,0.036,31.0,115.0,0.9949,3.35,0.48,10.5,1.0,2
6.0,0.17,0.21,6.0,0.05,26.0,134.0,0.9939,3.08,0.54,9.8,1.0,1
7.9,0.11,0.49,4.5,0.048,27.0,133.0,0.9946,3.24,0.42,10.6,1.0,1
6.1,0.16,0.29,6.0,0.03,29.0,144.0,0.99474,3.68,0.46,10.7,1.0,1
6.8,0.3,0.24,6.6,0.123,35.0,116.0,0.9953,3.07,0.48,9.4,1.0,0
8.1,0.78,0.1,3.3,0.09,4.0,13.0,0.99855,3.36,0.49,9.5,0.0,0
6.0,0.64,0.05,1.9,0.066,9.0,17.0,0.99496,3.52,0.78,10.6,0.0,0
6.0,0.11,0.47,10.6,0.052,69.0,148.0,0.9958,2.91,0.34,9.3,1.0,0
7.6,0.19,0.32,18.75,0.047,32.0,193.0,1.00014,3.1,0.5,9.3,1.0,2
7.4,0.49,0.27,2.1,0.071,14.0,25.0,0.99388,3.35,0.63,12.0,0.0,1
9.4,0.23,0.56,16.45,0.063,52.5,282.0,1.00098,3.1,0.51,9.3,1.0,0
7.6,0.27,0.24,3.8,0.058,19.0,115.0,0.9958,3.15,0.45,8.9,1.0,0
7.2,0.27,0.37,5.4,0.026,27.0,114.0,0.99174,3.13,0.84,12.7,1.0,0
8.0,0.24,0.36,1.5,0.047,17.0,129.0,0.9948,3.2,0.54,10.0,1.0,1
7.8,0.25,0.34,13.7,0.044,66.0,184.0,0.99976,3.22,0.75,8.9,1.0,0
6.9,0.2,0.5,10.0,0.036,78.0,167.0,0.9964,3.15,0.55,10.2,1.0,1
6.9,0.44,0.42,8.5,0.048,10.0,147.0,0.9974,3.32,0.46,9.5,1.0,1
8.1,0.82,0.0,4.1,0.095,5.0,14.0,0.99854,3.36,0.53,9.6,0.0,0
7.3,0.695,0.0,2.5,0.075,3.0,13.0,0.998,3.49,0.52,9.2,0.0,0
6.9,0.115,0.35,5.4,0.048,36.0,108.0,0.9939,3.32,0.42,10.2,1.0,1
7.4,0.33,0.26,15.6,0.049,67.0,210.0,0.99907,3.06,0.68,9.5,1.0,0
7.9,0.3,0.68,8.3,0.05,37.5,278.0,0.99316,3.01,0.51,12.3,0.0,2
6.0,0.32,0.3,1.9,0.033,41.0,142.0,0.98912,3.29,0.42,12.8,1.0,2
8.8,0.24,0.23,10.3,0.032,12.0,97.0,0.99571,3.13,0.4,10.7,1.0,1
6.7,0.23,0.25,1.6,0.036,28.0,143.0,0.99256,3.3,0.54,10.3,1.0,1
7.3,0.25,0.36,13.1,0.05,35.0,200.0,0.9986,3.04,0.46,8.9,1.0,2
6.7,0.26,0.51,8.0,0.062,50.0,194.0,0.99545,3.13,0.5,9.6,1.0,0
6.2,0.19,0.29,4.3,0.045,33.0,126.0,0.99658,3.18,0.42,9.3,1.0,1
7.0,0.62,0.18,1.5,0.062,7.0,50.0,0.9951,3.08,0.6,9.3,0.0,0
7.4,0.25,0.28,7.25,0.028,14.0,78.0,0.99238,2.94,0.37,11.5,1.0,2
6.1,0.3,0.56,2.7,0.046,46.0,184.0,0.9924,3.31,0.57,10.9,1.0,1
7.6,0.39,0.32,3.6,0.035,22.0,93.0,0.99144,3.08,0.6,12.5,1.0,2
6.0,0.33,0.32,12.9,0.054,6.0,113.0,0.99572,3.3,0.56,11.5,0.0,0
7.4,0.3,0.22,5.25,0.053,33.0,180.0,0.9926,3.13,0.45,11.6,1.0,1
6.4,0.31,0.28,1.5,0.037,12.0,119.0,0.9919,3.32,0.51,10.4,1.0,2
6.9,0.27,0.49,23.5,0.057,59.0,235.0,1.0024,2.98,0.47,8.6,1.0,0
7.4,0.19,0.49,9.3,0.03,26.0,132.0,0.994,2.99,0.32,11.0,1.0,2
8.9,0.32,0.49,1.6,0.05,17.0,131.0,0.9956,3.13,0.34,9.4,1.0,0
6.2,0.21,0.26,13.1,0.05,59.0,150.0,0.99772,3.31,0.46,9.0,1.0,0
7.8,0.21,0.39,1.8,0.034,62.0,180.0,0.991,3.09,0.75,12.6,1.0,2
6.7,0.41,0.01,2.8,0.048,39.0,137.0,0.9942,3.24,0.35,9.5,1.0,0
6.9,0.21,0.62,6.3,0.042,7.0,109.0,0.99358,2.96,0.59,10.2,1.0,1
6.0,0.27,0.28,4.8,0.063,31.0,201.0,0.9964,3.69,0.71,10.0,1.0,0
7.6,0.36,0.31,1.7,0.079,26.0,65.0,0.99716,3.46,0.62,9.5,0.0,1
5.9,0.21,0.24,12.1,0.044,53.0,165.0,0.9969,3.25,0.39,9.5,1.0,0
8.9,0.4,0.32,5.6,0.087,10.0,47.0,0.9991,3.38,0.77,10.5,0.0,2
6.8,0.31,0.09,1.4,0.04,56.0,145.0,0.9922,3.19,0.46,10.0,1.0,0
6.1,0.16,0.34,6.1,0.034,31.0,114.0,0.99365,3.32,0.58,10.1333333333333,1.0,2
6.8,0.45,0.28,26.05,0.031,27.0,122.0,1.00295,3.06,0.42,10.6,1.0,1
7.2,0.15,0.39,1.8,0.043,21.0,159.0,0.9948,3.52,0.47,10.0,1.0,0
6.4,0.24,0.49,5.8,0.053,25.0,120.0,0.9942,3.01,0.98,10.5,1.0,1
8.0,0.3,0.28,5.7,0.044,31.0,124.0,0.9948,3.16,0.51,10.2,1.0,1
7.4,0.25,0.37,6.9,0.02,14.0,93.0,0.9939,3.0,0.48,10.7,1.0,2
7.0,0.16,0.32,8.3,0.045,38.0,126.0,0.9958,3.21,0.34,9.2,1.0,0
6.0,0.18,0.31,1.4,0.036,14.0,75.0,0.99085,3.34,0.58,11.1,1.0,2
6.4,0.25,0.3,5.5,0.038,15.0,129.0,0.9948,3.14,0.49,9.6,1.0,1
6.2,0.37,0.3,6.6,0.346,79.0,200.0,0.9954,3.29,0.58,9.6,1.0,0
7.2,0.2,0.3,2.0,0.039,43.0,188.0,0.9911,3.3,0.41,12.0,1.0,1
5.7,0.255,0.65,1.2,0.079,17.0,137.0,0.99307,3.2,0.42,9.4,1.0,0
6.1,0.22,0.5,6.6,0.045,30.0,122.0,0.99415,3.22,0.49,9.9,1.0,1
6.7,0.24,0.26,5.4,0.03,15.0,94.0,0.99045,3.15,0.38,12.7,1.0,1
7.6,0.31,0.23,12.7,0.054,20.0,139.0,0.99836,3.16,0.5,9.7,1.0,0
7.4,0.27,0.26,11.8,0.053,55.0,173.0,0.99699,3.11,0.6,9.8,1.0,0
8.8,0.44,0.49,2.8,0.083,18.0,111.0,0.9982,3.3,0.6,9.5,0.0,0
6.8,0.26,0.22,4.8,0.041,110.0,198.0,0.99437,3.29,0.67,10.6,1.0,0
7.3,0.28,0.43,1.7,0.08,21.0,123.0,0.9905,3.19,0.42,12.8,1.0,0
10.0,0.56,0.24,2.2,0.079,19.0,58.0,0.9991,3.18,0.56,10.1,0.0,1
6.9,0.26,0.27,4.2,0.031,20.0,80.0,0.99089,3.12,0.39,11.5,1.0,1
7.1,0.16,0.25,1.3,0.034,28.0,123.0,0.9915,3.27,0.55,11.4,1.0,1
7.5,0.2,0.49,1.3,0.031,8.0,97.0,0.9918,3.06,0.62,11.1,1.0,0
7.0,0.21,0.42,5.3,0.037,36.0,123.0,0.99321,3.14,0.52,10.9,1.0,1
6.7,0.41,0.43,2.8,0.076,22.0,54.0,0.99572,3.42,1.16,10.6,0.0,1
6.5,0.22,0.19,1.1,0.064,36.0,191.0,0.99297,3.05,0.5,9.5,1.0,1
7.3,0.49,0.32,5.2,0.043,18.0,104.0,0.9952,3.24,0.45,10.7,1.0,0
6.6,0.96,0.0,1.8,0.082,5.0,16.0,0.9936,3.5,0.44,11.9,0.0,1
7.2,0.2,0.25,4.5,0.044,31.0,109.0,0.9949,3.23,0.36,9.4,1.0,0
9.3,0.61,0.26,3.4,0.09,25.0,87.0,0.99975,3.24,0.62,9.7,0.0,0
7.3,0.24,0.34,15.4,0.05,38.0,174.0,0.9983,3.03,0.42,9.0,1.0,1
9.9,0.35,0.55,2.1,0.062,5.0,14.0,0.9971,3.26,0.79,10.6,0.0,0
8.0,0.45,0.36,8.8,0.026,50.0,151.0,0.9927,3.07,0.25,12.7,1.0,2
9.1,0.36,0.39,1.8,0.06,21.0,55.0,0.99495,3.18,0.82,11.0,0.0,2
7.9,0.46,0.4,10.1,0.168,19.0,184.0,0.99782,3.06,0.62,9.5,1.0,0
5.9,0.655,0.0,5.6,0.033,8.0,31.0,0.9936,3.32,0.51,10.5,1.0,0
8.1,0.3,0.49,8.1,0.037,26.0,174.0,0.9943,3.1,0.3,11.2,1.0,2
9.8,0.39,0.43,1.65,0.068,5.0,11.0,0.99478,3.19,0.46,11.4,0.0,0
7.4,0.36,0.33,1.4,0.025,27.0,55.0,0.9915,3.21,0.33,11.2,1.0,1
6.8,0.18,0.3,12.8,0.062,19.0,171.0,0.99808,3.0,0.52,9.0,1.0,2
6.9,0.84,0.21,4.1,0.074,16.0,65.0,0.99842,3.53,0.72,9.23333333333333,0.0,1
5.6,0.13,0.27,4.8,0.028,22.0,104.0,0.9948,3.34,0.45,9.2,1.0,1
8.8,0.39,0.35,1.8,0.096,22.0,80.0,0.99016,2.95,0.54,12.6,1.0,1
8.7,0.41,0.41,6.2,0.078,25.0,42.0,0.9953,3.24,0.77,12.6,0.0,2
7.3,0.66,0.0,2.0,0.084,6.0,23.0,0.9983,3.61,0.96,9.9,0.0,1
9.5,0.56,0.33,2.4,0.089,35.0,67.0,0.9972,3.28,0.73,11.8,0.0,2
6.0,0.44,0.26,3.1,0.053,57.0,128.0,0.98982,3.22,0.39,12.7,1.0,1
5.0,1.04,0.24,1.6,0.05,32.0,96.0,0.9934,3.74,0.62,11.5,0.0,0
7.4,0.55,0.22,2.2,0.106,12.0,72.0,0.9959,3.05,0.63,9.2,0.0,0
6.9,0.39,0.4,4.6,0.022,5.0,19.0,0.9915,3.31,0.37,12.6,1.0,0
7.0,0.55,0.13,2.2,0.075,15.0,35.0,0.9959,3.36,0.59,9.7,0.0,1
7.7,0.965,0.1,2.1,0.112,11.0,22.0,0.9963,3.26,0.5,9.5,0.0,0
6.9,0.63,0.02,1.9,0.078,18.0,30.0,0.99712,3.4,0.75,9.8,0.0,0
5.5,0.16,0.31,1.2,0.026,31.0,68.0,0.9898,3.33,0.44,11.6333333333333,1.0,1
7.8,0.6,0.26,2.0,0.08,31.0,131.0,0.99622,3.21,0.52,9.9,0.0,0
7.9,0.16,0.3,4.8,0.037,37.0,171.0,0.9967,3.47,0.44,9.0,1.0,0
6.8,0.66,0.07,1.6,0.07,16.0,61.0,0.99572,3.29,0.6,9.3,0.0,0
7.2,0.21,0.36,15.7,0.045,68.0,183.0,0.99922,3.25,0.76,9.4,1.0,0
7.1,0.29,0.34,7.8,0.036,49.0,128.0,0.99397,3.21,0.4,10.7,1.0,1
6.8,0.18,0.37,1.6,0.055,47.0,154.0,0.9934,3.08,0.45,9.1,1.0,0
6.6,0.58,0.02,2.4,0.069,19.0,40.0,0.99387,3.38,0.66,12.6,0.0,1
5.6,0.25,0.26,3.6,0.037,18.0,115.0,0.9904,3.42,0.5,12.6,1.0,1
7.3,0.3,0.34,2.7,0.044,34.0,108.0,0.99105,3.36,0.53,12.8,1.0,2
6.1,0.41,0.04,1.3,0.036,23.0,121.0,0.99228,3.24,0.61,9.9,1.0,1
7.1,0.33,0.25,1.6,0.03,25.0,126.0,0.9901,3.22,0.34,12.1,1.0,2
6.8,0.19,0.36,1.9,0.035,30.0,96.0,0.9917,3.15,0.54,10.8,1.0,2
7.2,0.26,0.38,1.5,0.061,12.0,120.0,0.99192,3.18,0.46,10.4,1.0,0
8.9,0.61,0.49,2.0,0.27,23.0,110.0,0.9972,3.12,1.02,9.3,0.0,0
7.1,0.21,0.28,2.7,0.034,23.0,111.0,0.99405,3.35,0.64,10.2,1.0,0
10.1,0.27,0.54,2.3,0.065,7.0,26.0,0.99531,3.17,0.53,12.5,0.0,1
7.2,0.29,0.4,13.6,0.045,66.0,231.0,0.9977,3.08,0.59,9.6,1.0,1
7.0,0.27,0.32,6.8,0.047,47.0,193.0,0.9938,3.23,0.39,11.4,1.0,1
7.1,0.43,0.17,1.8,0.082,27.0,51.0,0.99634,3.49,0.64,10.4,0.0,0
10.5,0.43,0.35,3.3,0.092,24.0,70.0,0.99798,3.21,0.69,10.5,0.0,1
7.7,0.28,0.3,2.0,0.062,18.0,34.0,0.9952,3.28,0.9,11.3,0.0,2
6.6,0.58,0.3,5.1,0.057,30.0,123.0,0.9949,3.24,0.38,9.0,1.0,0
5.1,0.35,0.26,6.8,0.034,36.0,120.0,0.99188,3.38,0.4,11.5,1.0,1
7.3,0.18,0.65,1.4,0.046,28.0,157.0,0.9946,3.33,0.62,9.4,1.0,1
6.6,0.34,0.24,3.3,0.034,29.0,99.0,0.99031,3.1,0.4,12.3,1.0,2
7.4,0.29,0.28,10.2,0.032,43.0,138.0,0.9951,3.1,0.47,10.6,1.0,1
9.1,0.22,0.24,2.1,0.078,1.0,28.0,0.999,3.41,0.87,10.3,0.0,1
7.9,0.22,0.45,14.2,0.038,53.0,141.0,0.9992,3.03,0.46,9.2,1.0,1
6.4,0.14,0.28,7.9,0.057,21.0,82.0,0.99425,3.26,0.36,10.0,1.0,1
8.8,0.45,0.43,1.4,0.076,12.0,21.0,0.99551,3.21,0.75,10.2,0.0,1
8.3,0.21,0.41,2.2,0.05,24.0,108.0,0.994,2.85,0.45,9.5,1.0,0
7.7,0.44,0.24,11.2,0.031,41.0,167.0,0.9948,3.12,0.43,11.3,1.0,2
10.6,1.025,0.43,2.8,0.08,21.0,84.0,0.9985,3.06,0.57,10.1,0.0,0
6.8,0.29,0.49,1.4,0.142,52.0,148.0,0.9937,3.08,0.49,9.0,1.0,1
6.0,0.51,0.0,2.1,0.064,40.0,54.0,0.995,3.54,0.93,10.7,0.0,1
6.5,0.43,0.18,13.15,0.032,25.0,131.0,0.99565,3.23,0.51,10.7,1.0,0
7.3,0.25,0.26,7.2,0.048,52.0,207.0,0.99587,3.12,0.37,9.2,1.0,0
4.4,0.32,0.39,4.3,0.03,31.0,127.0,0.98904,3.46,0.36,12.8,1.0,2
7.2,0.27,0.74,12.5,0.037,47.0,156.0,0.9981,3.04,0.44,8.7,1.0,0
6.3,0.34,0.33,4.6,0.034,19.0,80.0,0.9917,3.38,0.58,12.0,1.0,2
6.7,0.25,0.33,2.9,0.057,52.0,173.0,0.9934,3.02,0.48,9.5,1.0,2
6.1,0.56,0.0,2.2,0.079,6.0,9.0,0.9948,3.59,0.54,11.5,0.0,1
4.8,0.33,0.0,6.5,0.028,34.0,163.0,0.9937,3.35,0.61,9.9,1.0,0
5.8,0.28,0.34,2.2,0.037,24.0,125.0,0.98986,3.36,0.33,12.8,1.0,2
6.0,0.25,0.28,7.7,0.053,37.0,132.0,0.99489,3.06,0.5,9.4,1.0,1
8.1,0.19,0.4,0.9,0.037,73.0,180.0,0.9926,3.06,0.34,10.0,1.0,1
6.7,0.26,0.29,7.7,0.038,40.0,179.0,0.99479,3.23,0.56,10.4,1.0,1
6.2,0.36,0.14,8.9,0.036,38.0,155.0,0.99622,3.27,0.5,9.4,1.0,0
6.4,0.885,0.0,2.3,0.166,6.0,12.0,0.99551,3.56,0.51,10.8,0.0,0
7.8,0.24,0.18,6.7,0.046,33.0,160.0,0.9963,3.2,0.56,9.8,1.0,1
6.6,0.34,0.27,6.2,0.059,23.0,136.0,0.9957,3.3,0.49,10.1,1.0,1
6.2,0.24,0.22,7.9,0.053,45.0,149.0,0.99545,3.23,0.52,9.3,1.0,0
7.5,0.4,0.18,1.6,0.079,24.0,58.0,0.9965,3.34,0.58,9.4,0.0,0
9.4,0.24,0.33,2.3,0.061,52.0,73.0,0.99786,3.47,0.9,10.2,0.0,1
8.0,0.26,0.28,8.2,0.038,72.0,202.0,0.99566,3.12,0.56,10.0,1.0,1
6.2,0.22,0.3,12.4,0.054,108.0,152.0,0.99728,3.1,0.47,9.5,1.0,1
5.4,0.45,0.27,6.4,0.033,20.0,102.0,0.98944,3.22,0.27,13.4,1.0,2
8.9,0.62,0.19,3.9,0.17,51.0,148.0,0.9986,3.17,0.93,9.2,0.0,0
7.1,0.46,0.23,13.7,0.045,44.0,192.0,0.9981,3.11,0.53,9.4,1.0,0
8.1,0.29,0.49,7.1,0.042,22.0,124.0,0.9944,3.14,0.41,10.8,1.0,1
7.9,0.58,0.23,2.3,0.076,23.0,94.0,0.99686,3.21,0.58,9.5,0.0,1
7.1,0.35,0.29,2.5,0.096,20.0,53.0,0.9962,3.42,0.65,11.0,0.0,1
7.2,0.39,0.62,11.0,0.047,66.0,178.0,0.9976,3.16,0.5,8.7,1.0,0
6.3,0.18,0.36,1.2,0.034,26.0,111.0,0.99074,3.16,0.51,11.0,1.0,1
6.4,0.28,0.29,1.6,0.052,34.0,127.0,0.9929,3.48,0.56,10.5,1.0,2
6.0,0.16,0.3,6.7,0.043,43.0,153.0,0.9951,3.63,0.46,10.6,1.0,0
6.8,0.27,0.32,1.5,0.044,19.0,142.0,0.9921,3.1,0.43,9.9,1.0,1
11.6,0.47,0.44,1.6,0.147,36.0,51.0,0.99836,3.38,0.86,9.9,0.0,0
6.9,0.32,0.27,16.0,0.034,58.0,185.0,0.99938,3.34,0.6,9.0,1.0,1
7.3,0.21,0.49,1.8,0.038,44.0,152.0,0.9912,3.32,0.44,12.6,1.0,2
8.5,0.47,0.27,1.9,0.058,18.0,38.0,0.99518,3.16,0.85,11.1,0.0,1
6.7,0.23,0.17,1.3,0.061,14.0,100.0,0.9925,3.07,0.55,9.5,1.0,0
8.8,0.27,0.46,2.1,0.095,20.0,29.0,0.99488,3.26,0.56,11.3,0.0,1
6.0,0.38,0.26,3.5,0.035,38.0,111.0,0.98872,3.18,0.47,13.6,1.0,2
7.7,0.39,0.28,4.9,0.035,36.0,109.0,0.9918,3.19,0.58,12.2,1.0,2
7.3,0.52,0.32,2.1,0.07,51.0,70.0,0.99418,3.34,0.82,12.9,0.0,1
5.9,0.12,0.28,1.4,0.037,36.0,83.0,0.99074,3.33,0.42,10.9,1.0,2
6.2,0.43,0.22,1.8,0.078,21.0,56.0,0.99633,3.52,0.6,9.5,0.0,1
6.9,0.19,0.35,13.5,0.038,49.0,118.0,0.99546,3.0,0.63,10.7,1.0,1
7.6,0.28,0.17,1.6,0.046,28.0,117.0,0.99288,3.08,0.43,10.0,1.0,0
6.1,0.23,0.27,9.8,0.055,74.0,134.0,0.99534,3.16,0.4,10.2,1.0,1
6.0,0.2,0.71,1.6,0.15,10.0,54.0,0.9927,3.12,0.47,9.8,1.0,0
7.6,0.19,0.38,10.6,0.06,48.0,174.0,0.9962,3.13,0.38,10.5,1.0,1
6.3,0.21,0.29,11.7,0.048,49.0,147.0,0.99482,3.22,0.38,10.8,1.0,0
6.8,0.3,0.35,2.8,0.038,10.0,164.0,0.9912,3.09,0.53,12.0,1.0,1
5.3,0.16,0.39,1.0,0.028,40.0,101.0,0.99156,3.57,0.59,10.6,1.0,1
8.8,0.27,0.25,5.0,0.024,52.0,99.0,0.9925,2.87,0.49,11.4,1.0,0
9.1,0.25,0.34,2.0,0.071,45.0,67.0,0.99769,3.44,0.86,10.2,0.0,2
6.2,0.3,0.21,1.1,0.032,31.0,111.0,0.9889,2.97,0.42,12.2,1.0,1
8.2,0.44,0.24,2.3,0.063,10.0,28.0,0.99613,3.25,0.53,10.2,0.0,1
7.4,0.31,0.28,1.6,0.05,33.0,137.0,0.9929,3.31,0.56,10.5,1.0,1
7.2,0.115,0.3,6.8,0.056,26.0,105.0,0.9954,3.44,0.4,9.6,1.0,1
6.6,0.36,0.47,1.4,0.145,26.0,124.0,0.99274,3.09,0.56,10.1,1.0,1
5.9,0.29,0.25,13.4,0.067,72.0,160.0,0.99721,3.33,0.54,10.3,0.0,1
10.8,0.4,0.41,2.2,0.084,7.0,17.0,0.9984,3.08,0.67,9.3,0.0,1
11.1,0.31,0.49,2.7,0.094,16.0,47.0,0.9986,3.12,1.02,10.6,0.0,2
7.5,0.3,0.71,1.3,0.16,44.0,149.0,0.9948,3.08,0.42,8.9,1.0,0
6.8,0.24,0.33,3.2,0.049,68.0,161.0,0.99324,3.1,0.69,10.2,1.0,1
7.3,0.23,0.41,14.6,0.048,73.0,223.0,0.99863,3.16,0.71,9.4,1.0,1
5.5,0.15,0.32,14.0,0.031,16.0,99.0,0.99437,3.26,0.38,11.5,1.0,2
9.2,0.23,0.35,10.7,0.037,34.0,145.0,0.9981,3.09,0.32,9.7,1.0,0
8.0,0.36,0.39,1.6,0.024,26.0,93.0,0.99116,3.15,0.49,11.9,1.0,1
6.9,0.31,0.32,1.2,0.024,20.0,166.0,0.99208,3.05,0.54,9.8,1.0,1
7.7,0.32,0.62,10.6,0.036,56.0,153.0,0.9978,3.13,0.44,8.9,1.0,1
7.8,0.58,0.02,2.0,0.073,9.0,18.0,0.9968,3.36,0.57,9.5,0.0,2
6.8,0.15,0.41,12.9,0.044,79.5,183.0,0.99742,3.24,0.78,10.2,1.0,1
7.6,0.2,0.39,2.6,0.044,30.0,180.0,0.9941,3.46,0.44,10.8,1.0,2
7.9,0.65,0.01,2.5,0.078,17.0,38.0,0.9963,3.34,0.74,11.7,0.0,2
7.6,0.21,0.44,1.9,0.036,10.0,119.0,0.9913,3.01,0.7,12.8,1.0,1
8.0,0.52,0.25,2.0,0.078,19.0,59.0,0.99612,3.3,0.48,10.2,0.0,0
5.9,0.415,0.13,1.4,0.04,11.0,64.0,0.9922,3.29,0.52,10.5,1.0,0
9.0,0.53,0.49,1.9,0.171,6.0,25.0,0.9975,3.27,0.61,9.4,0.0,1
6.6,0.295,0.24,1.6,0.039,29.0,140.0,0.99304,3.35,0.61,10.4,1.0,2
6.5,0.615,0.0,1.9,0.065,9.0,18.0,0.9972,3.46,0.65,9.2,0.0,0
7.3,0.25,0.36,2.1,0.034,30.0,177.0,0.99085,3.25,0.4,11.9,1.0,2
7.6,0.31,0.27,8.8,0.021,57.0,156.0,0.99442,3.08,0.38,11.0,1.0,2
7.4,0.16,0.3,13.7,0.056,33.0,168.0,0.99825,2.9,0.44,8.7,1.0,2
6.9,0.25,0.27,9.05,0.039,37.0,128.0,0.9936,3.27,0.34,11.3,1.0,2
9.2,0.92,0.24,2.6,0.087,12.0,93.0,0.9998,3.48,0.54,9.8,0.0,0
7.2,0.15,0.33,1.1,0.027,16.0,63.0,0.9937,3.37,0.4,9.9,1.0,0
7.3,0.34,0.22,1.4,0.044,43.0,176.0,0.99286,3.14,0.46,9.9,1.0,0
7.6,0.21,0.49,2.5,0.047,20.0,130.0,0.99178,3.15,0.48,11.1,1.0,0
6.4,0.32,0.27,4.9,0.034,18.0,122.0,0.9916,3.36,0.71,12.5,1.0,1
7.4,0.29,0.25,3.8,0.044,30.0,114.0,0.992,3.11,0.4,11.0,1.0,1
6.4,0.67,0.08,2.1,0.045,19.0,48.0,0.9949,3.49,0.49,11.4,0.0,1
15.9,0.36,0.65,7.5,0.096,22.0,71.0,0.9976,2.98,0.84,14.9,0.0,0
6.9,0.605,0.12,10.7,0.073,40.0,83.0,0.9993,3.45,0.52,9.4,0.0,1
7.1,0.42,0.2,2.8,0.038,28.0,109.0,0.98968,3.23,0.47,13.4,1.0,1
5.7,0.37,0.3,1.1,0.029,24.0,88.0,0.98883,3.18,0.39,11.7,1.0,1
6.8,0.67,0.02,1.8,0.05,5.0,11.0,0.9962,3.48,0.52,9.5,0.0,0
7.9,0.19,0.45,1.5,0.045,17.0,96.0,0.9917,3.13,0.39,11.0,1.0,1
6.8,0.28,0.44,9.3,0.031,35.0,137.0,0.9946,3.16,0.36,10.4,1.0,1
6.1,0.36,0.26,8.15,0.035,14.0,88.0,0.99031,3.06,0.27,13.0,1.0,2
8.5,0.47,0.27,1.9,0.058,18.0,38.0,0.99518,3.16,0.85,11.1,0.0,1
7.5,0.38,0.57,2.3,0.106,5.0,12.0,0.99605,3.36,0.55,11.4,0.0,1
7.5,0.305,0.38,1.4,0.047,30.0,95.0,0.99158,3.22,0.52,11.5,1.0,2
7.0,0.21,0.34,8.5,0.033,31.0,253.0,0.9953,3.22,0.56,10.5,1.0,1
5.8,0.26,0.29,1.0,0.042,35.0,101.0,0.99044,3.36,0.48,11.4,1.0,2
6.5,0.28,0.29,2.7,0.038,26.0,107.0,0.9912,3.32,0.41,11.6,1.0,2
7.6,0.31,0.24,1.8,0.037,39.0,150.0,0.9913,3.05,0.44,11.8,1.0,2
7.6,0.51,0.24,1.2,0.04,10.0,104.0,0.992,3.05,0.29,10.8,1.0,1
6.6,0.32,0.22,16.7,0.046,38.0,133.0,0.9979,3.22,0.67,10.4,1.0,1
8.6,0.52,0.38,1.5,0.096,5.0,18.0,0.99666,3.2,0.52,9.4,0.0,0
6.2,0.51,0.14,1.9,0.056,15.0,34.0,0.99396,3.48,0.57,11.5,0.0,1
6.2,0.2,0.26,1.1,0.047,42.0,119.0,0.99158,3.48,0.6,11.0,1.0,2
8.3,0.3,0.36,10.0,0.042,33.0,169.0,0.9982,3.23,0.51,9.3,1.0,1
6.9,0.29,0.16,6.8,0.034,65.0,212.0,0.9955,3.08,0.39,9.0,1.0,1
6.5,0.44,0.49,7.7,0.045,16.0,169.0,0.9957,3.11,0.37,8.7,1.0,1
6.3,0.27,0.49,1.2,0.063,35.0,92.0,0.9911,3.38,0.42,12.2,1.0,1
7.0,0.735,0.05,2.0,0.081,13.0,54.0,0.9966,3.39,0.57,9.8,0.0,0
6.5,0.29,0.26,7.0,0.04,18.0,113.0,0.99366,3.17,0.38,10.2,1.0,1
6.9,0.13,0.28,13.3,0.05,47.0,132.0,0.99655,3.34,0.42,10.1,1.0,1
9.0,0.82,0.14,2.6,0.089,9.0,23.0,0.9984,3.39,0.63,9.8,0.0,0
6.3,0.23,0.3,1.8,0.033,16.0,91.0,0.9906,3.28,0.4,11.8,1.0,1
8.6,0.34,0.36,1.4,0.045,11.0,119.0,0.99556,3.17,0.47,9.4,1.0,0
6.7,0.56,0.09,2.9,0.079,7.0,22.0,0.99669,3.46,0.61,10.2,0.0,0
6.6,0.21,0.29,5.35,0.029,43.0,106.0,0.99112,2.93,0.43,11.5,1.0,2
6.8,0.29,0.34,3.5,0.054,26.0,189.0,0.99489,3.42,0.58,10.4,1.0,0
7.2,0.24,0.4,17.85,0.049,50.0,185.0,1.0,3.34,0.42,9.6,1.0,0
6.7,0.24,0.41,8.7,0.036,29.0,148.0,0.9952,3.22,0.62,9.9,1.0,1
6.9,0.35,0.39,2.4,0.048,25.0,157.0,0.99133,3.2,0.54,11.1,1.0,2
5.2,0.24,0.15,7.1,0.043,32.0,134.0,0.99378,3.24,0.48,9.9,1.0,1
6.9,0.36,0.28,13.55,0.048,51.0,189.0,0.99782,3.0,0.6,9.5,1.0,2
6.5,0.24,0.32,7.6,0.038,48.0,203.0,0.9958,3.45,0.54,9.7,1.0,2
7.0,0.24,0.18,1.3,0.046,9.0,62.0,0.994,3.38,0.47,10.1,1.0,0
6.4,0.31,0.26,13.2,0.046,57.0,205.0,0.9975,3.17,0.41,9.6,1.0,0
6.6,0.29,0.73,2.2,0.027,21.0,92.0,0.99,3.12,0.48,12.4,1.0,1
6.6,0.41,0.16,1.4,0.037,28.0,160.0,0.99167,2.95,0.45,10.6,1.0,1
6.1,0.27,0.33,2.2,0.021,26.0,117.0,0.9886,3.12,0.3,12.5,1.0,1
6.8,0.22,0.32,5.9,0.054,40.0,152.0,0.9938,3.2,0.57,10.8,1.0,1
7.8,0.22,0.26,9.0,0.047,38.0,132.0,0.997,3.25,0.53,10.2,1.0,1
6.9,0.33,0.26,5.0,0.027,46.0,143.0,0.9924,3.25,0.43,11.2,1.0,2
7.3,0.22,0.4,14.75,0.042,44.5,129.5,0.9998,3.36,0.41,9.1,1.0,2
6.4,0.42,0.46,8.4,0.05,58.0,180.0,0.99495,3.18,0.46,9.7,1.0,1
7.7,0.34,0.28,11.0,0.04,31.0,117.0,0.99815,3.27,0.29,9.2,1.0,1
7.3,0.2,0.29,19.5,0.039,69.0,237.0,1.00037,3.1,0.48,9.2,1.0,1
8.6,0.23,0.46,1.0,0.054,9.0,72.0,0.9941,2.95,0.49,9.1,1.0,1
6.7,0.33,0.34,7.5,0.036,39.0,124.0,0.99123,2.99,0.32,12.4,1.0,2
8.0,0.19,0.3,2.0,0.053,48.0,140.0,0.994,3.18,0.49,9.6,1.0,1
7.1,0.2,0.41,2.1,0.054,24.0,166.0,0.9948,3.48,0.62,10.5,1.0,1
9.5,0.59,0.44,2.3,0.071,21.0,68.0,0.9992,3.46,0.63,9.5,0.0,0
6.1,0.125,0.25,3.3,0.04,10.0,69.0,0.9934,3.54,0.59,10.1,1.0,1
5.5,0.62,0.33,1.7,0.037,24.0,118.0,0.98758,3.15,0.39,13.55,1.0,1
7.1,0.63,0.06,2.0,0.083,8.0,29.0,0.99855,3.67,0.73,9.6,0.0,0
7.4,0.67,0.12,1.6,0.186,5.0,21.0,0.996,3.39,0.54,9.5,0.0,0
7.1,0.26,0.49,2.2,0.032,31.0,113.0,0.9903,3.37,0.42,12.9,1.0,2
6.4,0.41,0.01,6.1,0.048,20.0,70.0,0.99362,3.19,0.42,10.0,1.0,0
7.6,0.48,0.31,9.4,0.046,6.0,194.0,0.99714,3.07,0.61,9.4,1.0,0
6.1,0.27,0.32,1.1,0.034,24.0,110.0,0.9898,3.36,0.4,12.5,1.0,1
7.1,0.2,0.37,1.5,0.049,28.0,129.0,0.99226,3.15,0.52,10.8,1.0,0
9.7,0.55,0.17,2.9,0.087,20.0,53.0,1.0004,3.14,0.61,9.4,0.0,0
6.8,0.21,0.55,14.6,0.053,34.0,159.0,0.99805,2.93,0.44,9.2,1.0,0
6.8,0.25,0.18,1.4,0.056,13.0,137.0,0.9935,3.11,0.42,9.5,1.0,0
6.9,0.14,0.29,9.9,0.056,30.0,91.0,0.99512,3.19,0.33,9.9,1.0,1
8.9,0.635,0.37,1.7,0.263,5.0,62.0,0.9971,3.0,1.09,9.3,0.0,0
6.5,0.46,0.14,2.4,0.114,9.0,37.0,0.99732,3.66,0.65,9.8,0.0,0
8.0,0.18,0.37,0.9,0.049,36.0,109.0,0.99007,2.89,0.44,12.7,0.0,1
6.9,0.22,0.31,6.3,0.029,41.0,131.0,0.99326,3.08,0.49,10.8,1.0,1
8.4,0.59,0.29,2.6,0.109,31.0,119.0,0.99801,3.15,0.5,9.1,0.0,0
8.6,0.36,0.26,11.1,0.03,43.5,171.0,0.9948,3.03,0.49,12.0,1.0,0
6.8,0.46,0.26,6.3,0.147,49.0,159.0,0.99434,3.14,0.47,10.0,1.0,0
7.2,0.23,0.82,1.3,0.149,70.0,109.0,0.99304,2.93,0.42,9.2,1.0,1
6.6,0.695,0.0,2.1,0.075,12.0,56.0,0.9968,3.49,0.67,9.2,0.0,0
7.2,0.66,0.03,2.3,0.078,16.0,86.0,0.99743,3.53,0.57,9.7,0.0,0
5.7,0.32,0.18,1.4,0.029,26.0,104.0,0.9906,3.44,0.37,11.0,1.0,1
5.8,0.13,0.22,12.7,0.058,24.0,183.0,0.9956,3.32,0.42,11.7,1.0,1
6.6,0.25,0.35,14.0,0.069,42.0,163.0,0.999,3.56,0.47,9.8,1.0,0
7.8,0.43,0.49,13.0,0.033,37.0,158.0,0.9955,3.14,0.35,11.3,1.0,1
6.3,0.37,0.51,6.3,0.048,35.0,146.0,0.9943,3.1,1.01,10.5,1.0,1
5.9,0.22,0.45,22.6,0.12,55.0,122.0,0.99636,3.1,0.35,12.8,1.0,0
11.8,0.23,0.38,11.1,0.034,15.0,123.0,0.9997,2.93,0.55,9.7,1.0,0
6.3,0.21,0.28,1.5,0.051,46.0,142.0,0.9928,3.23,0.42,10.1,1.0,1
5.8,0.31,0.32,4.5,0.024,28.0,94.0,0.98906,3.25,0.52,13.7,1.0,2
6.9,0.31,0.34,7.4,0.059,36.0,174.0,0.9963,3.46,0.62,11.1,1.0,2
8.2,0.37,0.36,1.0,0.034,17.0,93.0,0.9906,3.04,0.32,11.7,1.0,2
8.1,0.4,0.32,7.9,0.031,23.0,118.0,0.99176,3.05,0.46,13.3,1.0,2
9.6,0.21,0.28,1.2,0.038,12.0,53.0,0.9926,2.8,0.46,10.6,1.0,0
5.8,0.28,0.35,2.3,0.053,36.0,114.0,0.9924,3.28,0.5,10.2,1.0,0
7.8,0.28,0.34,1.6,0.028,32.0,118.0,0.9901,3.0,0.38,12.1,1.0,2
7.5,0.63,0.27,2.0,0.083,17.0,91.0,0.99616,3.26,0.58,9.8,0.0,1
7.6,0.16,0.41,1.9,0.047,27.0,151.0,0.9937,3.2,0.53,10.1,1.0,1
6.1,0.28,0.3,7.75,0.031,33.0,139.0,0.99296,3.22,0.46,11.0,1.0,1
5.8,0.6,0.0,1.3,0.044,72.0,197.0,0.99202,3.56,0.43,10.9,1.0,0
6.2,0.3,0.17,2.8,0.04,24.0,125.0,0.9939,3.01,0.46,9.0,1.0,0
6.2,0.15,0.49,0.9,0.033,17.0,51.0,0.9932,3.3,0.7,9.4,1.0,1
7.0,0.54,0.09,2.0,0.081,10.0,16.0,0.99479,3.43,0.59,11.5,0.0,1
7.8,0.5,0.17,1.6,0.082,21.0,102.0,0.996,3.39,0.48,9.5,0.0,0
8.3,0.14,0.36,8.8,0.026,13.0,60.0,0.9956,3.13,0.35,11.05,1.0,0
7.9,0.25,0.34,11.4,0.04,53.0,202.0,0.99708,3.11,0.57,9.6,1.0,1
7.6,0.32,0.35,1.6,0.092,24.0,138.0,0.99438,3.19,0.44,9.8,1.0,0
6.9,0.24,0.37,6.1,0.027,38.0,112.0,0.99086,3.19,0.34,12.4,1.0,1
6.1,0.29,0.27,1.7,0.024,13.0,76.0,0.9893,3.21,0.51,12.6,1.0,2
8.5,0.585,0.18,2.1,0.078,5.0,30.0,0.9967,3.2,0.48,9.8,0.0,1
8.8,0.41,0.64,2.2,0.093,9.0,42.0,0.9986,3.54,0.66,10.5,0.0,0
8.0,0.27,0.33,1.2,0.05,41.0,103.0,0.99002,3.0,0.45,12.4,1.0,1
8.7,0.23,0.32,13.4,0.044,35.0,169.0,0.99975,3.12,0.47,8.8,1.0,2
8.1,0.26,0.37,1.9,0.072,48.0,159.0,0.9949,3.37,0.7,10.9,1.0,1
7.8,0.2,0.24,1.6,0.026,26.0,189.0,0.991,3.08,0.74,12.1,1.0,2
5.8,0.555,0.26,4.5,0.053,17.0,126.0,0.9943,3.24,0.46,9.1,1.0,0
8.2,0.4,0.44,2.8,0.089,11.0,43.0,0.9975,3.53,0.61,10.5,0.0,1
10.4,0.33,0.63,2.8,0.084,5.0,22.0,0.9998,3.26,0.74,11.2,0.0,2
6.0,0.23,0.34,1.3,0.025,23.0,111.0,0.98961,3.36,0.37,12.7,1.0,1
9.5,0.21,0.47,1.3,0.039,21.0,123.0,0.9959,2.9,0.64,9.5,1.0,0
6.8,0.26,0.26,2.0,0.019,23.5,72.0,0.99041,3.16,0.47,11.8,1.0,1
7.4,0.53,0.12,1.9,0.165,4.0,12.0,0.99702,3.26,0.86,9.2,0.0,0
9.2,0.46,0.23,2.6,0.091,18.0,77.0,0.99922,3.15,0.51,9.4,0.0,0
8.9,0.32,0.49,1.6,0.05,17.0,131.0,0.9956,3.13,0.34,9.4,1.0,0
5.6,0.66,0.0,2.5,0.066,7.0,15.0,0.99256,3.52,0.58,12.9,0.0,0
7.3,0.49,0.1,2.6,0.068,4.0,14.0,0.99562,3.3,0.47,10.5,0.0,0
8.8,0.685,0.26,1.6,0.088,16.0,23.0,0.99694,3.32,0.47,9.4,0.0,0
7.8,0.2,0.2,1.4,0.036,25.0,83.0,0.99088,3.03,0.46,11.7,1.0,1
7.6,0.36,0.49,11.3,0.046,87.0,221.0,0.9984,3.01,0.43,9.2,1.0,0
5.8,0.27,0.2,7.3,0.04,42.0,145.0,0.99442,3.15,0.48,9.8,1.0,0
8.5,0.22,0.34,0.7,0.04,5.0,25.0,0.9918,3.04,0.37,10.5,1.0,0
7.2,0.39,0.54,1.4,0.157,34.0,132.0,0.99449,3.11,0.53,9.0,1.0,1
6.3,0.27,0.25,5.8,0.038,52.0,155.0,0.995,3.28,0.38,9.4,1.0,1
7.4,0.2,1.66,2.1,0.022,34.0,113.0,0.99165,3.26,0.55,12.2,1.0,1
6.4,0.475,0.06,1.0,0.03,9.0,131.0,0.9904,2.97,0.29,10.8,1.0,0
5.2,0.17,0.27,0.7,0.03,11.0,68.0,0.99218,3.3,0.41,9.8,1.0,0
6.3,0.22,0.28,2.4,0.042,38.0,102.0,0.98998,3.14,0.37,11.6,1.0,2
6.4,0.795,0.0,2.2,0.065,28.0,52.0,0.99378,3.49,0.52,11.6,0.0,0
5.8,0.36,0.26,3.3,0.038,40.0,153.0,0.9911,3.34,0.55,11.3,1.0,1
7.1,0.27,0.27,10.4,0.041,26.0,114.0,0.99335,3.04,0.52,11.5,1.0,2
9.1,0.785,0.0,2.6,0.093,11.0,28.0,0.9994,3.36,0.86,9.4,0.0,1
7.9,0.18,0.37,1.2,0.04,16.0,75.0,0.992,3.18,0.63,10.8,1.0,0
7.9,0.27,0.27,1.7,0.034,25.0,122.0,0.99088,2.97,0.51,11.9,1.0,1
8.0,0.42,0.17,2.0,0.073,6.0,18.0,0.9972,3.29,0.61,9.2,0.0,1
6.2,0.39,0.24,4.8,0.037,45.0,138.0,0.99174,3.23,0.43,11.2,1.0,2
6.8,0.18,0.3,12.8,0.062,19.0,171.0,0.99808,3.0,0.52,9.0,1.0,2
7.7,0.96,0.2,2.0,0.047,15.0,60.0,0.9955,3.36,0.44,10.9,0.0,0
6.4,0.47,0.4,2.4,0.071,8.0,19.0,0.9963,3.56,0.73,10.6,0.0,1
7.6,0.715,0.0,2.1,0.068,30.0,35.0,0.99533,3.48,0.65,11.4,0.0,1
7.4,0.18,0.36,13.1,0.056,72.0,163.0,1.0,3.42,0.35,9.1,1.0,1
6.3,0.23,0.22,17.45,0.054,42.0,151.0,0.99853,3.12,0.6,9.3,1.0,1
7.9,0.17,0.32,1.6,0.053,47.0,150.0,0.9948,3.29,0.76,9.6,1.0,1
7.7,0.275,0.3,1.0,0.039,19.0,75.0,0.992,3.01,0.56,10.7,1.0,0
7.5,0.51,0.02,1.7,0.084,13.0,31.0,0.99538,3.36,0.54,10.5,0.0,1
8.1,0.545,0.18,1.9,0.08,13.0,35.0,0.9972,3.3,0.59,9.0,0.0,1
6.7,0.31,0.31,4.9,0.031,20.0,151.0,0.9926,3.36,0.82,12.0,1.0,2
7.3,0.17,0.24,8.1,0.121,32.0,162.0,0.99508,3.17,0.38,10.4,1.0,2
6.6,0.36,0.28,6.1,0.029,12.0,93.0,0.99054,3.19,0.27,12.8,1.0,2
7.5,0.19,0.49,1.8,0.055,19.0,110.0,0.9946,3.33,0.44,9.9,1.0,0
6.2,0.24,0.28,12.2,0.049,54.0,133.0,0.9952,3.19,0.37,10.7,1.0,1
7.2,0.26,0.74,13.6,0.05,56.0,162.0,0.998,3.03,0.44,8.8,1.0,0
6.6,0.32,0.47,15.6,0.063,27.0,173.0,0.99872,3.18,0.56,9.0,1.0,0
5.5,0.12,0.33,1.0,0.038,23.0,131.0,0.99164,3.25,0.45,9.8,1.0,0
8.4,0.745,0.11,1.9,0.09,16.0,63.0,0.9965,3.19,0.82,9.6,0.0,0
8.1,0.3,0.31,1.1,0.041,49.0,123.0,0.9914,2.99,0.45,11.1,1.0,1
6.8,0.24,0.29,9.5,0.042,56.0,157.0,0.99586,3.11,0.51,10.1,1.0,1
7.8,0.25,0.28,7.2,0.04,46.0,179.0,0.99541,3.14,0.6,10.1,1.0,1
5.6,0.34,0.1,1.3,0.031,20.0,68.0,0.9906,3.36,0.51,11.2,1.0,2
6.0,0.33,0.2,1.8,0.031,49.0,159.0,0.9919,3.41,0.53,11.0,1.0,1
7.9,0.66,0.0,1.4,0.096,6.0,13.0,0.99569,3.43,0.58,9.5,0.0,0
8.5,0.32,0.36,14.9,0.041,47.0,190.0,0.9982,3.08,0.31,10.0,1.0,1
8.2,0.28,0.4,2.4,0.052,4.0,10.0,0.99356,3.33,0.7,12.8,0.0,2
6.2,0.3,0.31,1.2,0.048,19.0,125.0,0.98999,3.32,0.54,12.6,1.0,1
7.2,0.6,0.04,2.5,0.076,18.0,88.0,0.99745,3.53,0.55,9.5,0.0,0
5.5,0.31,0.29,3.0,0.027,16.0,102.0,0.99067,3.23,0.56,11.2,1.0,1
7.0,0.27,0.36,20.7,0.045,45.0,170.0,1.001,3.0,0.45,8.8,1.0,1
7.4,0.16,0.32,1.4,0.065,23.0,140.0,0.99134,3.06,0.47,11.4,1.0,1
7.3,0.3,0.42,7.35,0.025,51.0,175.0,0.9928,3.04,0.32,11.4,1.0,1
9.4,0.5,0.34,3.6,0.082,5.0,14.0,0.9987,3.29,0.52,10.7,0.0,1
6.1,0.21,0.4,1.4,0.066,40.5,165.0,0.9912,3.25,0.59,11.9,0.0,1
6.0,0.37,0.32,1.0,0.053,31.0,218.5,0.9924,3.29,0.72,9.8,1.0,1
8.0,0.62,0.33,2.7,0.088,16.0,37.0,0.9972,3.31,0.58,10.7,0.0,1
6.8,0.26,0.29,16.95,0.056,48.0,179.0,0.9998,3.45,0.4,9.6,1.0,0
5.2,0.34,0.0,1.8,0.05,27.0,63.0,0.9916,3.68,0.79,14.0,0.0,1
8.3,0.26,0.42,2.0,0.08,11.0,27.0,0.9974,3.21,0.8,9.4,0.0,1
6.4,0.14,0.28,7.9,0.057,21.0,82.0,0.99425,3.26,0.36,10.0,1.0,1
7.5,0.26,0.59,11.8,0.046,58.0,164.0,0.99814,3.17,0.46,8.9,1.0,0
8.8,0.55,0.04,2.2,0.119,14.0,56.0,0.9962,3.21,0.6,10.9,0.0,1
6.7,0.64,0.23,2.1,0.08,11.0,119.0,0.99538,3.36,0.7,10.9,0.0,0
11.9,0.38,0.51,2.0,0.121,7.0,20.0,0.9996,3.24,0.76,10.4,0.0,1
6.5,0.27,0.19,6.6,0.045,98.0,175.0,0.99364,3.16,0.34,10.1,1.0,1
7.1,0.36,0.28,2.4,0.036,35.0,115.0,0.98936,3.19,0.44,13.5,1.0,2
6.9,0.48,0.36,3.5,0.03,31.0,135.0,0.9904,3.14,0.38,12.2,1.0,2
8.5,0.15,0.49,1.5,0.031,17.0,122.0,0.9932,3.03,0.4,10.3,1.0,1
6.6,0.24,0.22,12.3,0.051,35.0,146.0,0.99676,3.1,0.67,9.4,1.0,0
15.5,0.645,0.49,4.2,0.095,10.0,23.0,1.00315,2.92,0.74,11.1,0.0,0
7.4,0.22,0.28,9.0,0.046,22.0,121.0,0.99468,3.1,0.55,10.8,1.0,0
6.8,0.25,0.34,4.7,0.031,34.0,134.0,0.9927,3.21,0.38,10.6,1.0,1
7.3,0.26,0.49,5.0,0.028,32.0,107.0,0.9936,3.24,0.54,10.8,1.0,1
6.0,0.59,0.0,0.8,0.037,30.0,95.0,0.99032,3.1,0.4,10.9,1.0,0
6.4,0.13,0.28,0.9,0.045,32.0,87.0,0.99175,3.47,0.52,11.2,1.0,1
6.8,0.35,0.53,10.1,0.053,37.0,151.0,0.9963,3.07,0.4,9.4,1.0,0
6.4,0.42,0.19,9.3,0.043,28.0,145.0,0.99433,3.23,0.53,10.98,1.0,0
6.5,0.18,0.41,14.2,0.039,47.0,129.0,0.99678,3.28,0.72,10.3,1.0,2
6.6,0.24,0.27,10.3,0.047,54.0,219.0,0.99742,3.04,0.45,8.8,1.0,0
6.8,0.19,0.32,7.6,0.049,37.0,107.0,0.99332,3.12,0.44,10.7,1.0,2
6.8,0.23,0.33,1.9,0.047,20.0,101.0,0.9914,3.1,0.46,11.1,1.0,1
7.7,0.38,0.23,10.8,0.03,28.0,95.0,0.99164,2.93,0.41,13.6,1.0,1
7.8,0.26,0.44,1.3,0.037,43.0,132.0,0.9944,3.18,0.65,10.0,1.0,0
7.2,0.24,0.19,7.7,0.045,53.0,176.0,0.9958,3.17,0.38,9.5,1.0,0
7.0,0.27,0.41,18.75,0.042,34.0,157.0,1.0002,2.96,0.5,9.1,1.0,0
8.1,0.31,0.36,8.2,0.028,29.0,142.0,0.9925,3.01,0.34,13.0,1.0,2
6.6,0.52,0.44,12.2,0.048,54.0,245.0,0.9975,3.26,0.54,9.3,1.0,1
7.7,0.28,0.33,6.7,0.037,32.0,155.0,0.9951,3.39,0.62,10.7,1.0,2
8.9,0.34,0.32,1.3,0.041,12.0,188.0,0.9953,3.17,0.49,9.5,1.0,0
6.5,0.43,0.31,3.6,0.046,19.0,143.0,0.99022,3.15,0.34,12.0,1.0,2
8.8,0.52,0.34,2.7,0.087,24.0,122.0,0.9982,3.26,0.61,9.5,0.0,0
8.9,0.27,0.34,10.7,0.029,19.5,166.0,0.99669,3.13,0.48,10.6,1.0,0
8.6,0.47,0.47,2.4,0.074,7.0,29.0,0.9979,3.08,0.46,9.5,0.0,0
8.3,0.26,0.37,1.4,0.076,8.0,23.0,0.9974,3.26,0.7,9.6,0.0,1
6.9,0.29,0.4,19.45,0.043,36.0,156.0,0.9996,2.93,0.47,8.9,1.0,0
9.0,0.55,0.3,8.1,0.026,14.0,71.0,0.993,2.94,0.36,11.8,1.0,0
6.7,0.23,0.33,1.8,0.036,23.0,96.0,0.9925,3.32,0.4,10.8,1.0,1
6.4,0.2,0.32,3.1,0.041,18.0,126.0,0.9914,3.43,0.42,12.0,1.0,1
10.2,0.29,0.49,2.6,0.059,5.0,13.0,0.9976,3.05,0.74,10.5,0.0,2
6.6,0.3,0.3,4.8,0.17,60.0,166.0,0.9946,3.18,0.47,9.4,1.0,0
5.2,0.335,0.2,1.7,0.033,17.0,74.0,0.99002,3.34,0.48,12.3,1.0,1
7.3,0.2,0.29,19.9,0.039,69.0,237.0,1.00037,3.1,0.48,9.2,1.0,1
6.5,0.37,0.3,2.2,0.033,39.0,107.0,0.98894,3.22,0.53,13.5,1.0,2
6.7,0.3,0.44,18.75,0.057,65.0,224.0,0.99956,3.11,0.53,9.1,1.0,0
6.2,0.25,0.54,7.0,0.046,58.0,176.0,0.99454,3.19,0.7,10.4,1.0,0
7.0,0.65,0.02,2.1,0.066,8.0,25.0,0.9972,3.47,0.67,9.5,0.0,1
5.4,0.33,0.31,4.0,0.03,27.0,108.0,0.99031,3.3,0.43,12.2,1.0,2
7.2,0.685,0.21,9.5,0.07,33.0,172.0,0.9971,3.0,0.55,9.1,1.0,1
6.3,0.2,0.3,5.9,0.034,35.0,152.0,0.99642,3.47,0.4,8.5,1.0,1
5.1,0.165,0.22,5.7,0.047,42.0,146.0,0.9934,3.18,0.55,9.9,1.0,1
6.2,0.55,0.45,12.0,0.049,27.0,186.0,0.9974,3.17,0.5,9.3,1.0,1
6.5,0.36,0.31,13.55,0.053,20.0,113.0,0.99544,3.2,0.56,11.0,1.0,1
7.8,0.2,0.32,5.0,0.016,31.0,101.0,0.99186,2.99,0.39,11.0,1.0,1
7.8,0.49,0.49,7.0,0.043,29.0,149.0,0.9952,3.21,0.33,10.0,1.0,0
7.2,0.34,0.34,12.6,0.048,7.0,41.0,0.9942,3.19,0.4,11.7,1.0,0
6.6,0.855,0.02,2.4,0.062,15.0,23.0,0.99627,3.54,0.6,11.0,0.0,1
6.9,0.37,0.23,9.5,0.057,54.0,166.0,0.99568,3.23,0.42,10.0,1.0,0
7.8,0.56,0.19,1.8,0.104,12.0,47.0,0.9964,3.19,0.93,9.5,0.0,0
7.4,0.13,0.39,4.7,0.042,36.0,137.0,0.995,3.36,0.56,10.3,1.0,2
6.4,0.24,0.29,1.0,0.038,18.0,122.0,0.9906,3.3,0.42,11.5,1.0,0
8.1,0.25,0.38,3.8,0.051,18.0,129.0,0.9928,3.21,0.38,11.5,1.0,1
5.6,0.46,0.24,4.8,0.042,24.0,72.0,0.9908,3.29,0.37,12.6,1.0,1
6.4,0.28,0.27,11.0,0.042,45.0,148.0,0.99786,3.14,0.46,8.7,1.0,0
5.9,0.32,0.39,3.3,0.114,24.0,140.0,0.9934,3.09,0.45,9.2,1.0,1
5.8,0.42,0.3,2.2,0.035,26.0,129.0,0.989,3.32,0.47,12.9,1.0,1
6.7,0.14,0.46,1.6,0.036,15.0,92.0,0.99264,3.37,0.49,10.9,1.0,0
6.6,0.34,0.2,1.0,0.053,26.0,112.0,0.99336,3.32,0.55,9.1,1.0,0
7.9,0.18,0.37,3.0,0.061,25.0,178.0,0.995,3.22,0.51,10.0,1.0,1
6.8,0.34,0.36,8.9,0.029,44.0,128.0,0.99318,3.28,0.35,11.95,1.0,2
5.2,0.6,0.07,7.0,0.044,33.0,147.0,0.9944,3.33,0.58,9.7,1.0,0
6.7,0.25,0.26,13.5,0.06,50.0,156.0,0.99784,3.39,0.46,9.9,1.0,1
7.1,0.34,0.32,2.0,0.051,29.0,130.0,0.99354,3.3,0.5,10.4,1.0,1
5.6,0.54,0.04,1.7,0.049,5.0,13.0,0.9942,3.72,0.58,11.4,0.0,0
7.9,0.31,0.22,13.3,0.048,46.0,212.0,0.99942,3.47,0.59,10.0,1.0,0
6.2,0.63,0.31,1.7,0.088,15.0,64.0,0.9969,3.46,0.79,9.3,0.0,0
7.8,0.645,0.0,2.0,0.082,8.0,16.0,0.9964,3.38,0.59,9.8,0.0,1
6.2,0.3,0.49,11.2,0.058,68.0,215.0,0.99656,3.19,0.6,9.4,1.0,1
6.7,0.23,0.26,1.4,0.06,33.0,154.0,0.9934,3.24,0.56,9.5,1.0,1
8.3,0.65,0.1,2.9,0.089,17.0,40.0,0.99803,3.29,0.55,9.5,0.0,0
11.8,0.33,0.49,3.4,0.093,54.0,80.0,1.0002,3.3,0.76,10.7,0.0,2
10.9,0.32,0.52,1.8,0.132,17.0,44.0,0.99734,3.28,0.77,11.5,0.0,1
7.0,0.22,0.3,1.4,0.04,14.0,63.0,0.98985,3.2,0.33,12.0,1.0,1
5.9,0.46,0.0,1.9,0.077,25.0,44.0,0.99385,3.5,0.53,11.2,0.0,0
6.9,0.28,0.28,12.2,0.042,52.0,139.0,0.99522,3.03,0.56,10.4,1.0,1
9.3,0.2,0.33,1.7,0.05,28.0,178.0,0.9954,3.16,0.43,9.0,1.0,0
12.4,0.35,0.49,2.6,0.079,27.0,69.0,0.9994,3.12,0.75,10.4,0.0,1
7.6,0.28,0.49,20.15,0.06,30.0,145.0,1.00196,3.01,0.44,8.5,1.0,0
6.0,0.26,0.15,1.2,0.053,35.0,124.0,0.99347,3.08,0.46,8.8,1.0,0
6.6,0.27,0.25,1.2,0.033,36.0,111.0,0.98918,3.16,0.37,12.4,1.0,1
7.0,0.16,0.26,6.85,0.047,30.0,220.0,0.99622,3.38,0.58,10.1,1.0,1
6.0,0.43,0.34,7.6,0.045,25.0,118.0,0.99222,3.03,0.37,11.0,1.0,1
6.0,0.29,0.41,10.8,0.048,55.0,149.0,0.9937,3.09,0.59,11.0,1.0,2
5.1,0.25,0.36,1.3,0.035,40.0,78.0,0.9891,3.23,0.64,12.1,1.0,2
5.7,0.31,0.29,7.3,0.05,33.0,143.0,0.99332,3.31,0.5,11.0666666666667,1.0,1
8.4,0.27,0.46,8.7,0.048,39.0,197.0,0.9974,3.14,0.59,9.6,1.0,1
7.1,0.68,0.0,2.3,0.087,17.0,26.0,0.99783,3.45,0.53,9.5,0.0,0
5.7,0.28,0.24,17.5,0.044,60.0,167.0,0.9989,3.31,0.44,9.4,1.0,0
5.8,0.3,0.42,1.1,0.036,19.0,113.0,0.98871,3.1,0.46,12.6,1.0,2
7.0,0.23,0.42,5.1,0.042,37.0,144.0,0.99518,3.5,0.59,10.2,1.0,1
6.5,0.08,0.33,1.9,0.028,23.0,93.0,0.991,3.34,0.7,12.0,1.0,2
6.8,0.18,0.28,1.1,0.027,32.0,112.0,0.99089,3.15,0.45,11.0,1.0,2
6.7,0.27,0.26,2.3,0.043,61.0,181.0,0.99394,3.45,0.63,10.6,1.0,1
11.7,0.45,0.63,2.2,0.073,7.0,23.0,0.99974,3.21,0.69,10.9,0.0,1
6.1,0.27,0.32,6.2,0.048,47.0,161.0,0.99281,3.22,0.6,11.0,1.0,1
7.9,0.52,0.26,1.9,0.079,42.0,140.0,0.9964,3.23,0.54,9.5,0.0,0
7.1,0.31,0.25,11.2,0.048,32.0,136.0,0.99663,3.14,0.4,9.5,1.0,0
7.2,0.3,0.26,1.5,0.041,46.0,178.0,0.99154,3.19,0.56,11.3,1.0,1
7.4,0.19,0.3,12.8,0.053,48.5,229.0,0.9986,3.14,0.49,9.1,1.0,2
6.8,0.69,0.0,5.6,0.124,21.0,58.0,0.9997,3.46,0.72,10.2,0.0,0
8.0,0.705,0.05,1.9,0.074,8.0,19.0,0.9962,3.34,0.95,10.5,0.0,1
10.7,0.9,0.34,6.6,0.112,23.0,99.0,1.00289,3.22,0.68,9.3,0.0,0
5.7,0.245,0.33,1.1,0.049,28.0,150.0,0.9927,3.13,0.42,9.3,1.0,0
6.6,0.16,0.35,1.8,0.042,26.0,105.0,0.98962,3.19,0.75,12.4,1.0,2
6.6,0.39,0.38,9.7,0.053,49.0,226.0,0.99787,3.3,0.57,9.4,1.0,1
7.4,0.16,0.27,15.5,0.05,25.0,135.0,0.9984,2.9,0.43,8.7,1.0,2
6.6,0.24,0.35,7.7,0.031,36.0,135.0,0.9938,3.19,0.37,10.5,1.0,0
8.3,0.28,0.48,2.1,0.093,6.0,12.0,0.99408,3.26,0.62,12.4,0.0,2
7.7,0.715,0.01,2.1,0.064,31.0,43.0,0.99371,3.41,0.57,11.8,0.0,1
5.2,0.37,0.33,1.2,0.028,13.0,81.0,0.9902,3.37,0.38,11.7,1.0,1
6.6,0.26,0.56,15.4,0.053,32.0,141.0,0.9981,3.11,0.49,9.3,1.0,0
6.9,0.36,0.25,2.4,0.098,5.0,16.0,0.9964,3.41,0.6,10.1,0.0,1
9.2,0.28,0.46,3.2,0.058,39.0,133.0,0.996,3.14,0.58,9.5,1.0,0
9.5,0.735,0.1,2.1,0.079,6.0,31.0,0.9986,3.23,0.56,10.1,0.0,1
7.2,0.695,0.13,2.0,0.076,12.0,20.0,0.99546,3.29,0.54,10.1,0.0,0
6.6,0.2,0.14,4.4,0.184,35.0,168.0,0.99396,2.93,0.45,9.4,1.0,1
7.6,0.23,0.26,15.3,0.067,32.0,166.0,0.9986,3.03,0.44,9.2,1.0,0
7.8,0.25,0.34,13.7,0.044,66.0,184.0,0.99976,3.22,0.75,8.9,1.0,0
6.4,0.43,0.27,1.1,0.054,5.0,110.0,0.9939,3.24,0.52,9.1,1.0,0
7.1,0.47,0.29,14.8,0.024,22.0,142.0,0.99518,3.12,0.48,12.0,1.0,2
7.0,0.31,0.31,9.1,0.036,45.0,140.0,0.99216,2.98,0.31,12.0,1.0,2
10.4,0.575,0.61,2.6,0.076,11.0,24.0,1.0,3.16,0.69,9.0,0.0,0
5.9,0.17,0.28,0.7,0.027,5.0,28.0,0.98985,3.13,0.32,10.6,1.0,0
6.6,0.24,0.24,8.6,0.034,25.0,135.0,0.99582,3.33,0.59,10.3,1.0,1
6.2,0.21,0.27,1.7,0.038,41.0,150.0,0.9933,3.49,0.71,10.5,1.0,2
7.3,0.3,0.74,13.5,0.039,46.0,165.0,0.9982,3.02,0.4,8.7,1.0,0
6.4,0.31,0.28,2.5,0.039,34.0,137.0,0.98946,3.22,0.38,12.7,1.0,1
7.9,0.21,0.4,1.2,0.039,38.0,107.0,0.992,3.21,0.54,10.8,1.0,1
7.1,0.32,0.4,1.5,0.034,13.0,84.0,0.9944,3.42,0.6,10.4,1.0,0
6.9,0.615,0.42,12.0,0.067,24.0,131.0,0.99727,3.19,0.34,9.3,1.0,0
6.8,0.21,0.36,18.1,0.046,32.0,133.0,1.0,3.27,0.48,8.8,1.0,0
7.6,0.31,0.52,13.2,0.042,61.0,148.0,0.99839,2.98,0.47,9.1,1.0,1
9.2,0.54,0.31,2.3,0.112,11.0,38.0,0.99699,3.24,0.56,10.9,0.0,0
6.6,0.8,0.03,7.8,0.079,6.0,12.0,0.9963,3.52,0.5,12.2,0.0,0
8.2,0.26,0.49,5.2,0.04,19.0,100.0,0.9941,3.12,0.34,10.1,1.0,1
6.7,0.29,0.45,14.3,0.054,30.0,181.0,0.99869,3.14,0.57,9.1,1.0,0
6.8,0.2,0.36,1.6,0.028,7.0,46.0,0.99175,3.21,0.6,10.9,1.0,1
8.4,0.4,0.7,13.1,0.042,29.0,197.0,0.998,3.06,0.64,9.7,1.0,0
6.6,0.17,0.28,1.8,0.042,62.0,178.0,0.99204,3.15,0.42,10.2,1.0,0
5.5,0.16,0.26,1.5,0.032,35.0,100.0,0.99076,3.43,0.77,12.0,1.0,1
9.2,0.52,1.0,3.4,0.61,32.0,69.0,0.9996,2.74,2.0,9.4,0.0,0
5.8,0.29,0.38,10.7,0.038,49.0,136.0,0.99366,3.11,0.59,11.2,1.0,1
7.5,0.57,0.08,2.6,0.089,14.0,27.0,0.99592,3.3,0.59,10.4,0.0,1
8.6,0.315,0.4,2.2,0.079,3.0,6.0,0.99512,3.27,0.67,11.9,0.0,1
7.5,0.61,0.26,1.9,0.073,24.0,88.0,0.99612,3.3,0.53,9.8,0.0,0
5.7,0.22,0.25,1.1,0.05,97.0,175.0,0.99099,3.44,0.62,11.1,1.0,1
6.1,0.31,0.26,2.2,0.051,28.0,167.0,0.9926,3.37,0.47,10.4,1.0,1
6.7,0.18,0.28,10.2,0.039,29.0,115.0,0.99469,3.11,0.45,10.9,1.0,2
13.3,0.29,0.75,2.8,0.084,23.0,43.0,0.9986,3.04,0.68,11.4,0.0,2
7.2,0.23,0.38,14.3,0.058,55.0,194.0,0.9979,3.09,0.44,9.0,1.0,1
6.3,0.2,0.37,11.8,0.045,58.0,130.0,0.99519,3.2,0.35,10.8,1.0,0
6.6,0.38,0.29,2.4,0.136,15.0,93.0,0.99336,3.18,0.6,9.5,1.0,0
7.2,0.32,0.3,8.25,0.02,14.0,104.0,0.99362,2.99,0.44,11.4,1.0,1
7.2,0.5,0.18,2.1,0.071,12.0,31.0,0.99761,3.52,0.72,9.6,0.0,1
6.0,0.28,0.27,15.5,0.036,31.0,134.0,0.99408,3.19,0.44,13.0,1.0,2
6.8,0.21,0.36,18.1,0.046,32.0,133.0,1.0,3.27,0.48,8.8,1.0,0
7.5,0.61,0.26,1.9,0.073,24.0,88.0,0.99612,3.3,0.53,9.8,0.0,0
7.1,0.18,0.39,15.25,0.047,45.0,158.0,0.99946,3.34,0.77,9.1,1.0,1
7.3,0.735,0.0,2.2,0.08,18.0,28.0,0.99765,3.41,0.6,9.4,0.0,0
7.1,0.28,0.26,1.9,0.049,12.0,86.0,0.9934,3.15,0.38,9.4,1.0,0
5.9,0.13,0.28,1.9,0.05,20.0,78.0,0.9918,3.43,0.64,10.8,1.0,1
5.9,0.24,0.3,2.0,0.033,28.0,92.0,0.99225,3.39,0.69,10.9,1.0,2
6.3,0.37,0.37,1.5,0.024,12.0,76.0,0.98876,2.94,0.39,12.3,1.0,1
6.0,0.17,0.33,6.0,0.036,30.0,111.0,0.99362,3.32,0.58,10.15,1.0,2
9.6,0.54,0.42,2.4,0.081,25.0,52.0,0.997,3.2,0.71,11.4,0.0,1
6.4,0.24,0.25,20.2,0.083,35.0,157.0,0.99976,3.17,0.5,9.1,1.0,0
6.4,0.16,0.32,8.75,0.038,38.0,118.0,0.99449,3.19,0.41,10.7,1.0,0
9.4,0.24,0.29,8.5,0.037,124.0,208.0,0.99395,2.9,0.38,11.0,1.0,0
6.8,0.44,0.2,16.0,0.065,61.0,186.0,0.99884,3.13,0.45,8.6,1.0,0
7.3,0.28,0.54,12.9,0.049,62.0,152.0,0.9984,3.06,0.45,9.1,1.0,1
6.4,0.37,0.49,13.3,0.045,53.0,243.0,0.9982,3.14,0.48,8.5,1.0,1
8.3,0.31,0.39,2.4,0.078,17.0,43.0,0.99444,3.31,0.77,12.5,0.0,2
6.4,0.35,0.28,12.6,0.039,19.0,124.0,0.99539,3.2,0.43,10.6,1.0,1
7.1,0.6,0.0,1.8,0.074,16.0,34.0,0.9972,3.47,0.7,9.9,0.0,1
6.2,0.39,0.43,2.0,0.071,14.0,24.0,0.99428,3.45,0.87,11.2,0.0,2
6.4,0.32,0.5,10.7,0.047,57.0,206.0,0.9968,3.08,0.6,9.4,1.0,0
6.3,0.15,0.34,11.4,0.05,25.0,96.0,0.99754,3.21,0.49,10.0,1.0,1
4.9,0.47,0.17,1.9,0.035,60.0,148.0,0.98964,3.27,0.35,11.5,1.0,1
6.6,0.21,0.29,1.8,0.026,35.0,128.0,0.99183,3.37,0.48,11.2,1.0,1
10.0,0.43,0.33,2.7,0.095,28.0,89.0,0.9984,3.22,0.68,10.0,0.0,0
6.6,0.22,0.37,15.4,0.035,62.0,153.0,0.99845,3.02,0.4,9.3,1.0,0
7.5,0.41,0.23,14.8,0.054,28.0,174.0,0.99898,3.18,0.49,9.7,1.0,0
7.2,0.08,0.49,1.3,0.05,18.0,148.0,0.9945,3.46,0.44,10.2,1.0,1
6.6,0.905,0.19,0.8,0.048,17.0,204.0,0.9934,3.34,0.56,10.0,1.0,0
7.5,0.63,0.12,5.1,0.111,50.0,110.0,0.9983,3.26,0.77,9.4,0.0,0
9.1,0.34,0.42,1.8,0.058,9.0,18.0,0.99392,3.18,0.55,11.4,0.0,0
6.2,0.29,0.32,3.6,0.026,39.0,138.0,0.9892,3.31,0.37,13.1,1.0,2
6.7,0.27,0.69,1.2,0.176,36.0,106.0,0.99288,2.96,0.43,9.2,1.0,1
5.2,0.25,0.23,1.4,0.047,20.0,77.0,0.99001,3.32,0.62,11.4,1.0,0
10.4,0.55,0.23,2.7,0.091,18.0,48.0,0.9994,3.22,0.64,10.3,0.0,1
6.9,0.45,0.11,2.4,0.043,6.0,12.0,0.99354,3.3,0.65,11.4,0.0,1
5.9,0.65,0.23,5.0,0.035,20.0,128.0,0.99016,3.46,0.48,12.8,1.0,1
6.5,0.32,0.23,1.2,0.054,39.0,208.0,0.99272,3.18,0.46,9.9,1.0,1
9.2,0.36,0.34,1.6,0.062,5.0,12.0,0.99667,3.2,0.67,10.5,0.0,1
6.0,0.29,0.41,10.8,0.048,55.0,149.0,0.9937,3.09,0.59,10.9666666666667,1.0,2
10.0,0.32,0.59,2.2,0.077,3.0,15.0,0.9994,3.2,0.78,9.6,0.0,0
7.2,0.18,0.31,1.1,0.045,20.0,73.0,0.9925,3.32,0.4,10.8,1.0,2
5.1,0.11,0.32,1.6,0.028,12.0,90.0,0.99008,3.57,0.52,12.2,1.0,1
6.7,0.17,0.27,1.4,0.032,39.0,149.0,0.99254,3.4,0.52,10.5,1.0,0
8.5,0.34,0.4,4.7,0.055,3.0,9.0,0.99738,3.38,0.66,11.6,0.0,2
8.0,0.25,0.26,14.0,0.043,41.0,248.0,0.9986,3.03,0.57,8.7,1.0,1
9.7,0.42,0.46,2.1,0.074,5.0,16.0,0.99649,3.27,0.74,12.3,0.0,1
7.8,0.19,0.26,8.9,0.039,42.0,182.0,0.996,3.18,0.46,9.9,1.0,1
6.8,0.51,0.3,4.2,0.066,38.0,165.0,0.9945,3.2,0.42,9.1,1.0,0
5.8,0.17,0.34,1.8,0.045,96.0,170.0,0.99035,3.38,0.9,11.8,1.0,2
7.0,0.15,0.28,14.7,0.051,29.0,149.0,0.99792,2.96,0.39,9.0,1.0,2
7.5,0.38,0.33,5.0,0.045,30.0,131.0,0.9942,3.32,0.44,10.9,1.0,1
6.9,0.26,0.31,7.0,0.039,37.0,175.0,0.99376,3.32,0.49,11.4,1.0,1
7.3,0.24,0.39,3.6,0.024,35.0,116.0,0.9928,3.17,0.51,10.9,1.0,0
6.9,0.52,0.54,7.9,0.036,23.0,169.0,0.99267,3.26,0.47,12.2,1.0,1
7.0,0.48,0.12,4.5,0.05,23.0,86.0,0.99398,2.86,0.35,9.0,1.0,0
6.5,0.22,0.32,2.2,0.028,36.0,92.0,0.99076,3.27,0.59,11.9,1.0,2
8.2,0.39,0.38,1.5,0.058,10.0,29.0,0.9962,3.26,0.74,9.8,0.0,0
8.5,0.56,0.74,17.85,0.051,51.0,243.0,1.0005,2.99,0.7,9.2,1.0,0
5.8,0.13,0.26,5.1,0.039,19.0,103.0,0.99478,3.36,0.47,9.3,1.0,1
6.1,0.33,0.32,7.8,0.052,52.0,183.0,0.99657,3.39,0.65,9.5,1.0,0
10.0,0.91,0.42,1.6,0.056,34.0,181.0,0.9968,3.11,0.46,10.0,1.0,0
6.7,0.11,0.26,14.8,0.053,44.0,95.0,0.99676,3.2,0.35,9.8,1.0,1
10.2,0.49,0.63,2.9,0.072,10.0,26.0,0.9968,3.16,0.78,12.5,0.0,2
8.6,0.725,0.24,6.6,0.117,31.0,134.0,1.0014,3.32,1.07,9.3,0.0,0
10.9,0.37,0.58,4.0,0.071,17.0,65.0,0.99935,3.22,0.78,10.1,0.0,0
6.5,0.3,0.32,2.0,0.044,34.0,90.0,0.99185,3.37,0.68,11.0,1.0,2
8.3,0.27,0.45,1.3,0.048,8.0,72.0,0.9944,3.08,0.61,10.3,1.0,0
6.2,0.22,0.27,1.5,0.064,20.0,132.0,0.9938,3.22,0.46,9.2,1.0,1
7.0,0.24,0.34,1.4,0.031,27.0,107.0,0.99,3.06,0.39,11.9,1.0,1
6.7,0.26,0.49,8.1,0.052,48.0,197.0,0.99558,3.19,0.48,9.5,1.0,0
6.3,0.32,0.17,17.75,0.06,51.0,190.0,0.99916,3.13,0.48,8.8,1.0,1
7.8,0.41,0.68,1.7,0.467,18.0,69.0,0.9973,3.08,1.31,9.3,0.0,0
11.5,0.42,0.48,2.6,0.077,8.0,20.0,0.99852,3.09,0.53,11.0,0.0,0
6.8,0.3,0.23,4.6,0.061,50.5,238.5,0.9958,3.32,0.6,9.5,1.0,0
6.6,0.16,0.4,1.5,0.044,48.0,143.0,0.9912,3.54,0.52,12.4,1.0,2
7.5,0.15,0.38,1.8,0.054,19.0,101.0,0.9946,3.24,0.44,10.0,1.0,0
7.2,0.22,0.35,5.5,0.054,37.0,183.0,0.99474,3.08,0.5,10.3,1.0,0
8.2,0.31,0.4,2.2,0.058,6.0,10.0,0.99536,3.31,0.68,11.2,0.0,2
6.7,0.37,0.25,2.5,0.028,24.0,84.0,0.9909,3.14,0.36,11.7,1.0,1
7.4,0.26,0.3,7.9,0.049,38.0,157.0,0.9963,3.13,0.48,8.9,1.0,1
6.9,0.3,0.21,15.7,0.056,49.0,159.0,0.99827,3.11,0.48,9.0,1.0,0
8.6,0.31,0.3,0.9,0.045,16.0,109.0,0.99249,2.95,0.39,10.1,1.0,0
5.9,0.32,0.19,14.5,0.042,37.0,115.0,0.99684,3.16,0.43,10.3,1.0,0
6.6,0.38,0.15,4.6,0.044,25.0,78.0,0.9931,3.11,0.38,10.2,1.0,1
6.1,0.3,0.3,2.1,0.031,50.0,163.0,0.9895,3.39,0.43,12.7,1.0,2
6.8,0.18,0.35,5.4,0.054,53.0,143.0,0.99287,3.1,0.54,11.0,1.0,2
7.7,0.58,0.01,1.8,0.088,12.0,18.0,0.99568,3.32,0.56,10.5,0.0,2
6.8,0.18,0.28,8.5,0.047,52.0,242.0,0.9952,3.22,0.53,10.5,1.0,1
7.7,0.28,0.35,15.3,0.056,31.0,117.0,0.9998,3.27,0.5,9.6,1.0,0
7.8,0.22,0.38,10.3,0.059,28.0,99.0,0.9967,3.12,0.47,10.0,1.0,1
10.6,0.48,0.64,2.2,0.111,6.0,20.0,0.997,3.26,0.66,11.7,0.0,1
6.3,0.17,0.32,4.2,0.04,37.0,117.0,0.99182,3.24,0.43,11.3,1.0,1
6.8,0.28,0.37,7.0,0.057,35.0,208.0,0.9973,3.57,0.55,10.2,1.0,0
5.9,0.415,0.02,0.8,0.038,22.0,63.0,0.9932,3.36,0.36,9.3,1.0,0
13.0,0.47,0.49,4.3,0.085,6.0,47.0,1.0021,3.3,0.68,12.7,0.0,1
9.6,0.68,0.24,2.2,0.087,5.0,28.0,0.9988,3.14,0.6,10.2,0.0,0
7.1,0.37,0.3,6.2,0.04,49.0,139.0,0.99021,3.17,0.27,13.6,1.0,1
7.2,0.17,0.37,6.9,0.059,47.0,128.0,0.99322,3.08,0.46,11.0,1.0,2
9.9,0.74,0.19,5.8,0.111,33.0,76.0,0.99878,3.14,0.55,9.4,0.0,0
6.8,0.28,0.43,7.6,0.03,30.0,110.0,0.99164,3.08,0.59,12.5,1.0,2
5.2,0.34,0.0,1.8,0.05,27.0,63.0,0.9916,3.68,0.79,14.0,0.0,1
7.1,0.23,0.35,16.5,0.04,60.0,171.0,0.999,3.16,0.59,9.1,1.0,1
6.4,0.29,0.28,11.1,0.063,66.0,169.0,0.9973,2.89,0.57,9.0,1.0,0
6.5,0.63,0.33,1.8,0.059,16.0,28.0,0.99531,3.36,0.64,10.1,0.0,1
8.6,0.16,0.38,3.4,0.04,41.0,143.0,0.9932,2.95,0.39,10.2,1.0,1
8.3,0.6,0.13,2.6,0.085,6.0,24.0,0.9984,3.31,0.59,9.2,0.0,1
7.0,0.745,0.12,1.8,0.114,15.0,64.0,0.99588,3.22,0.59,9.5,0.0,1
6.8,0.44,0.37,5.1,0.047,46.0,201.0,0.9938,3.08,0.65,10.5,1.0,0
6.6,0.27,0.41,1.3,0.052,16.0,142.0,0.9951,3.42,0.47,10.0,1.0,1
6.0,0.17,0.3,7.3,0.039,39.0,104.0,0.99252,2.91,0.57,11.0,1.0,1
8.0,0.2,0.4,5.2,0.055,41.0,167.0,0.9953,3.18,0.4,10.6,1.0,2
7.2,0.34,0.32,2.5,0.09,43.0,113.0,0.9966,3.32,0.79,11.1,0.0,0
6.5,0.53,0.06,2.0,0.063,29.0,44.0,0.99489,3.38,0.83,10.3,0.0,1
6.8,0.17,0.36,1.4,0.036,38.0,108.0,0.99006,3.19,0.66,12.0,1.0,1
8.1,0.2,0.3,1.3,0.036,7.0,49.0,0.99242,2.99,0.73,10.3,1.0,0
5.4,0.22,0.29,1.2,0.045,69.0,152.0,0.99178,3.76,0.63,11.0,1.0,2
6.5,0.24,0.19,1.2,0.041,30.0,111.0,0.99254,2.99,0.46,9.4,1.0,1
8.9,0.48,0.24,2.85,0.094,35.0,106.0,0.9982,3.1,0.53,9.2,0.0,0
7.2,0.47,0.16,5.9,0.048,14.0,125.0,0.99428,3.09,0.49,9.8,1.0,0
8.6,0.83,0.0,2.8,0.095,17.0,43.0,0.99822,3.33,0.6,10.4,0.0,1
6.5,0.14,0.33,7.6,0.05,53.0,189.0,0.9966,3.25,0.49,8.6,1.0,0
6.6,0.63,0.0,4.3,0.093,51.0,77.5,0.99558,3.2,0.45,9.5,0.0,0
6.1,0.28,0.24,19.95,0.074,32.0,174.0,0.99922,3.19,0.44,9.3,1.0,1
8.4,0.37,0.43,2.3,0.063,12.0,19.0,0.9955,3.17,0.81,11.2,0.0,2
6.0,0.26,0.32,3.5,0.028,29.0,113.0,0.9912,3.4,0.71,12.3,1.0,2
7.9,0.18,0.4,1.8,0.062,7.0,20.0,0.9941,3.28,0.7,11.1,0.0,0
6.3,0.34,0.36,4.9,0.035,31.0,185.0,0.9946,3.15,0.49,9.7,1.0,0
6.2,0.21,0.29,1.6,0.039,24.0,92.0,0.99114,3.27,0.5,11.2,1.0,1
7.7,0.32,0.61,11.8,0.041,66.0,188.0,0.99794,3.0,0.54,9.3,1.0,0
9.1,0.37,0.32,2.1,0.064,4.0,15.0,0.99576,3.3,0.8,11.2,0.0,1
8.0,0.33,0.53,2.5,0.091,18.0,80.0,0.9976,3.37,0.8,9.6,0.0,1
7.2,0.62,0.01,2.3,0.065,8.0,46.0,0.99332,3.32,0.51,11.8,0.0,1
6.2,0.3,0.32,1.3,0.054,27.0,183.0,0.99266,3.3,0.43,10.1,1.0,0
7.8,0.15,0.34,1.1,0.035,31.0,93.0,0.99096,3.07,0.72,11.3,1.0,2
6.3,0.24,0.35,2.3,0.039,43.0,109.0,0.99056,3.34,0.44,11.8,1.0,1
6.4,0.18,0.32,9.6,0.052,24.0,90.0,0.9963,3.35,0.49,9.4,1.0,1
7.4,0.61,0.01,2.0,0.074,13.0,38.0,0.99748,3.48,0.65,9.8,0.0,0
8.9,0.43,0.45,1.9,0.052,6.0,16.0,0.9948,3.35,0.7,12.5,0.0,1
7.4,0.26,0.29,3.7,0.048,14.0,73.0,0.9915,3.06,0.45,11.4,1.0,1
6.2,0.31,0.23,3.3,0.052,34.0,113.0,0.99429,3.16,0.48,8.4,1.0,0
6.6,0.38,0.15,4.6,0.044,25.0,78.0,0.9931,3.11,0.38,10.2,1.0,1
6.4,0.24,0.49,5.8,0.053,25.0,120.0,0.9942,3.01,0.98,10.5,1.0,1
6.5,0.29,0.52,7.9,0.049,35.0,192.0,0.99551,3.16,0.51,9.5,1.0,1
6.0,0.17,0.36,1.7,0.042,14.0,61.0,0.99144,3.22,0.54,10.8,1.0,1
6.9,0.25,0.34,1.3,0.035,27.0,82.0,0.99045,3.18,0.44,12.2,1.0,1
6.3,0.25,0.23,14.9,0.039,47.0,142.0,0.99705,3.14,0.35,9.7,1.0,1
7.5,0.34,0.24,3.85,0.031,5.0,34.0,0.99098,3.01,0.36,11.8,1.0,0
6.8,0.23,0.48,1.5,0.036,35.0,165.0,0.99162,3.18,0.45,11.3,1.0,1
7.5,1.115,0.1,3.1,0.086,5.0,12.0,0.9958,3.54,0.6,11.2,0.0,0
9.2,0.67,0.1,3.0,0.091,12.0,48.0,0.99888,3.31,0.54,9.5,0.0,1
12.0,0.45,0.55,2.0,0.073,25.0,49.0,0.9997,3.1,0.76,10.3,0.0,1
8.9,0.21,0.37,1.2,0.028,20.0,93.0,0.99244,3.2,0.37,11.5,1.0,0
6.6,0.24,0.3,13.0,0.052,18.0,143.0,0.99825,3.37,0.49,9.4,1.0,1
10.3,0.41,0.42,2.4,0.213,6.0,14.0,0.9994,3.19,0.62,9.5,0.0,1
6.9,0.18,0.33,1.0,0.054,24.0,164.0,0.9926,3.42,0.51,10.5,1.0,0
7.9,0.64,0.46,10.6,0.244,33.0,227.0,0.9983,2.87,0.74,9.1,1.0,0
6.0,0.17,0.29,9.7,0.044,33.0,98.0,0.99536,3.12,0.36,9.2,1.0,1
6.3,0.28,0.22,9.5,0.04,30.0,111.0,0.99338,3.05,0.31,10.8,1.0,0
6.4,0.68,0.26,3.4,0.069,25.0,146.0,0.99347,3.18,0.4,9.3,1.0,0
5.7,0.26,0.24,17.8,0.059,23.0,124.0,0.99773,3.3,0.5,10.1,1.0,0
8.3,0.26,0.31,2.0,0.029,14.0,141.0,0.99077,2.95,0.77,12.2,1.0,1
7.3,0.19,0.27,1.6,0.027,35.0,136.0,0.99248,3.38,0.54,11.0,1.0,2
6.4,0.38,0.24,7.2,0.047,41.0,151.0,0.99604,3.11,0.6,9.2,1.0,0
6.0,0.21,0.3,8.7,0.036,47.0,127.0,0.99368,3.18,0.39,10.6,1.0,0
6.7,0.62,0.21,1.9,0.079,8.0,62.0,0.997,3.52,0.58,9.3,0.0,1
7.7,0.67,0.23,2.1,0.088,17.0,96.0,0.9962,3.32,0.48,9.5,0.0,0
7.6,0.2,0.3,14.2,0.056,53.0,212.5,0.999,3.14,0.46,8.9,1.0,2
8.9,0.565,0.34,3.0,0.093,16.0,112.0,0.9998,3.38,0.61,9.5,0.0,0
6.6,0.84,0.03,2.3,0.059,32.0,48.0,0.9952,3.52,0.56,12.3,0.0,2
11.3,0.36,0.66,2.4,0.123,3.0,8.0,0.99642,3.2,0.53,11.9,0.0,1
8.3,0.4,0.38,1.1,0.038,15.0,75.0,0.9934,3.03,0.43,9.2,1.0,0
6.1,0.34,0.46,4.7,0.029,21.0,94.0,0.991,3.29,0.62,12.3,1.0,1
5.8,0.275,0.3,5.4,0.043,41.0,149.0,0.9926,3.33,0.42,10.8,1.0,2
8.2,0.59,0.0,2.5,0.093,19.0,58.0,1.0002,3.5,0.65,9.3,0.0,1
7.4,0.25,0.36,13.2,0.067,53.0,178.0,0.9976,3.01,0.48,9.0,1.0,1
6.4,0.31,0.39,7.5,0.04,57.0,213.0,0.99475,3.32,0.43,10.0,1.0,0
7.9,0.28,0.41,2.0,0.044,50.0,152.0,0.9934,3.45,0.49,10.7,1.0,2
7.6,0.33,0.35,6.3,0.036,12.0,126.0,0.9924,3.16,0.39,12.0,1.0,2
7.8,0.16,0.41,1.7,0.026,29.0,140.0,0.991,3.02,0.78,12.5,1.0,1
7.3,0.21,0.3,10.9,0.037,18.0,112.0,0.997,3.4,0.5,9.6,1.0,1
6.3,0.32,0.26,12.3,0.044,24.0,205.0,0.99611,3.11,0.58,9.9,1.0,0
5.4,0.29,0.38,1.2,0.029,31.0,132.0,0.98895,3.28,0.36,12.4,1.0,1
8.2,0.2,0.49,3.5,0.057,14.0,108.0,0.9928,3.19,0.35,11.5,1.0,1
6.0,0.1,0.24,1.1,0.041,15.0,65.0,0.9927,3.61,0.61,10.3,1.0,2
6.8,0.65,0.02,2.1,0.078,8.0,15.0,0.99498,3.35,0.62,10.4,0.0,1
6.1,0.2,0.34,9.5,0.041,38.0,201.0,0.995,3.14,0.44,10.1,1.0,0
9.4,0.4,0.47,2.5,0.087,6.0,20.0,0.99772,3.15,0.5,10.5,0.0,0
6.4,0.27,0.19,1.9,0.085,21.0,196.0,0.99516,3.49,0.64,9.5,1.0,0
7.1,0.19,0.28,3.6,0.033,16.0,78.0,0.993,2.91,0.78,11.4,1.0,1
7.5,0.26,0.26,18.35,0.084,33.0,139.0,1.0011,3.17,0.39,8.8,1.0,0
7.6,0.1,0.33,1.0,0.031,33.0,93.0,0.99094,3.06,0.68,11.2,1.0,1
6.5,0.17,0.31,1.5,0.041,34.0,121.0,0.99092,3.06,0.46,10.5,1.0,1
7.0,0.4,0.32,3.6,0.061,9.0,29.0,0.99416,3.28,0.49,11.3,0.0,2
6.3,0.19,0.21,1.8,0.049,35.0,163.0,0.9924,3.31,0.5,10.3,1.0,1
6.5,0.35,0.36,0.8,0.034,32.0,111.0,0.98942,3.11,0.5,12.1,1.0,2
6.8,0.3,0.22,6.2,0.06,41.0,190.0,0.99858,3.18,0.51,9.2,1.0,0
8.6,0.31,0.3,0.9,0.045,16.0,109.0,0.99249,2.95,0.39,10.1,1.0,0
10.2,0.645,0.36,1.8,0.053,5.0,14.0,0.9982,3.17,0.42,10.0,0.0,1
7.5,0.305,0.4,18.9,0.059,44.0,170.0,1.0,2.99,0.46,9.0,1.0,0
6.1,0.17,0.29,1.1,0.041,32.0,92.0,0.99036,3.26,0.57,11.2,1.0,1
11.9,0.57,0.5,2.6,0.082,6.0,32.0,1.0006,3.12,0.78,10.7,0.0,1
6.0,0.41,0.21,1.9,0.05,29.0,122.0,0.9928,3.42,0.52,10.5,1.0,1
6.8,0.62,0.08,1.9,0.068,28.0,38.0,0.99651,3.42,0.82,9.5,0.0,1
9.1,0.28,0.46,9.0,0.114,3.0,9.0,0.99901,3.18,0.6,10.9,0.0,1
6.9,0.49,0.19,1.7,0.079,13.0,26.0,0.99547,3.38,0.64,9.8,0.0,1
8.7,0.29,0.52,1.6,0.113,12.0,37.0,0.9969,3.25,0.58,9.5,0.0,0
6.9,0.25,0.26,5.2,0.024,36.0,135.0,0.9948,3.16,0.72,10.7,1.0,2
6.4,0.37,0.12,5.9,0.056,6.0,91.0,0.99536,3.06,0.46,8.4,1.0,0
9.0,0.6,0.29,2.0,0.069,32.0,73.0,0.99654,3.34,0.57,10.0,0.0,0
10.0,0.44,0.49,2.7,0.077,11.0,19.0,0.9963,3.23,0.63,11.6,0.0,2
7.1,0.27,0.31,18.2,0.046,55.0,252.0,1.0,3.07,0.56,8.7,1.0,0
9.1,0.4,0.5,1.8,0.071,7.0,16.0,0.99462,3.21,0.69,12.5,0.0,2
7.8,0.32,0.44,2.7,0.104,8.0,17.0,0.99732,3.33,0.78,11.0,0.0,2
6.6,0.25,0.35,2.9,0.034,38.0,121.0,0.99008,3.19,0.4,12.8,1.0,1
7.3,0.22,0.5,13.7,0.049,56.0,189.0,0.9994,3.24,0.66,9.0,1.0,1
7.2,0.2,0.61,16.2,0.043,14.0,103.0,0.9987,3.06,0.36,9.2,1.0,1
7.7,0.28,0.63,11.1,0.039,58.0,179.0,0.9979,3.08,0.44,8.8,1.0,0
6.8,0.31,0.32,7.6,0.052,35.0,143.0,0.9959,3.14,0.38,9.0,1.0,0
6.8,0.36,0.24,4.6,0.039,24.0,124.0,0.9909,3.27,0.34,12.6,1.0,2
7.7,0.15,0.29,1.3,0.029,10.0,64.0,0.9932,3.35,0.39,10.1,1.0,0
7.9,0.22,0.24,4.6,0.044,39.0,159.0,0.9927,2.99,0.28,11.5,1.0,1
8.3,0.21,0.58,17.1,0.049,62.0,213.0,1.0006,3.01,0.51,9.3,1.0,1
8.2,0.64,0.27,2.0,0.095,5.0,77.0,0.99747,3.13,0.62,9.1,0.0,1
6.4,0.64,0.21,1.8,0.081,14.0,31.0,0.99689,3.59,0.66,9.8,0.0,0
7.8,0.3,0.29,16.85,0.054,23.0,135.0,0.9998,3.16,0.38,9.0,1.0,1
6.7,0.35,0.48,8.8,0.056,35.0,167.0,0.99628,3.04,0.47,9.4,1.0,0
7.0,0.32,0.24,6.2,0.048,31.0,228.0,0.9957,3.23,0.62,9.4,1.0,1
8.1,0.28,0.34,1.3,0.035,11.0,126.0,0.99232,3.14,0.5,9.8,1.0,1
8.2,0.635,0.1,2.1,0.073,25.0,60.0,0.99638,3.29,0.75,10.9,0.0,1
6.7,0.26,0.26,4.1,0.073,36.0,202.0,0.9956,3.3,0.67,9.5,1.0,0
6.3,0.33,0.2,5.8,0.04,24.0,144.0,0.99425,3.15,0.63,9.9,1.0,0
5.8,0.24,0.26,10.05,0.039,63.0,162.0,0.99375,3.33,0.5,11.2,1.0,1
6.4,0.38,0.19,4.5,0.038,36.0,119.0,0.99151,3.07,0.42,11.2,1.0,1
5.8,0.19,0.25,10.8,0.042,33.0,124.0,0.99646,3.22,0.41,9.2,1.0,1
7.4,0.32,0.22,11.7,0.035,44.0,150.0,0.99578,3.1,0.45,10.4,1.0,0
5.3,0.585,0.07,7.1,0.044,34.0,145.0,0.9945,3.34,0.57,9.7,1.0,1
7.9,0.33,0.41,1.5,0.056,6.0,35.0,0.99396,3.29,0.71,11.0,0.0,1
6.5,0.31,0.14,7.5,0.044,34.0,133.0,0.9955,3.22,0.5,9.5,1.0,0
6.9,0.765,0.18,2.4,0.243,5.5,48.0,0.99612,3.4,0.6,10.3,0.0,1
6.9,0.28,0.37,9.1,0.037,16.0,76.0,0.9948,3.05,0.54,11.1,1.0,0
6.8,0.61,0.2,1.8,0.077,11.0,65.0,0.9971,3.54,0.58,9.3,0.0,0
6.5,0.3,0.32,2.0,0.044,34.0,90.0,0.99185,3.37,0.68,11.0,1.0,2
7.1,0.26,0.32,16.2,0.044,31.0,170.0,0.99644,3.17,0.37,11.2,1.0,0
6.8,0.26,0.44,8.2,0.046,52.0,183.0,0.99584,3.2,0.51,9.4,1.0,0
6.6,0.27,0.33,1.4,0.042,24.0,183.0,0.99215,3.29,0.46,10.7,1.0,0
6.4,0.56,0.15,1.8,0.078,17.0,65.0,0.99294,3.33,0.6,10.5,0.0,1
8.4,0.17,0.31,5.4,0.052,47.0,150.0,0.9953,3.24,0.38,9.8,1.0,0
7.7,0.56,0.2,2.0,0.075,9.0,39.0,0.9987,3.48,0.62,9.3,0.0,0
6.7,0.32,0.32,1.7,0.031,31.0,114.0,0.98946,3.12,0.35,12.5,1.0,1
6.7,0.24,0.33,12.3,0.046,31.0,145.0,0.9983,3.36,0.4,9.5,1.0,0
6.5,0.34,0.27,2.8,0.067,8.0,44.0,0.99384,3.21,0.56,12.0,0.0,1
6.5,0.23,0.36,16.3,0.038,43.0,133.0,0.99924,3.26,0.41,8.8,1.0,0
7.2,0.32,0.33,1.4,0.029,29.0,109.0,0.9902,3.15,0.51,12.8,1.0,2
7.1,0.37,0.67,10.5,0.045,49.0,155.0,0.9975,3.16,0.44,8.7,1.0,0
6.9,0.26,0.49,1.6,0.058,39.0,166.0,0.9965,3.65,0.52,9.4,1.0,0
6.9,0.17,0.3,2.0,0.047,13.0,117.0,0.99152,3.16,0.51,11.6,1.0,1
7.8,0.27,0.58,11.2,0.036,44.0,161.0,0.9977,3.06,0.41,8.9,1.0,1
5.3,0.31,0.38,10.5,0.031,53.0,140.0,0.99321,3.34,0.46,11.7,1.0,1
6.3,0.27,0.46,11.75,0.037,61.0,212.0,0.9971,3.25,0.53,9.5,1.0,1
10.2,0.67,0.39,1.9,0.054,6.0,17.0,0.9976,3.17,0.47,10.0,0.0,0
8.2,0.52,0.34,1.2,0.042,18.0,167.0,0.99366,3.24,0.39,10.6,1.0,0
6.8,0.56,0.03,1.7,0.084,18.0,35.0,0.9968,3.44,0.63,10.0,0.0,1
7.6,0.285,0.32,14.6,0.063,32.0,201.0,0.998,3.0,0.45,9.2,1.0,0
6.7,0.26,0.49,8.3,0.047,54.0,191.0,0.9954,3.23,0.4,10.3,1.0,1
6.6,0.26,0.21,2.9,0.026,48.0,126.0,0.99089,3.22,0.38,11.3,1.0,2
6.6,0.18,0.28,1.7,0.041,53.0,161.0,0.99207,3.13,0.45,10.2,1.0,1
8.0,0.55,0.42,12.6,0.211,37.0,213.0,0.9988,2.99,0.56,9.3,1.0,0
6.7,0.675,0.07,2.4,0.089,17.0,82.0,0.9958,3.35,0.54,10.1,0.0,0
8.6,0.63,0.17,2.9,0.099,21.0,119.0,0.998,3.09,0.52,9.3,0.0,0
6.6,0.3,0.45,8.0,0.038,54.0,200.0,0.9956,3.18,0.48,9.5,1.0,0
6.1,0.37,0.2,7.6,0.031,49.0,170.0,0.99558,3.22,0.48,9.5,1.0,0
6.7,0.16,0.28,2.5,0.046,40.0,153.0,0.9921,3.38,0.51,11.4,1.0,2
6.5,0.24,0.32,7.6,0.038,48.0,203.0,0.9958,3.45,0.54,9.7,1.0,2
7.6,0.56,0.12,10.4,0.096,22.0,177.0,0.9983,3.32,0.45,9.1,1.0,0
6.6,0.3,0.25,8.0,0.036,21.0,124.0,0.99362,3.06,0.38,10.8,1.0,1
7.2,0.39,0.32,1.8,0.065,34.0,60.0,0.99714,3.46,0.78,9.9,0.0,0
10.8,0.47,0.43,2.1,0.171,27.0,66.0,0.9982,3.17,0.76,10.8,0.0,1
8.3,0.61,0.3,2.1,0.084,11.0,50.0,0.9972,3.4,0.61,10.2,0.0,1
6.5,0.35,0.31,10.2,0.069,58.0,170.0,0.99692,3.18,0.49,9.4,1.0,0
5.8,0.385,0.25,3.7,0.031,38.0,122.0,0.99128,3.2,0.63,11.2,1.0,1
7.7,0.23,0.31,10.7,0.038,59.0,186.0,0.9969,3.12,0.55,9.5,1.0,1
6.9,0.58,0.2,1.75,0.058,8.0,22.0,0.99322,3.38,0.49,11.7,0.0,0
7.5,0.19,0.34,2.6,0.037,33.0,125.0,0.9923,3.1,0.49,11.1,1.0,2
6.8,0.63,0.04,1.3,0.058,25.0,133.0,0.99271,3.17,0.39,10.2,1.0,0
6.4,0.31,0.4,6.4,0.039,39.0,191.0,0.99513,3.14,0.52,9.8,1.0,0
7.1,0.14,0.35,1.4,0.039,24.0,128.0,0.99212,2.97,0.68,10.4,1.0,0
8.7,0.42,0.45,2.4,0.072,32.0,59.0,0.99617,3.33,0.77,12.0,0.0,1
6.6,0.2,0.27,10.9,0.038,29.0,130.0,0.99496,3.11,0.44,10.5,1.0,2
5.8,1.01,0.66,2.0,0.039,15.0,88.0,0.99357,3.66,0.6,11.5,0.0,1
6.4,0.17,0.34,1.5,0.093,43.0,136.0,0.9938,3.25,0.49,9.6,1.0,1
6.8,0.59,0.06,6.0,0.06,11.0,18.0,0.9962,3.41,0.59,10.8,0.0,2
8.6,0.26,0.41,2.2,0.049,29.0,111.0,0.9941,2.96,0.44,10.0,1.0,0
8.1,0.785,0.52,2.0,0.122,37.0,153.0,0.9969,3.21,0.69,9.3,0.0,0
7.6,0.18,0.49,18.05,0.046,36.0,158.0,0.9996,3.06,0.41,9.2,1.0,0
7.3,0.19,0.68,1.5,0.05,31.0,156.0,0.9946,3.32,0.64,9.4,1.0,1
6.4,0.32,0.23,16.2,0.055,36.0,176.0,0.9986,3.26,0.54,9.1,1.0,0
5.7,0.25,0.32,12.2,0.041,43.0,127.0,0.99524,3.23,0.53,10.4,1.0,2
8.1,0.28,0.46,15.4,0.059,32.0,177.0,1.0004,3.27,0.58,9.0,1.0,0
6.9,0.18,0.38,8.1,0.049,44.0,176.0,0.9958,3.3,0.54,9.8,1.0,1
7.6,0.345,0.26,1.9,0.043,15.0,134.0,0.9936,3.08,0.38,9.5,1.0,0
9.0,0.82,0.05,2.4,0.081,26.0,96.0,0.99814,3.36,0.53,10.0,0.0,0
6.0,0.27,0.32,3.6,0.035,36.0,133.0,0.99215,3.23,0.46,10.8,1.0,1
8.4,0.67,0.19,2.2,0.093,11.0,75.0,0.99736,3.2,0.59,9.2,0.0,0
6.2,0.3,0.3,2.5,0.041,29.0,82.0,0.99065,3.31,0.61,11.8,1.0,2
6.5,0.18,0.26,1.4,0.041,40.0,141.0,0.9941,3.34,0.72,9.5,1.0,1
5.6,0.695,0.06,6.8,0.042,9.0,84.0,0.99432,3.44,0.44,10.2,1.0,0
6.4,0.3,0.33,5.2,0.05,30.0,137.0,0.99304,3.26,0.58,11.1,1.0,0
7.6,0.26,0.36,1.6,0.032,6.0,106.0,0.993,3.15,0.4,10.4,1.0,0
6.1,0.33,0.32,7.8,0.052,52.0,183.0,0.99657,3.39,0.65,9.5,1.0,0
6.6,0.54,0.21,16.3,0.055,41.0,182.0,0.9986,3.35,0.54,10.4,1.0,1
7.3,0.33,0.22,1.4,0.041,40.0,177.0,0.99287,3.14,0.48,9.9,1.0,0
6.6,0.725,0.09,5.5,0.117,9.0,17.0,0.99655,3.35,0.49,10.8,0.0,1
6.6,0.5,0.0,1.8,0.062,21.0,28.0,0.99352,3.44,0.55,12.3,0.0,1
7.0,0.24,0.35,1.5,0.052,51.0,128.0,0.9941,3.41,0.59,10.4,1.0,2
7.0,0.44,0.24,12.1,0.056,68.0,210.0,0.99718,3.05,0.5,9.5,1.0,0
6.9,0.18,0.36,1.3,0.036,40.0,117.0,0.9934,3.27,0.95,9.5,1.0,2
7.7,0.42,0.38,8.1,0.061,49.0,144.0,0.9966,3.4,0.58,11.0,1.0,1
7.6,0.48,0.31,2.8,0.07,4.0,15.0,0.99693,3.22,0.55,10.3,0.0,1
6.1,0.32,0.24,1.5,0.036,38.0,124.0,0.9898,3.29,0.42,12.4,1.0,2
7.4,0.16,0.31,6.85,0.059,31.0,131.0,0.9952,3.29,0.34,9.7,1.0,0
6.8,0.32,0.33,0.7,0.027,15.0,66.0,0.9899,3.11,0.31,11.8,1.0,1
6.9,0.25,0.35,1.3,0.039,29.0,191.0,0.9908,3.13,0.52,11.0,1.0,1
7.5,0.24,0.31,13.1,0.05,26.0,180.0,0.99884,3.05,0.53,9.1,1.0,1
6.4,0.105,0.29,1.1,0.035,44.0,140.0,0.99142,3.17,0.55,10.7,1.0,2
5.1,0.29,0.28,8.3,0.026,27.0,107.0,0.99308,3.36,0.37,11.0,1.0,1
7.1,0.35,0.24,15.4,0.055,46.0,198.0,0.9988,3.12,0.49,8.8,1.0,0
6.8,0.28,0.29,11.9,0.052,51.0,149.0,0.99544,3.02,0.58,10.4,1.0,1
9.0,0.2,0.33,3.5,0.049,10.0,40.0,0.9944,3.14,0.36,9.8,1.0,1
7.2,0.13,0.46,1.3,0.044,48.0,111.0,0.99127,2.97,0.45,11.1,1.0,0
6.4,0.35,0.28,1.6,0.037,31.0,113.0,0.98779,3.12,0.4,14.2,1.0,2
6.1,0.34,0.27,2.6,0.024,20.0,105.0,0.9906,3.4,0.67,12.2,1.0,2
7.0,0.17,0.33,4.0,0.034,17.0,127.0,0.9934,3.19,0.39,10.6,1.0,2
6.5,0.29,0.3,9.15,0.051,25.0,166.0,0.99339,3.24,0.56,11.3333333333333,1.0,1
6.8,0.14,0.35,1.5,0.047,40.0,117.0,0.99111,3.07,0.72,11.1,1.0,1
6.8,0.14,0.35,1.5,0.047,40.0,117.0,0.99111,3.07,0.72,11.1,1.0,1
6.0,0.28,0.34,1.6,0.119,33.0,104.0,0.9921,3.19,0.38,10.2,1.0,1
6.4,0.22,0.32,12.0,0.066,57.0,158.0,0.9992,3.6,0.43,9.0,1.0,1
6.3,0.29,0.28,4.7,0.059,28.0,81.0,0.99036,3.24,0.56,12.7,1.0,2
6.5,0.26,0.27,12.9,0.044,69.0,215.0,0.9967,3.17,0.43,10.0,1.0,1
6.8,0.15,0.41,12.9,0.044,79.5,183.0,0.99742,3.24,0.78,10.2,1.0,1
6.2,0.21,0.24,1.2,0.051,31.0,95.0,0.99036,3.24,0.57,11.3,1.0,1
6.7,0.16,0.36,2.0,0.045,24.0,131.0,0.99284,3.3,0.59,10.5,1.0,1
9.7,0.14,0.59,1.5,0.049,23.0,142.0,0.9958,2.98,0.62,9.5,1.0,0
7.2,0.36,0.46,2.1,0.074,24.0,44.0,0.99534,3.4,0.85,11.0,0.0,2
6.1,0.28,0.23,4.2,0.038,13.0,95.0,0.98898,2.97,0.7,13.1,1.0,1
6.6,0.24,0.3,11.3,0.026,11.0,77.0,0.99381,3.13,0.55,12.8,1.0,2
7.4,0.22,0.33,2.0,0.045,31.0,101.0,0.9931,3.42,0.55,11.4,1.0,0
5.6,0.32,0.33,7.4,0.037,25.0,95.0,0.99268,3.25,0.49,11.1,1.0,1
6.8,0.15,0.3,5.3,0.05,40.0,127.0,0.9942,3.4,0.39,9.7,1.0,1
6.4,0.26,0.21,8.2,0.05,51.0,182.0,0.99542,3.23,0.48,9.5,1.0,0
6.0,0.52,0.33,7.7,0.046,24.0,119.0,0.99224,3.04,0.38,11.0,1.0,1
10.9,0.21,0.49,2.8,0.088,11.0,32.0,0.9972,3.22,0.68,11.7,0.0,1
5.9,0.61,0.08,2.1,0.071,16.0,24.0,0.99376,3.56,0.77,11.1,0.0,1
5.7,0.21,0.24,2.3,0.047,60.0,189.0,0.995,3.65,0.72,10.1,1.0,1
6.0,0.33,0.2,1.8,0.031,49.0,159.0,0.9919,3.41,0.53,11.0,1.0,1
10.4,0.41,0.55,3.2,0.076,22.0,54.0,0.9996,3.15,0.89,9.9,0.0,1
8.8,0.6,0.29,2.2,0.098,5.0,15.0,0.9988,3.36,0.49,9.1,0.0,0
6.0,0.27,0.26,1.3,0.038,32.0,138.0,0.99125,3.46,0.43,11.1,1.0,1
8.8,0.23,0.35,10.7,0.04,26.0,183.0,0.9984,2.93,0.49,9.1,1.0,1
8.6,0.22,0.36,1.9,0.064,53.0,77.0,0.99604,3.47,0.87,11.0,0.0,2
7.3,0.28,0.35,1.6,0.054,31.0,148.0,0.99178,3.18,0.47,10.7,1.0,0
10.8,0.5,0.46,2.5,0.073,5.0,27.0,1.0001,3.05,0.64,9.5,0.0,0
5.6,0.605,0.05,2.4,0.073,19.0,25.0,0.99258,3.56,0.55,12.9,0.0,0
7.5,0.28,0.41,1.3,0.044,11.0,126.0,0.99293,3.28,0.45,10.3,1.0,0
7.7,0.27,0.34,1.8,0.028,26.0,168.0,0.9911,2.99,0.48,12.1,1.0,2
7.6,0.36,0.31,1.7,0.079,26.0,65.0,0.99716,3.46,0.62,9.5,0.0,1
7.0,0.22,0.32,1.6,0.045,40.0,120.0,0.9914,2.98,0.44,10.5,1.0,1
7.9,0.2,0.34,1.2,0.04,29.0,118.0,0.9932,3.14,0.41,10.6,1.0,1
7.8,0.6,0.26,2.0,0.08,31.0,131.0,0.99622,3.21,0.52,9.9,0.0,0
5.7,0.28,0.35,1.2,0.052,39.0,141.0,0.99108,3.44,0.69,11.3,1.0,1
7.7,0.3,0.32,1.6,0.037,23.0,124.0,0.9919,2.93,0.33,11.0,1.0,1
8.3,0.3,0.49,3.8,0.09,11.0,24.0,0.99498,3.27,0.64,12.1,0.0,2
5.8,0.14,0.15,6.1,0.042,27.0,123.0,0.99362,3.06,0.6,9.9,1.0,1
6.4,0.16,0.44,1.2,0.051,39.0,122.0,0.99058,3.11,0.75,11.3,1.0,2
5.6,0.615,0.0,1.6,0.089,16.0,59.0,0.9943,3.58,0.52,9.9,0.0,0
7.0,0.69,0.07,2.5,0.091,15.0,21.0,0.99572,3.38,0.6,11.3,0.0,1
6.7,0.21,0.37,2.5,0.034,35.0,89.0,0.9913,3.25,0.5,11.0,1.0,2
6.8,0.22,0.49,0.9,0.052,26.0,128.0,0.991,3.25,0.35,11.4,1.0,1
7.2,0.22,0.28,7.2,0.06,41.0,132.0,0.9935,3.08,0.59,11.3,1.0,1
9.9,0.54,0.45,2.3,0.071,16.0,40.0,0.9991,3.39,0.62,9.4,0.0,0
7.2,0.23,0.38,14.3,0.058,55.0,194.0,0.9979,3.09,0.44,9.0,1.0,1
6.9,0.18,0.36,1.3,0.036,40.0,117.0,0.9934,3.27,0.95,9.5,1.0,2
6.9,0.33,0.62,7.5,0.038,46.0,132.0,0.99143,3.23,0.43,13.4,1.0,2
6.9,0.38,0.29,13.65,0.048,52.0,189.0,0.99784,3.0,0.6,9.5,1.0,1
9.1,0.76,0.68,1.7,0.414,18.0,64.0,0.99652,2.9,1.33,9.1,0.0,1
7.6,0.27,0.29,2.5,0.059,37.0,115.0,0.99328,3.09,0.37,9.8,1.0,0
6.8,0.34,0.74,2.8,0.088,23.0,185.0,0.9928,3.51,0.7,12.0,1.0,1
7.3,0.19,0.27,13.9,0.057,45.0,155.0,0.99807,2.94,0.41,8.8,1.0,2
6.0,0.18,0.27,1.5,0.089,40.0,143.0,0.9923,3.49,0.62,10.8,1.0,1
6.5,0.2,0.24,9.2,0.044,25.0,150.0,0.99502,3.22,0.44,10.5,1.0,0
7.7,0.28,0.29,6.9,0.041,29.0,163.0,0.9952,3.44,0.6,10.5,1.0,1
7.3,0.31,0.69,10.2,0.041,58.0,160.0,0.9977,3.06,0.45,8.6,1.0,0
5.9,0.22,0.38,1.3,0.046,24.0,90.0,0.99232,3.2,0.47,10.0,1.0,1
7.4,0.27,0.49,1.1,0.037,33.0,156.0,0.992,3.15,0.54,11.1,1.0,1
9.4,0.33,0.59,2.8,0.079,9.0,30.0,0.9976,3.12,0.54,12.0,0.0,1
12.8,0.84,0.63,2.4,0.088,13.0,35.0,0.9997,3.1,0.6,10.4,0.0,1
7.3,0.23,0.27,2.6,0.035,39.0,120.0,0.99138,3.04,0.59,11.3,1.0,2
7.4,0.25,0.36,13.2,0.067,53.0,178.0,0.9976,3.01,0.48,9.0,1.0,1
7.0,0.2,0.34,2.1,0.049,12.0,136.0,0.9922,3.25,0.46,11.6,1.0,2
5.6,0.26,0.5,11.4,0.029,25.0,93.0,0.99428,3.23,0.49,10.5,1.0,1
6.9,0.28,0.37,9.1,0.037,16.0,76.0,0.9948,3.05,0.54,11.1,1.0,0
6.9,0.33,0.21,1.0,0.053,39.0,148.0,0.9927,3.12,0.45,9.4,1.0,1
8.4,0.2,0.31,2.8,0.054,16.0,89.0,0.99416,2.96,0.45,9.5,1.0,1
6.1,0.27,0.28,9.8,0.042,61.0,125.0,0.99532,3.14,0.42,10.2,1.0,1
6.8,0.21,0.31,2.9,0.046,40.0,121.0,0.9913,3.07,0.65,10.9,1.0,2
10.1,0.31,0.35,1.6,0.075,9.0,28.0,0.99672,3.24,0.83,11.2,0.0,2
7.9,0.19,0.42,1.6,0.057,18.0,30.0,0.994,3.29,0.69,11.2,0.0,1
7.5,0.23,0.49,7.7,0.049,61.0,209.0,0.9941,3.14,0.3,11.1,1.0,2
8.7,0.31,0.21,5.6,0.039,28.0,67.0,0.99328,2.96,0.52,11.0,1.0,0
6.7,0.42,0.39,12.1,0.04,61.0,248.0,0.99794,3.31,0.58,9.7,1.0,0
5.8,0.25,0.26,13.1,0.051,44.0,148.0,0.9972,3.29,0.38,9.3,1.0,0
5.2,0.285,0.29,5.15,0.035,64.0,138.0,0.9895,3.19,0.34,12.4,1.0,2
9.3,0.36,0.39,1.5,0.08,41.0,55.0,0.99652,3.47,0.73,10.9,0.0,1
6.8,0.25,0.18,1.4,0.056,13.0,137.0,0.9935,3.11,0.42,9.5,1.0,0
6.4,0.27,0.49,7.3,0.046,53.0,206.0,0.9956,3.24,0.43,9.2,1.0,1
6.9,0.58,0.01,1.9,0.08,40.0,54.0,0.99683,3.4,0.73,9.7,0.0,0
7.0,0.24,0.34,3.0,0.035,36.0,102.0,0.9905,3.18,0.43,12.2,1.0,1
6.9,0.32,0.26,2.3,0.03,11.0,103.0,0.99106,3.06,0.42,11.1,1.0,1
14.2,0.27,0.49,1.1,0.037,33.0,156.0,0.992,3.15,0.54,11.1,1.0,1
6.0,0.26,0.5,2.2,0.048,59.0,153.0,0.9928,3.08,0.61,9.8,1.0,0
7.5,0.28,0.34,4.2,0.028,36.0,116.0,0.991,2.99,0.41,12.3,1.0,2
6.2,0.76,0.01,3.2,0.041,18.0,120.0,0.99026,3.2,0.94,13.7,1.0,2
7.1,0.14,0.4,1.2,0.051,55.0,136.0,0.9932,3.3,0.96,9.8,1.0,2
5.6,0.16,0.27,1.4,0.044,53.0,168.0,0.9918,3.28,0.37,10.1,1.0,1
9.0,0.48,0.32,2.8,0.084,21.0,122.0,0.9984,3.32,0.62,9.4,0.0,0
8.0,0.22,0.28,14.0,0.053,83.0,197.0,0.9981,3.14,0.45,9.8,1.0,1
6.8,0.38,0.29,9.9,0.037,40.0,146.0,0.99326,3.11,0.37,11.5,1.0,1
7.9,0.25,0.35,6.7,0.039,22.0,64.0,0.99362,2.93,0.49,10.7,1.0,0
7.9,0.5,0.33,2.0,0.084,15.0,143.0,0.9968,3.2,0.55,9.5,0.0,0
7.5,0.4,0.12,3.0,0.092,29.0,53.0,0.9967,3.37,0.7,10.3,0.0,1
8.1,0.28,0.39,1.9,0.029,18.0,79.0,0.9923,3.23,0.52,11.8,1.0,1
7.5,0.22,0.32,2.4,0.045,29.0,100.0,0.99135,3.08,0.6,11.3,1.0,2
5.8,0.19,0.49,4.9,0.04,44.0,118.0,0.9935,3.34,0.38,9.5,1.0,2
6.6,0.33,0.24,16.05,0.045,31.0,147.0,0.99822,3.08,0.52,9.2,1.0,0
7.5,0.705,0.24,1.8,0.36,15.0,63.0,0.9964,3.0,1.59,9.5,0.0,0
7.1,0.28,0.49,6.5,0.041,28.0,111.0,0.9926,3.41,0.58,12.2,1.0,2
6.9,0.16,0.37,1.8,0.034,36.0,95.0,0.98952,2.93,0.59,12.0,1.0,1
7.2,0.26,0.3,2.1,0.033,50.0,158.0,0.9909,3.33,0.43,12.1,1.0,2
6.0,0.2,0.25,2.0,0.041,30.0,95.0,0.99078,3.27,0.56,11.1,1.0,1
7.1,0.44,0.62,11.8,0.044,52.0,152.0,0.9975,3.12,0.46,8.7,1.0,1
7.5,0.31,0.41,2.4,0.065,34.0,60.0,0.99492,3.34,0.85,11.4,0.0,1
6.3,0.27,0.46,11.1,0.053,44.0,177.0,0.99691,3.18,0.67,9.4,1.0,0
6.0,0.5,0.0,1.4,0.057,15.0,26.0,0.99448,3.36,0.45,9.5,0.0,0
7.4,0.35,0.31,17.95,0.062,42.0,187.0,1.0002,3.27,0.64,9.1,1.0,0
6.6,0.24,0.27,15.8,0.035,46.0,188.0,0.9982,3.24,0.51,9.2,1.0,0
6.4,0.69,0.09,7.6,0.044,34.0,144.0,0.9948,3.26,0.38,10.1,1.0,1
7.0,0.2,0.34,5.7,0.035,32.0,83.0,0.9928,3.19,0.46,11.5,1.0,1
7.15,0.17,0.24,9.6,0.119,56.0,178.0,0.99578,3.15,0.44,10.2,1.0,1
7.3,0.24,0.43,2.0,0.021,20.0,69.0,0.99,3.08,0.56,12.2,1.0,1
6.2,0.25,0.38,7.9,0.045,54.0,208.0,0.99572,3.17,0.46,9.1,1.0,0
8.4,0.22,0.3,1.3,0.038,45.0,122.0,0.99178,3.13,0.54,10.8,1.0,2
9.7,0.53,0.6,2.0,0.039,5.0,19.0,0.99585,3.3,0.86,12.4,0.0,1
7.0,0.21,0.28,8.7,0.045,37.0,222.0,0.9954,3.25,0.54,10.4,1.0,1
6.3,0.15,0.3,1.4,0.022,38.0,100.0,0.99099,3.42,0.57,11.4,1.0,2
6.1,0.26,0.51,2.2,0.05,61.0,154.0,0.9929,3.08,0.6,9.8,1.0,1
7.4,0.28,0.5,12.1,0.049,48.0,122.0,0.9973,3.01,0.44,9.0,1.0,0
5.8,0.36,0.38,0.9,0.037,3.0,75.0,0.9904,3.28,0.34,11.4,1.0,0
8.3,0.675,0.26,2.1,0.084,11.0,43.0,0.9976,3.31,0.53,9.2,0.0,0
6.7,0.2,0.42,14.0,0.038,83.0,160.0,0.9987,3.16,0.5,9.4,1.0,1
6.5,0.22,0.32,2.2,0.028,36.0,92.0,0.99076,3.27,0.59,11.9,1.0,2
6.1,0.17,0.28,2.5,0.028,22.0,98.0,0.99072,3.16,0.37,11.1,1.0,2
7.8,0.43,0.49,13.0,0.033,37.0,158.0,0.9955,3.14,0.35,11.3,1.0,1
8.3,0.27,0.34,10.2,0.048,50.0,118.0,0.99716,3.18,0.51,10.3,1.0,0
5.6,0.26,0.18,1.4,0.034,18.0,135.0,0.99174,3.32,0.35,10.2,1.0,1
6.3,0.33,0.2,17.9,0.066,36.0,161.0,0.9991,3.14,0.51,8.8,1.0,0
6.5,0.15,0.44,12.6,0.052,65.0,158.0,0.99688,3.26,0.7,10.3,1.0,2
5.9,0.36,0.41,1.3,0.047,45.0,104.0,0.9917,3.33,0.51,10.6,1.0,1
6.7,0.31,0.18,7.7,0.043,57.0,200.0,0.99566,3.17,0.44,9.4,1.0,1
6.0,0.24,0.41,1.3,0.036,42.0,118.0,0.99018,3.04,0.64,11.7333333333333,1.0,1
7.0,0.22,0.26,2.8,0.036,44.0,132.0,0.99078,3.34,0.41,12.0,1.0,2
7.8,0.815,0.01,2.6,0.074,48.0,90.0,0.99621,3.38,0.62,10.8,0.0,0
6.4,0.27,0.17,8.4,0.044,60.0,198.0,0.99578,3.21,0.47,9.4,1.0,0
6.8,0.27,0.12,1.3,0.04,87.0,168.0,0.992,3.18,0.41,10.0,1.0,0
5.6,0.21,0.24,4.4,0.027,37.0,150.0,0.991,3.3,0.31,11.5,1.0,2
6.6,0.22,0.29,14.4,0.046,39.0,118.0,0.99834,3.05,0.5,9.1,1.0,1
6.9,0.32,0.26,8.3,0.053,32.0,180.0,0.9965,3.25,0.51,9.2,1.0,1
6.1,0.34,0.24,18.35,0.05,33.0,184.0,0.99943,3.12,0.61,9.3,1.0,0
7.3,0.32,0.48,13.3,0.06,57.0,196.0,0.9982,3.04,0.5,9.2,1.0,0
7.5,0.57,0.02,2.6,0.077,11.0,35.0,0.99557,3.36,0.62,10.8,0.0,1
6.7,0.28,0.28,4.5,0.051,14.0,92.0,0.99224,3.36,0.58,11.9,1.0,1
7.8,0.18,0.31,12.2,0.053,46.0,140.0,0.998,3.06,0.53,8.9,1.0,1
10.1,0.31,0.44,2.3,0.08,22.0,46.0,0.9988,3.32,0.67,9.7,0.0,1
4.8,0.65,0.12,1.1,0.013,4.0,10.0,0.99246,3.32,0.36,13.5,1.0,0
8.0,0.32,0.26,1.2,0.05,11.5,88.0,0.9946,3.24,0.37,9.5,1.0,0
7.0,0.59,0.0,1.7,0.052,3.0,8.0,0.996,3.41,0.47,10.3,0.0,0
5.9,0.33,0.32,8.1,0.038,9.0,34.0,0.9911,3.22,0.36,12.7,1.0,2
6.9,0.19,0.31,19.25,0.043,38.0,167.0,0.99954,2.93,0.52,9.1,1.0,2
6.5,0.23,0.36,16.3,0.038,43.0,133.0,0.99924,3.26,0.41,8.8,1.0,0
6.1,0.24,0.27,11.5,0.05,51.0,133.0,0.99476,3.22,0.37,10.8,1.0,1
5.8,0.31,0.33,1.2,0.036,23.0,99.0,0.9916,3.18,0.6,10.5,1.0,1
11.2,0.67,0.55,2.3,0.084,6.0,13.0,1.0,3.17,0.71,9.5,0.0,1
7.2,0.18,0.45,4.4,0.046,57.0,166.0,0.9943,3.13,0.62,11.2,1.0,1
6.5,0.32,0.34,5.7,0.044,27.0,91.0,0.99184,3.28,0.6,12.0,1.0,2
6.7,0.25,0.31,1.35,0.061,30.5,218.0,0.99388,3.16,0.53,9.5,1.0,0
4.8,0.29,0.23,1.1,0.044,38.0,180.0,0.98924,3.28,0.34,11.9,1.0,1
6.6,0.17,0.35,2.6,0.03,33.0,78.0,0.99146,3.22,0.72,11.3,1.0,1
7.7,0.27,0.34,1.8,0.028,26.0,168.0,0.9911,2.99,0.48,12.1,1.0,2
7.4,0.2,0.33,1.9,0.035,39.0,138.0,0.991,3.17,0.44,11.7,1.0,2
8.2,0.2,0.38,3.5,0.053,41.0,174.0,0.99306,3.22,0.41,11.6,1.0,0
11.1,0.35,0.48,3.1,0.09,5.0,21.0,0.9986,3.17,0.53,10.5,0.0,0
9.2,0.27,0.34,10.5,0.043,49.0,228.0,0.9974,3.04,0.41,10.4,1.0,1
8.2,0.17,0.32,1.5,0.05,17.0,101.0,0.994,3.14,0.58,9.5,1.0,0
10.7,0.67,0.22,2.7,0.107,17.0,34.0,1.0004,3.28,0.98,9.9,0.0,1
6.3,0.33,0.27,1.2,0.046,34.0,175.0,0.9934,3.37,0.54,9.4,1.0,1
5.9,0.29,0.28,3.2,0.035,16.0,117.0,0.98959,3.26,0.42,12.6,1.0,1
6.6,0.26,0.46,7.8,0.047,48.0,186.0,0.9958,3.2,0.54,9.1,1.0,0
7.8,0.26,0.49,3.1,0.045,21.0,116.0,0.9931,3.16,0.35,10.3,1.0,0
9.2,0.63,0.21,2.7,0.097,29.0,65.0,0.9988,3.28,0.58,9.6,0.0,0
7.4,0.19,0.3,12.8,0.053,48.5,229.0,0.9986,3.14,0.49,9.1,1.0,2
9.4,0.685,0.11,2.7,0.077,6.0,31.0,0.9984,3.19,0.7,10.1,0.0,1
5.0,0.4,0.5,4.3,0.046,29.0,80.0,0.9902,3.49,0.66,13.6,0.0,1
9.4,0.5,0.34,3.6,0.082,5.0,14.0,0.9987,3.29,0.52,10.7,0.0,1
6.9,0.38,0.38,13.1,0.112,14.0,94.0,0.99792,3.02,0.48,9.2,1.0,0
7.2,0.65,0.02,2.3,0.094,5.0,31.0,0.9993,3.67,0.8,9.7,0.0,0
7.2,0.16,0.26,7.1,0.054,41.0,224.0,0.9966,3.38,0.55,10.1,1.0,0
7.8,0.21,0.34,11.9,0.039,55.0,140.0,0.9959,3.02,0.31,10.3,1.0,1
7.6,0.41,0.24,1.8,0.08,4.0,11.0,0.9962,3.28,0.59,9.5,0.0,0
8.0,0.4,0.33,7.7,0.034,27.0,98.0,0.9935,3.18,0.41,12.2,1.0,2
6.6,0.28,0.34,0.8,0.037,42.0,119.0,0.9888,3.03,0.37,12.5,1.0,1
6.8,0.28,0.36,8.0,0.045,28.0,123.0,0.9928,3.02,0.37,11.4,1.0,1
7.5,0.17,0.44,11.3,0.046,65.0,146.0,0.997,3.17,0.45,10.0,1.0,1
7.2,0.23,0.38,6.1,0.067,20.0,90.0,0.99496,3.17,0.79,9.7,1.0,0
6.0,0.29,0.2,12.6,0.045,45.0,187.0,0.9972,3.33,0.42,9.5,1.0,0
8.0,0.6,0.08,2.6,0.056,3.0,7.0,0.99286,3.22,0.37,13.0,0.0,0
7.1,0.46,0.2,1.9,0.077,28.0,54.0,0.9956,3.37,0.64,10.4,0.0,1
6.9,0.52,0.25,2.6,0.081,10.0,37.0,0.99685,3.46,0.5,11.0,0.0,0
6.7,0.62,0.24,1.1,0.039,6.0,62.0,0.9934,3.41,0.32,10.4,1.0,0
7.6,0.34,0.39,7.6,0.04,45.0,215.0,0.9965,3.11,0.53,9.2,1.0,1
7.0,0.28,0.32,7.75,0.032,30.0,114.0,0.99158,3.12,0.64,12.8,1.0,2
6.1,0.15,0.29,6.2,0.046,39.0,151.0,0.99471,3.6,0.44,10.6,1.0,1
7.3,0.23,0.37,1.9,0.041,51.0,165.0,0.9908,3.26,0.4,12.2,1.0,2
7.0,0.21,0.28,8.6,0.045,37.0,221.0,0.9954,3.25,0.54,10.4,1.0,1
6.0,0.25,0.28,7.7,0.053,37.0,132.0,0.99489,3.06,0.5,9.4,1.0,1
7.6,0.23,0.64,12.9,0.033,54.0,170.0,0.998,3.0,0.53,8.8,1.0,0
6.3,0.27,0.51,7.6,0.049,35.0,200.0,0.99548,3.16,0.54,9.4,1.0,0
6.4,0.3,0.36,2.0,0.052,18.0,141.0,0.99273,3.38,0.53,10.5,1.0,1
6.2,0.53,0.02,0.9,0.035,6.0,81.0,0.99234,3.24,0.35,9.5,1.0,0
6.3,0.3,0.29,2.1,0.048,33.0,142.0,0.98956,3.22,0.46,12.9,1.0,2
7.1,0.17,0.38,7.4,0.052,49.0,182.0,0.9958,3.35,0.52,9.6,1.0,1
6.8,0.32,0.3,3.3,0.029,15.0,80.0,0.99061,3.33,0.63,12.6,1.0,2
7.5,0.25,0.47,4.1,0.041,95.0,163.0,0.99184,2.92,0.59,11.3,1.0,1
7.0,0.34,0.1,3.5,0.044,17.0,63.0,0.9937,3.01,0.39,9.2,1.0,0
6.8,0.24,0.37,7.45,0.043,59.0,188.0,0.99579,3.2,0.5,9.4,1.0,1
6.6,0.17,0.38,1.5,0.032,28.0,112.0,0.9914,3.25,0.55,11.4,1.0,2
8.3,0.36,0.57,15.0,0.052,35.0,256.0,1.0001,2.93,0.64,8.6,1.0,0
8.8,0.48,0.41,3.3,0.092,26.0,52.0,0.9982,3.31,0.53,10.5,0.0,1
7.5,0.28,0.41,1.3,0.044,11.0,126.0,0.99293,3.28,0.45,10.3,1.0,0
7.2,0.27,0.28,15.2,0.046,6.0,41.0,0.99665,3.17,0.39,10.9,1.0,1
5.6,0.26,0.27,10.6,0.03,27.0,119.0,0.9947,3.4,0.34,10.7,1.0,2
10.3,0.27,0.24,2.1,0.072,15.0,33.0,0.9956,3.22,0.66,12.8,0.0,1
7.0,0.28,0.33,14.6,0.043,47.0,168.0,0.9994,3.34,0.67,8.8,1.0,1
6.7,0.34,0.31,16.4,0.051,20.0,146.0,0.99834,3.06,0.54,9.1,1.0,0
6.1,0.34,0.29,2.2,0.036,25.0,100.0,0.98938,3.06,0.44,11.8,1.0,1
5.6,0.3,0.1,6.4,0.043,34.0,142.0,0.99382,3.14,0.48,9.8,1.0,0
8.0,0.29,0.49,11.7,0.035,40.0,131.0,0.9958,3.14,0.34,10.8,1.0,0
6.4,0.24,0.49,5.8,0.053,25.0,120.0,0.9942,3.01,0.98,10.5,1.0,1
7.0,0.42,0.35,1.6,0.088,16.0,39.0,0.9961,3.34,0.55,9.2,0.0,0
12.5,0.28,0.54,2.3,0.082,12.0,29.0,0.9997,3.11,1.36,9.8,0.0,2
6.2,0.23,0.36,17.2,0.039,37.0,130.0,0.99946,3.23,0.43,8.8,1.0,1
6.6,0.56,0.22,8.9,0.034,27.0,133.0,0.99675,3.2,0.51,9.1,1.0,0
6.7,0.28,0.28,2.4,0.012,36.0,100.0,0.99064,3.26,0.39,11.7,0.0,2
6.7,0.24,0.46,2.2,0.033,19.0,111.0,0.99045,3.1,0.62,11.9,1.0,1
7.3,0.29,0.37,8.3,0.044,45.0,227.0,0.9966,3.12,0.47,9.0,1.0,0
6.7,0.17,0.37,2.0,0.039,34.0,125.0,0.9922,3.26,0.6,10.8,1.0,2
8.3,0.66,0.15,1.9,0.079,17.0,42.0,0.9972,3.31,0.54,9.6,0.0,1
7.1,0.18,0.26,1.3,0.041,20.0,71.0,0.9926,3.04,0.74,9.9,1.0,1
7.2,0.17,0.34,6.4,0.042,16.0,111.0,0.99278,2.99,0.4,10.8,1.0,1
6.0,0.28,0.29,19.3,0.051,36.0,174.0,0.99911,3.14,0.5,9.0,1.0,0
8.3,0.2,0.74,4.45,0.044,33.0,130.0,0.9924,3.25,0.42,12.2,1.0,1
8.1,0.27,0.41,1.45,0.033,11.0,63.0,0.9908,2.99,0.56,12.0,1.0,0
6.7,0.24,0.32,10.3,0.079,37.0,122.0,0.99662,3.02,0.45,8.8,1.0,0
6.6,0.42,0.33,2.8,0.034,15.0,85.0,0.99,3.28,0.51,13.4,1.0,1
5.6,0.26,0.0,10.2,0.038,13.0,111.0,0.99315,3.44,0.46,12.4,1.0,1
6.8,0.23,0.39,16.1,0.053,71.0,194.0,0.9988,3.18,0.64,10.2,1.0,1
6.6,0.34,0.18,6.4,0.082,47.0,240.0,0.9971,3.42,0.48,9.2,1.0,0
7.7,0.31,0.23,2.0,0.069,29.0,134.0,0.99382,3.11,0.62,9.8,1.0,0
7.3,0.26,0.33,17.85,0.049,41.5,195.0,1.0,3.06,0.44,9.1,1.0,2
7.9,0.34,0.44,6.5,0.027,47.0,126.0,0.99124,2.96,0.37,12.5,1.0,1
6.4,0.31,0.31,12.9,0.045,55.0,161.0,0.99546,3.02,0.59,10.2,1.0,0
6.3,0.25,0.22,3.3,0.048,41.0,161.0,0.99256,3.16,0.5,10.5,1.0,1
8.1,0.26,0.3,7.8,0.049,39.0,152.0,0.9954,2.99,0.58,10.0,1.0,1
6.3,0.29,0.3,8.1,0.212,60.0,150.0,0.9958,3.1,0.4,9.3,1.0,0
6.8,0.22,0.41,6.7,0.034,39.0,116.0,0.99245,3.18,0.46,11.5,1.0,1
8.6,0.8,0.11,2.3,0.084,12.0,31.0,0.9979,3.4,0.48,9.9,0.0,0
8.0,0.17,0.29,2.4,0.029,52.0,119.0,0.98944,3.03,0.33,12.9,1.0,1
5.7,0.21,0.25,1.1,0.035,26.0,81.0,0.9902,3.31,0.52,11.4,1.0,1
7.1,0.55,0.13,1.7,0.073,21.0,165.0,0.994,2.97,0.58,9.2,1.0,1
6.8,0.33,0.31,7.4,0.045,34.0,143.0,0.99226,3.06,0.55,12.2,1.0,1
7.7,0.69,0.49,1.8,0.115,20.0,112.0,0.9968,3.21,0.71,9.3,0.0,0
7.2,0.4,0.62,10.8,0.041,70.0,189.0,0.9976,3.08,0.49,8.6,1.0,0
7.4,0.24,0.4,4.3,0.032,9.0,95.0,0.992,3.09,0.39,11.1,1.0,1
4.2,0.17,0.36,1.8,0.029,93.0,161.0,0.98999,3.65,0.89,12.0,1.0,2
6.0,0.33,0.27,0.8,0.185,12.0,188.0,0.9924,3.12,0.62,9.4,1.0,0
12.0,0.5,0.59,1.4,0.073,23.0,42.0,0.998,2.92,0.68,10.5,0.0,2
7.4,0.37,0.43,2.6,0.082,18.0,82.0,0.99708,3.33,0.68,9.7,0.0,1
5.7,0.23,0.28,9.65,0.025,26.0,121.0,0.9925,3.28,0.38,11.3,1.0,1
7.4,0.18,0.27,1.3,0.048,26.0,105.0,0.994,3.52,0.66,10.6,1.0,1
6.4,0.31,0.28,2.5,0.039,34.0,137.0,0.98946,3.22,0.38,12.7,1.0,1
6.0,0.21,0.34,2.0,0.042,63.0,123.0,0.99052,3.44,0.42,11.4,1.0,1
6.4,0.23,0.37,7.9,0.05,60.0,150.0,0.99488,2.86,0.49,9.3,1.0,1
9.9,0.49,0.23,2.4,0.087,19.0,115.0,0.9948,2.77,0.44,9.4,1.0,1
7.7,0.28,0.35,15.3,0.056,31.0,117.0,0.9998,3.27,0.5,9.6,1.0,0
11.6,0.475,0.4,1.4,0.091,6.0,28.0,0.99704,3.07,0.65,10.0333333333333,0.0,1
7.7,0.18,0.34,2.7,0.066,15.0,58.0,0.9947,3.37,0.78,11.8,0.0,1
7.6,0.25,1.23,4.6,0.035,51.0,294.0,0.99018,3.03,0.43,13.1,1.0,1
7.1,0.35,0.27,3.1,0.034,28.0,134.0,0.9897,3.26,0.38,13.1,1.0,2
6.2,0.235,0.34,1.9,0.036,4.0,117.0,0.99032,3.4,0.44,12.2,1.0,0
6.7,0.34,0.4,2.1,0.033,34.0,111.0,0.98924,2.97,0.48,12.2,1.0,2
7.0,0.45,0.34,2.7,0.082,16.0,72.0,0.998,3.55,0.6,9.5,0.0,0
6.9,0.28,0.27,2.1,0.036,42.0,121.0,0.9926,3.42,0.49,10.8,1.0,2
7.0,0.44,0.24,12.1,0.056,68.0,210.0,0.99718,3.05,0.5,9.5,1.0,0
5.1,0.21,0.28,1.4,0.047,48.0,148.0,0.99168,3.5,0.49,10.4,1.0,0
8.6,0.635,0.68,1.8,0.403,19.0,56.0,0.99632,3.02,1.15,9.3,0.0,0
5.0,0.455,0.18,1.9,0.036,33.0,106.0,0.98746,3.21,0.83,14.0,1.0,2
6.1,0.17,0.21,1.9,0.09,44.0,130.0,0.99255,3.07,0.41,9.7,1.0,0
6.3,0.29,0.29,3.3,0.037,32.0,140.0,0.9895,3.17,0.36,12.8,1.0,2
8.3,0.49,0.23,6.65,0.034,6.0,158.0,0.99344,3.05,0.48,11.2,1.0,0
11.1,0.44,0.42,2.2,0.064,14.0,19.0,0.99758,3.25,0.57,10.4,0.0,1
7.0,0.38,0.49,2.5,0.097,33.0,85.0,0.9962,3.39,0.77,11.4,0.0,1
6.5,0.43,0.28,11.25,0.032,31.0,87.0,0.9922,3.02,0.38,12.4,1.0,1
7.1,0.29,0.49,1.2,0.031,32.0,99.0,0.9893,3.07,0.33,12.2,1.0,1
6.5,0.15,0.32,1.3,0.036,19.0,76.0,0.98964,3.18,0.41,12.3,1.0,1
7.3,0.48,0.32,2.1,0.062,31.0,54.0,0.99728,3.3,0.65,10.0,0.0,2
7.0,0.15,0.28,14.7,0.051,29.0,149.0,0.99792,2.96,0.39,9.0,1.0,2
7.8,0.4,0.49,7.8,0.06,34.0,162.0,0.9966,3.26,0.58,11.3,1.0,1
12.0,0.63,0.5,1.4,0.071,6.0,26.0,0.99791,3.07,0.6,10.4,0.0,0
7.3,0.28,0.42,1.2,0.033,29.0,142.0,0.99205,3.17,0.43,10.7,1.0,0
7.3,0.27,0.3,1.3,0.04,26.0,84.0,0.99222,3.28,0.53,10.7,1.0,1
7.1,0.34,0.15,1.2,0.053,61.0,183.0,0.9936,3.09,0.43,9.2,1.0,0
6.6,0.36,0.52,10.1,0.05,29.0,140.0,0.99628,3.07,0.4,9.4,1.0,0
6.8,0.37,0.28,1.9,0.024,64.0,106.0,0.98993,3.45,0.6,12.6,1.0,2
7.7,0.56,0.08,2.5,0.114,14.0,46.0,0.9971,3.24,0.66,9.6,0.0,1
8.2,0.26,0.34,2.5,0.073,16.0,47.0,0.99594,3.4,0.78,11.3,0.0,2
7.0,0.27,0.36,20.7,0.045,45.0,170.0,1.001,3.0,0.45,8.8,1.0,1
7.7,0.3,0.42,14.3,0.045,45.0,213.0,0.9991,3.18,0.63,9.2,1.0,0
6.5,0.41,0.22,4.8,0.052,49.0,142.0,0.9946,3.14,0.62,9.2,1.0,0
9.6,0.29,0.46,1.45,0.039,77.5,223.0,0.9944,2.92,0.46,9.5,1.0,1
7.8,0.21,0.49,1.2,0.036,20.0,99.0,0.99,3.05,0.28,12.1,1.0,2
6.4,0.53,0.09,3.9,0.123,14.0,31.0,0.9968,3.5,0.67,11.0,0.0,0
5.8,0.32,0.2,2.6,0.027,17.0,123.0,0.98936,3.36,0.78,13.9,1.0,2
6.8,0.59,0.1,1.7,0.063,34.0,53.0,0.9958,3.41,0.67,9.7,0.0,0
6.8,0.2,0.25,6.2,0.052,22.0,106.0,0.9935,3.09,0.54,10.8,1.0,0
5.5,0.34,0.26,2.2,0.021,31.0,119.0,0.98919,3.55,0.49,13.0,1.0,2
7.8,0.53,0.33,2.4,0.08,24.0,144.0,0.99655,3.3,0.6,9.5,0.0,0
5.6,0.34,0.25,2.5,0.046,47.0,182.0,0.99093,3.21,0.4,11.3,1.0,0
7.0,0.6,0.3,4.5,0.068,20.0,110.0,0.99914,3.3,1.17,10.2,0.0,0
7.0,0.69,0.07,2.5,0.091,15.0,21.0,0.99572,3.38,0.6,11.3,0.0,1
11.7,0.49,0.49,2.2,0.083,5.0,15.0,1.0,3.19,0.43,9.2,0.0,0
7.0,0.53,0.43,6.1,0.029,6.0,76.0,0.99118,3.08,0.5,12.5,1.0,2
7.2,0.695,0.13,2.0,0.076,12.0,20.0,0.99546,3.29,0.54,10.1,0.0,0
8.1,0.66,0.22,2.2,0.069,9.0,23.0,0.9968,3.3,1.2,10.3,0.0,0
7.1,0.28,0.28,8.5,0.03,25.0,191.0,0.99338,3.16,0.46,12.2,1.0,2
7.1,0.75,0.01,2.2,0.059,11.0,18.0,0.99242,3.39,0.4,12.8,0.0,1
7.2,0.26,0.4,6.3,0.047,52.0,172.0,0.99573,3.18,0.53,9.5,1.0,1
6.8,0.18,0.37,1.5,0.027,37.0,93.0,0.992,3.3,0.45,10.8,1.0,1
6.3,0.255,0.37,1.1,0.04,37.0,114.0,0.9905,3.0,0.39,10.9,1.0,1
6.0,0.495,0.27,5.0,0.157,17.0,129.0,0.99396,3.03,0.36,9.3,1.0,0
6.5,0.22,0.72,6.8,0.042,33.0,168.0,0.9958,3.12,0.36,9.2,1.0,1
7.0,0.11,0.32,4.6,0.057,59.0,144.0,0.9956,3.55,0.44,9.4,1.0,2
6.2,0.3,0.21,1.1,0.032,31.0,111.0,0.9889,2.97,0.42,12.2,1.0,1
7.2,0.26,0.32,10.4,0.062,23.0,114.0,0.9966,3.23,0.49,10.5,1.0,0
6.6,0.58,0.02,2.0,0.062,37.0,53.0,0.99374,3.35,0.76,11.6,0.0,2
6.6,0.26,0.38,6.5,0.17,68.0,201.0,0.9956,3.19,0.38,9.4,1.0,1
6.2,0.28,0.22,7.3,0.041,26.0,157.0,0.9957,3.44,0.64,9.8,1.0,2
9.2,0.25,0.34,1.2,0.026,31.0,93.0,0.9916,2.93,0.37,11.3,1.0,2
5.7,0.4,0.35,5.1,0.026,17.0,113.0,0.99052,3.18,0.67,12.4,1.0,1
12.6,0.39,0.49,2.5,0.08,8.0,20.0,0.9992,3.07,0.82,10.3,0.0,1
6.7,0.26,0.3,1.8,0.043,25.0,121.0,0.9944,3.44,0.61,10.2,1.0,1
5.4,0.46,0.15,2.1,0.026,29.0,130.0,0.98953,3.39,0.77,13.4,1.0,2
9.4,0.3,0.32,10.7,0.029,14.0,111.0,0.9958,2.85,0.42,10.6,1.0,0
7.5,0.77,0.2,8.1,0.098,30.0,92.0,0.99892,3.2,0.58,9.2,0.0,0
8.4,0.56,0.04,2.0,0.082,10.0,22.0,0.9976,3.22,0.44,9.6,0.0,0
5.6,0.18,0.3,10.2,0.028,28.0,131.0,0.9954,3.49,0.42,10.8,1.0,2
7.7,0.25,0.49,2.5,0.047,31.0,169.0,0.99252,3.07,0.57,10.6,1.0,1
6.7,0.76,0.02,1.8,0.078,6.0,12.0,0.996,3.55,0.63,9.95,0.0,0
6.9,0.25,0.29,2.4,0.038,28.0,76.0,0.99088,3.01,0.36,11.7,1.0,2
6.9,0.4,0.24,2.5,0.083,30.0,45.0,0.9959,3.26,0.58,10.0,0.0,0
13.8,0.49,0.67,3.0,0.093,6.0,15.0,0.9986,3.02,0.93,12.0,0.0,1
6.7,0.3,0.45,10.6,0.032,56.0,212.0,0.997,3.22,0.59,9.5,1.0,1
6.2,0.3,0.17,2.8,0.04,24.0,125.0,0.9939,3.01,0.46,9.0,1.0,0
5.8,0.28,0.28,4.2,0.044,52.0,158.0,0.992,3.35,0.44,10.7,1.0,2
6.6,0.19,0.28,1.1,0.044,38.0,100.0,0.9904,3.22,0.69,11.2,1.0,1
7.1,0.59,0.01,2.3,0.08,27.0,43.0,0.9955,3.42,0.58,10.7,0.0,1
6.8,0.64,0.0,2.7,0.123,15.0,33.0,0.99538,3.44,0.63,11.3,0.0,1
6.4,0.33,0.28,1.1,0.038,30.0,110.0,0.9917,3.12,0.42,10.5,1.0,1
6.7,0.34,0.3,15.6,0.054,51.0,196.0,0.9982,3.19,0.49,9.3,1.0,0
4.7,0.6,0.17,2.3,0.058,17.0,106.0,0.9932,3.85,0.6,12.9,0.0,1
7.6,0.21,0.6,2.1,0.046,47.0,165.0,0.9936,3.05,0.54,10.1,1.0,2
7.3,0.14,0.49,1.1,0.038,28.0,99.0,0.9928,3.2,0.72,10.6,1.0,1
7.0,0.31,0.52,1.7,0.029,5.0,61.0,0.9918,3.07,0.43,10.4,1.0,0
10.6,0.5,0.45,2.6,0.119,34.0,68.0,0.99708,3.23,0.72,10.9,0.0,1
7.8,0.27,0.58,11.2,0.036,44.0,161.0,0.9977,3.06,0.41,8.9,1.0,1
5.9,0.55,0.1,2.2,0.062,39.0,51.0,0.99512,3.52,0.76,11.2,0.0,1
6.7,0.18,0.19,4.7,0.046,57.0,161.0,0.9946,3.32,0.66,10.5,1.0,1
6.7,0.3,0.44,18.5,0.057,65.0,224.0,0.99956,3.11,0.53,9.1,1.0,0
6.8,0.32,0.39,9.6,0.026,34.0,124.0,0.99286,3.18,0.35,12.1,1.0,1
5.6,0.19,0.31,2.7,0.027,11.0,100.0,0.98964,3.46,0.4,13.2,1.0,2
7.6,0.29,0.49,9.6,0.03,45.0,197.0,0.9938,3.13,0.38,12.3,1.0,2
6.1,0.22,0.38,2.8,0.144,12.0,65.0,0.9908,2.95,0.64,11.4,1.0,1
6.6,0.36,0.21,1.5,0.049,39.0,184.0,0.9928,3.18,0.41,9.9,1.0,1
6.5,0.29,0.25,10.6,0.039,32.0,120.0,0.9962,3.31,0.34,10.1,1.0,1
7.3,0.29,0.3,13.0,0.043,46.0,238.0,0.9986,3.06,0.41,8.7,1.0,1
6.5,0.26,0.32,6.65,0.059,34.0,104.0,0.99254,3.18,0.42,11.1,1.0,0
6.6,0.19,0.41,8.9,0.046,51.0,169.0,0.9954,3.14,0.57,9.8,1.0,1
7.1,0.3,0.46,1.5,0.066,29.0,133.0,0.9906,3.12,0.54,12.7,1.0,1
7.6,0.27,0.52,3.2,0.043,28.0,152.0,0.99129,3.02,0.53,11.4,1.0,1
5.7,0.21,0.32,0.9,0.038,38.0,121.0,0.99074,3.24,0.46,10.6,1.0,1
6.0,0.36,0.39,3.2,0.027,20.0,125.0,0.991,3.38,0.39,11.3,1.0,2
6.6,0.22,0.53,15.1,0.052,22.0,136.0,0.9986,2.94,0.35,9.4,1.0,0
7.3,0.25,0.36,13.1,0.05,35.0,200.0,0.9986,3.04,0.46,8.9,1.0,2
8.2,0.23,0.37,1.3,0.042,39.0,117.0,0.9928,2.99,0.36,10.0,1.0,0
8.9,0.875,0.13,3.45,0.088,4.0,14.0,0.9994,3.44,0.52,11.5,0.0,0
7.6,0.35,0.46,14.7,0.047,33.0,151.0,0.99709,3.03,0.53,10.3,1.0,0
6.9,0.16,0.3,9.6,0.057,50.0,185.0,0.9978,3.39,0.38,9.6,1.0,1
7.4,0.28,0.4,11.9,0.032,13.0,92.0,0.99629,3.01,0.46,10.8,1.0,0
6.1,0.64,0.02,2.4,0.069,26.0,46.0,0.99358,3.47,0.45,11.0,0.0,0
6.7,0.18,0.3,6.4,0.048,40.0,251.0,0.9956,3.29,0.52,10.0,1.0,0
7.1,0.25,0.49,3.0,0.03,30.0,96.0,0.9903,3.13,0.39,12.3,1.0,2
8.3,0.31,0.39,2.4,0.078,17.0,43.0,0.99444,3.31,0.77,12.5,0.0,2
9.1,0.52,0.33,1.3,0.07,9.0,30.0,0.9978,3.24,0.6,9.3,0.0,0
6.7,0.48,0.32,1.4,0.021,22.0,121.0,0.9889,3.15,0.53,12.7,1.0,2
5.9,0.22,0.29,4.2,0.037,69.0,144.0,0.99214,3.13,0.74,10.8,1.0,2
6.5,0.3,0.27,4.0,0.038,37.0,97.0,0.99026,3.2,0.6,12.6,1.0,2
5.7,0.22,0.2,16.0,0.044,41.0,113.0,0.99862,3.22,0.46,8.9,1.0,1
8.1,0.53,0.22,2.2,0.078,33.0,89.0,0.99678,3.26,0.46,9.6,0.0,1
7.0,0.36,0.35,2.5,0.048,67.0,161.0,0.99146,3.05,0.56,11.1,1.0,1
7.2,0.22,0.28,7.2,0.06,41.0,132.0,0.9935,3.08,0.59,11.3,1.0,1
7.4,0.18,0.3,10.4,0.045,44.0,174.0,0.9966,3.11,0.57,9.7,1.0,1
7.4,0.2,0.37,16.95,0.048,43.0,190.0,0.9995,3.03,0.42,9.2,1.0,1
6.6,0.725,0.09,5.5,0.117,9.0,17.0,0.99655,3.35,0.49,10.8,0.0,1
7.0,0.17,0.31,4.8,0.034,34.0,132.0,0.9944,3.36,0.48,9.6,1.0,2
6.0,0.31,0.27,2.3,0.042,19.0,120.0,0.98952,3.32,0.41,12.7,1.0,2
8.8,0.35,0.49,1.0,0.036,14.0,56.0,0.992,2.96,0.33,10.5,1.0,0
7.6,0.37,0.51,11.7,0.094,58.0,181.0,0.99776,2.91,0.51,9.0,1.0,0
6.5,0.28,0.28,8.5,0.047,54.0,210.0,0.9962,3.09,0.54,8.9,1.0,0
7.0,0.25,0.45,2.3,0.045,40.0,118.0,0.99064,3.16,0.48,11.9,1.0,2
6.8,0.28,0.39,1.4,0.036,15.0,115.0,0.9918,3.27,0.72,11.7,1.0,0
6.3,0.27,0.25,5.8,0.038,52.0,155.0,0.995,3.28,0.38,9.4,1.0,1
6.8,0.63,0.12,3.8,0.099,16.0,126.0,0.9969,3.28,0.61,9.5,0.0,0
7.2,0.28,0.3,10.7,0.044,61.0,222.0,0.9972,3.14,0.5,9.1,1.0,1
5.8,0.29,0.26,1.7,0.063,3.0,11.0,0.9915,3.39,0.54,13.5,0.0,1
7.5,0.14,0.34,1.3,0.055,50.0,153.0,0.9945,3.29,0.8,9.6,1.0,1
6.1,0.28,0.27,4.7,0.03,56.0,140.0,0.99042,3.16,0.42,12.5,1.0,2
5.9,0.29,0.25,12.0,0.057,48.0,224.0,0.9981,3.23,0.41,9.0,1.0,1
8.4,0.65,0.6,2.1,0.112,12.0,90.0,0.9973,3.2,0.52,9.2,0.0,0
7.2,0.2,0.36,2.5,0.028,22.0,157.0,0.9938,3.48,0.49,10.6,1.0,1
5.9,0.395,0.13,2.4,0.056,14.0,28.0,0.99362,3.62,0.67,12.4,0.0,1
7.7,0.63,0.08,1.9,0.076,15.0,27.0,0.9967,3.32,0.54,9.5,0.0,1
6.6,0.21,0.5,8.7,0.036,41.0,191.0,0.99294,2.96,0.56,11.0,1.0,1
7.6,0.32,0.34,18.35,0.054,44.0,197.0,1.0008,3.22,0.55,9.0,1.0,0
6.1,0.25,0.49,7.6,0.052,67.0,226.0,0.9956,3.16,0.47,8.9,1.0,0
5.9,0.61,0.08,2.1,0.071,16.0,24.0,0.99376,3.56,0.77,11.1,0.0,1
6.1,0.24,0.27,9.8,0.062,33.0,152.0,0.9966,3.31,0.47,9.5,1.0,1
6.0,0.54,0.06,1.8,0.05,38.0,89.0,0.99236,3.3,0.5,10.55,0.0,1
7.8,0.24,0.38,2.1,0.058,14.0,167.0,0.994,3.21,0.55,9.9,1.0,0
7.2,0.63,0.0,1.9,0.097,14.0,38.0,0.99675,3.37,0.58,9.0,0.0,1
8.6,0.49,0.29,2.0,0.11,19.0,133.0,0.9972,2.93,1.98,9.8,0.0,0
6.7,0.31,0.3,2.1,0.038,18.0,130.0,0.9928,3.36,0.63,10.6,1.0,1
7.3,0.39,0.37,1.1,0.043,36.0,113.0,0.991,3.39,0.48,12.7,1.0,2
6.4,0.26,0.21,7.1,0.04,35.0,162.0,0.9956,3.39,0.58,9.9,1.0,1
7.1,0.85,0.49,8.7,0.028,40.0,184.0,0.9962,3.22,0.36,10.7,1.0,0
8.4,0.58,0.27,12.15,0.033,37.0,116.0,0.9959,2.99,0.39,10.8,1.0,1
6.6,0.24,0.28,1.8,0.028,39.0,132.0,0.99182,3.34,0.46,11.4,1.0,0
6.3,0.29,0.14,7.05,0.045,50.0,177.0,0.99564,3.23,0.42,9.0,1.0,0
9.9,0.35,0.38,1.5,0.058,31.0,47.0,0.99676,3.26,0.82,10.6,0.0,2
6.3,0.3,0.91,8.2,0.034,50.0,199.0,0.99394,3.39,0.49,11.7,1.0,1
9.2,0.27,0.34,10.5,0.043,49.0,228.0,0.9974,3.04,0.41,10.4,1.0,1
8.7,0.22,0.42,2.3,0.053,27.0,114.0,0.994,2.99,0.43,10.0,1.0,0
7.2,0.53,0.13,2.0,0.058,18.0,22.0,0.99573,3.21,0.68,9.9,0.0,1
7.7,0.28,0.35,15.3,0.056,31.0,117.0,0.9998,3.27,0.5,9.6,1.0,0
9.1,0.45,0.35,2.4,0.08,23.0,78.0,0.9987,3.38,0.62,9.5,0.0,0
6.2,0.28,0.41,5.0,0.043,50.0,188.0,0.99318,3.23,0.64,10.8,1.0,1
8.2,0.24,0.49,9.3,0.038,52.0,163.0,0.9952,3.02,0.33,10.6,1.0,1
6.3,0.24,0.22,11.9,0.05,65.0,179.0,0.99659,3.06,0.58,9.3,1.0,1
6.1,0.17,0.42,15.1,0.033,28.0,124.0,0.99684,2.87,0.47,9.5,1.0,0
6.7,0.41,0.24,5.4,0.035,33.0,115.0,0.9901,3.12,0.44,12.8933333333333,1.0,2
6.9,0.38,0.29,13.65,0.048,52.0,189.0,0.99784,3.0,0.6,9.5,1.0,1
7.0,0.32,0.24,6.2,0.048,31.0,228.0,0.9957,3.23,0.62,9.4,1.0,1
10.1,0.935,0.22,3.4,0.105,11.0,86.0,1.001,3.43,0.64,11.3,0.0,0
10.7,0.35,0.53,2.6,0.07,5.0,16.0,0.9972,3.15,0.65,11.0,0.0,2
7.5,0.31,0.24,7.1,0.031,28.0,141.0,0.99397,3.16,0.38,10.6,1.0,2
8.4,0.56,0.04,2.0,0.082,10.0,22.0,0.9976,3.22,0.44,9.6,0.0,0
7.6,0.13,0.34,9.3,0.062,40.0,126.0,0.9966,3.21,0.39,9.6,1.0,0
8.1,0.87,0.0,2.2,0.084,10.0,31.0,0.99656,3.25,0.5,9.8,0.0,0
7.0,0.3,0.51,13.6,0.05,40.0,168.0,0.9976,3.07,0.52,9.6,1.0,2
7.0,0.23,0.42,18.05,0.05,35.0,144.0,0.9999,3.22,0.42,8.8,1.0,0
6.1,0.34,0.21,5.0,0.042,17.0,133.0,0.99373,3.02,0.53,9.4,1.0,0
6.8,0.19,0.34,1.9,0.04,41.0,108.0,0.99,3.25,0.45,12.9,1.0,1
7.9,0.255,0.26,2.0,0.026,40.0,190.0,0.9932,3.04,0.39,11.2,1.0,1
12.4,0.4,0.51,2.0,0.059,6.0,24.0,0.9994,3.04,0.6,9.3,0.0,1
7.4,0.19,0.3,12.8,0.053,48.5,229.0,0.9986,3.14,0.49,9.1,1.0,2
11.1,0.31,0.53,2.2,0.06,3.0,10.0,0.99572,3.02,0.83,10.9,0.0,2
5.4,0.31,0.47,3.0,0.053,46.0,144.0,0.9931,3.29,0.76,10.0,1.0,0
7.0,0.31,0.26,7.4,0.069,28.0,160.0,0.9954,3.13,0.46,9.8,1.0,1
6.3,0.23,0.21,5.1,0.035,29.0,142.0,0.9942,3.36,0.33,10.1,1.0,2
7.1,0.12,0.32,9.6,0.054,64.0,162.0,0.9962,3.4,0.41,9.4,1.0,0
6.8,0.12,0.3,12.9,0.049,32.0,88.0,0.99654,3.2,0.35,9.9,1.0,1
7.7,0.38,0.4,2.0,0.038,28.0,152.0,0.9906,3.18,0.32,12.9,1.0,1
8.6,0.49,0.28,1.9,0.11,20.0,136.0,0.9972,2.93,1.95,9.9,0.0,1
6.1,0.2,0.17,1.6,0.048,46.0,129.0,0.991,3.3,0.43,11.4,1.0,1
7.7,0.58,0.01,1.8,0.088,12.0,18.0,0.99568,3.32,0.56,10.5,0.0,2
7.4,0.23,0.25,1.4,0.049,43.0,141.0,0.9934,3.42,0.54,10.2,1.0,2
7.0,0.29,0.49,3.8,0.047,37.0,136.0,0.9938,2.95,0.4,9.4,1.0,1
6.4,0.16,0.22,1.4,0.04,41.0,149.0,0.9933,3.49,0.58,10.0,1.0,1
9.8,0.16,0.46,1.8,0.046,23.0,130.0,0.99587,3.04,0.67,9.6,1.0,0
7.7,0.57,0.21,1.5,0.069,4.0,9.0,0.99458,3.16,0.54,9.8,0.0,1
7.0,0.21,0.28,8.6,0.045,37.0,221.0,0.9954,3.25,0.54,10.4,1.0,1
8.2,0.56,0.23,3.4,0.078,14.0,104.0,0.9976,3.28,0.62,9.4,0.0,0
6.4,0.29,0.3,6.5,0.209,62.0,156.0,0.99478,3.1,0.4,9.4,1.0,0
8.7,0.7,0.24,2.5,0.226,5.0,15.0,0.9991,3.32,0.6,9.0,0.0,1
7.0,0.26,0.59,1.4,0.037,40.0,120.0,0.9918,3.34,0.41,11.1,1.0,2
7.2,0.835,0.0,2.0,0.166,4.0,11.0,0.99608,3.39,0.52,10.0,0.0,0
6.5,0.26,0.28,12.5,0.046,80.0,225.0,0.99685,3.18,0.41,10.0,1.0,1
7.2,0.28,0.54,16.7,0.045,54.0,200.0,0.999,3.08,0.49,9.5,1.0,1
5.2,0.31,0.2,2.4,0.027,27.0,117.0,0.98886,3.56,0.45,13.0,1.0,2
6.1,0.21,0.38,1.5,0.039,37.0,122.0,0.98972,3.2,0.43,12.0,1.0,1
7.6,0.19,0.41,1.1,0.04,38.0,143.0,0.9907,2.92,0.42,11.4,1.0,0
7.1,0.44,0.62,11.8,0.044,52.0,152.0,0.9975,3.12,0.46,8.7,1.0,1
7.3,0.51,0.18,2.1,0.07,12.0,28.0,0.99768,3.52,0.73,9.5,0.0,1
7.8,0.59,0.33,2.0,0.074,24.0,120.0,0.9968,3.25,0.54,9.4,0.0,0
6.6,0.17,0.28,1.1,0.034,55.0,108.0,0.98939,3.0,0.52,11.9,1.0,2
5.6,0.235,0.29,1.2,0.047,33.0,127.0,0.991,3.34,0.5,11.0,1.0,2
7.1,0.15,0.34,1.0,0.033,27.0,73.0,0.98974,3.24,0.41,12.2,1.0,1
5.1,0.585,0.0,1.7,0.044,14.0,86.0,0.99264,3.56,0.94,12.9,0.0,2
7.7,0.27,0.61,12.0,0.046,64.0,179.0,0.9982,3.07,0.46,8.9,1.0,0
6.9,0.22,0.31,6.3,0.029,41.0,131.0,0.99326,3.08,0.49,10.8,1.0,1
6.9,0.22,0.32,5.8,0.041,20.0,119.0,0.99296,3.17,0.55,11.2,1.0,1
7.1,0.32,0.3,9.9,0.041,63.0,192.0,0.99642,3.12,0.49,10.2,1.0,1
9.9,0.54,0.45,2.3,0.071,16.0,40.0,0.9991,3.39,0.62,9.4,0.0,0
7.4,0.27,0.52,15.7,0.054,36.0,139.0,0.99788,3.04,0.62,10.0333333333333,1.0,1
8.9,0.3,0.35,4.6,0.032,32.0,148.0,0.99458,3.15,0.45,11.5,1.0,2
7.5,0.22,0.33,6.7,0.036,45.0,138.0,0.9939,3.2,0.68,11.4,1.0,1
6.4,0.29,0.21,9.65,0.041,36.0,119.0,0.99334,2.99,0.34,10.9333333333333,1.0,1
7.3,1.07,0.09,1.7,0.178,10.0,89.0,0.9962,3.3,0.57,9.0,0.0,0
6.0,0.67,0.07,1.2,0.06,9.0,108.0,0.9931,3.11,0.35,8.7,1.0,0
6.8,0.24,0.4,1.8,0.047,34.0,105.0,0.99,3.13,0.49,12.8,1.0,2
6.7,0.35,0.48,8.8,0.056,35.0,167.0,0.99628,3.04,0.47,9.4,1.0,0
7.9,0.345,0.51,15.3,0.047,54.0,171.0,0.9987,3.09,0.51,9.1,1.0,0
6.0,0.24,0.32,6.3,0.03,34.0,129.0,0.9946,3.52,0.41,10.4,1.0,0
7.1,0.18,0.32,12.2,0.048,36.0,125.0,0.9967,2.92,0.54,9.4,1.0,1
7.9,1.04,0.05,2.2,0.084,13.0,29.0,0.9959,3.22,0.55,9.9,0.0,1
6.3,0.27,0.37,7.9,0.047,58.0,215.0,0.99542,3.19,0.48,9.5,1.0,1
8.4,0.35,0.56,13.8,0.048,55.0,190.0,0.9993,3.07,0.58,9.4,1.0,1
6.8,0.37,0.47,11.2,0.071,44.0,136.0,0.9968,2.98,0.88,9.2,1.0,0
7.5,0.52,0.16,1.9,0.085,12.0,35.0,0.9968,3.38,0.62,9.5,0.0,2
6.6,0.26,0.21,2.9,0.026,48.0,126.0,0.99089,3.22,0.38,11.3,1.0,2
7.4,0.16,0.27,15.5,0.05,25.0,135.0,0.9984,2.9,0.43,8.7,1.0,2
7.0,0.46,0.39,6.2,0.039,46.0,163.0,0.9928,3.21,0.35,12.2,1.0,2
6.4,0.29,0.3,2.9,0.036,25.0,79.0,0.99037,3.29,0.6,12.4,1.0,2
10.8,0.26,0.45,3.3,0.06,20.0,49.0,0.9972,3.13,0.54,9.6,0.0,0
7.1,0.34,0.49,1.5,0.027,26.0,126.0,0.99,3.3,0.33,12.2,1.0,2
9.2,0.53,0.24,2.6,0.078,28.0,139.0,0.99788,3.21,0.57,9.5,0.0,0
6.6,0.44,0.15,2.1,0.076,22.0,53.0,0.9957,3.32,0.62,9.3,0.0,0
6.5,0.28,0.29,2.7,0.038,26.0,107.0,0.9912,3.32,0.41,11.6,1.0,2
6.0,0.27,0.31,5.0,0.043,54.0,170.0,0.9924,3.28,0.52,11.0,1.0,1
6.7,0.19,0.39,1.0,0.032,14.0,71.0,0.98912,3.31,0.38,13.0,1.0,2
8.7,0.7,0.24,2.5,0.226,5.0,15.0,0.9991,3.32,0.6,9.0,0.0,1
7.0,0.29,0.54,10.7,0.046,59.0,234.0,0.9966,3.05,0.61,9.5,1.0,0
7.3,0.19,0.24,6.3,0.054,34.0,231.0,0.9964,3.36,0.54,10.0,1.0,1
7.2,0.31,0.5,13.3,0.056,68.0,195.0,0.9982,3.01,0.47,9.2,1.0,0
7.1,0.62,0.06,1.3,0.07,5.0,12.0,0.9942,3.17,0.48,9.8,0.0,0
4.2,0.215,0.23,5.1,0.041,64.0,157.0,0.99688,3.42,0.44,8.0,1.0,0
7.5,0.23,0.32,9.2,0.038,54.0,191.0,0.9966,3.04,0.56,9.7,1.0,1
9.3,0.39,0.4,2.6,0.073,10.0,26.0,0.9984,3.34,0.75,10.2,0.0,1
6.4,0.27,0.45,8.3,0.05,52.0,196.0,0.9955,3.18,0.48,9.5,1.0,0
7.4,1.185,0.0,4.25,0.097,5.0,14.0,0.9966,3.63,0.54,10.7,0.0,0
7.4,0.16,0.27,15.5,0.05,25.0,135.0,0.9984,2.9,0.43,8.7,1.0,2
7.7,0.835,0.0,2.6,0.081,6.0,14.0,0.9975,3.3,0.52,9.3,0.0,0
7.8,0.25,0.41,3.7,0.042,37.0,149.0,0.9954,3.36,0.45,10.0,1.0,1
7.1,0.2,0.36,11.6,0.042,45.0,124.0,0.997,2.92,0.59,9.5,1.0,2
7.6,0.16,0.44,1.4,0.043,25.0,109.0,0.9932,3.11,0.75,10.3,1.0,1
6.0,0.26,0.32,3.8,0.029,48.0,180.0,0.99011,3.15,0.34,12.0,1.0,1
7.0,0.43,0.3,2.0,0.085,6.0,39.0,0.99346,3.33,0.46,11.9,0.0,1
7.5,0.65,0.18,7.0,0.088,27.0,94.0,0.99915,3.38,0.77,9.4,0.0,0
7.7,0.3,0.34,1.2,0.048,4.0,119.0,0.99084,3.18,0.34,12.1,1.0,1
8.3,0.85,0.14,2.5,0.093,13.0,54.0,0.99724,3.36,0.54,10.1,0.0,0
4.4,0.46,0.1,2.8,0.024,31.0,111.0,0.98816,3.48,0.34,13.1,1.0,1
6.8,0.47,0.08,2.2,0.064,18.0,38.0,0.99553,3.3,0.65,9.6,0.0,1
5.0,0.33,0.16,1.5,0.049,10.0,97.0,0.9917,3.48,0.44,10.7,1.0,1
6.9,0.4,0.17,12.9,0.033,59.0,186.0,0.99754,3.08,0.49,9.4,1.0,0
6.2,0.22,0.2,20.8,0.035,58.0,184.0,1.00022,3.11,0.53,9.0,1.0,1
6.4,0.5,0.16,12.9,0.042,26.0,138.0,0.9974,3.28,0.33,9.0,1.0,0
7.6,0.31,0.23,12.7,0.054,20.0,139.0,0.99836,3.16,0.5,9.7,1.0,0
5.8,0.26,0.3,2.6,0.034,75.0,129.0,0.9902,3.2,0.38,11.5,1.0,0
7.2,0.47,0.65,8.3,0.083,27.0,182.0,0.9964,3.0,0.35,9.2,1.0,0
10.2,0.44,0.42,2.0,0.071,7.0,20.0,0.99566,3.14,0.79,11.1,0.0,2
7.7,0.43,1.0,19.95,0.032,42.0,164.0,0.99742,3.29,0.5,12.0,1.0,1
7.0,0.21,0.22,5.1,0.048,38.0,168.0,0.9945,3.34,0.49,10.4,1.0,1
5.1,0.42,0.01,1.5,0.017,25.0,102.0,0.9894,3.38,0.36,12.3,1.0,2
9.3,0.32,0.57,2.0,0.074,27.0,65.0,0.9969,3.28,0.79,10.7,0.0,0
6.2,0.23,0.36,17.2,0.039,37.0,130.0,0.99946,3.23,0.43,8.8,1.0,1
7.0,0.39,0.21,10.7,0.098,13.0,91.0,0.99657,3.03,0.47,9.3,1.0,0
6.0,0.31,0.47,3.6,0.067,18.0,42.0,0.99549,3.39,0.66,11.0,0.0,1
6.4,0.3,0.38,7.8,0.046,35.0,192.0,0.9955,3.1,0.37,9.0,1.0,0
7.1,0.43,0.25,2.8,0.036,43.0,132.0,0.98975,3.21,0.47,13.4,1.0,1
7.9,0.35,0.28,12.9,0.032,13.0,63.0,0.9932,2.99,0.43,13.0,1.0,1
6.2,0.44,0.39,2.5,0.077,6.0,14.0,0.99555,3.51,0.69,11.0,0.0,1
7.2,0.31,0.35,7.2,0.046,45.0,178.0,0.9955,3.14,0.53,9.7,1.0,0
7.3,0.33,0.47,2.1,0.077,5.0,11.0,0.9958,3.33,0.53,10.3,0.0,1
6.6,0.21,0.31,11.4,0.039,46.0,165.0,0.99795,3.41,0.44,9.8,1.0,2
6.6,0.34,0.28,1.3,0.035,32.0,90.0,0.9916,3.1,0.42,10.7,1.0,1
6.4,0.27,0.3,1.6,0.04,19.0,86.0,0.99089,3.32,0.65,11.5,1.0,1
7.6,0.3,0.25,4.3,0.054,22.0,111.0,0.9956,3.12,0.49,9.2,1.0,0
6.3,0.29,0.29,3.3,0.037,32.0,140.0,0.9895,3.17,0.36,12.8,1.0,2
6.8,0.3,0.29,6.2,0.025,29.0,95.0,0.99071,3.03,0.32,12.9,1.0,2
6.8,0.56,0.22,1.8,0.074,15.0,24.0,0.99438,3.4,0.82,11.2,0.0,1
6.2,0.36,0.26,13.2,0.051,54.0,201.0,0.9976,3.25,0.46,9.0,1.0,0
7.4,0.31,0.48,14.2,0.042,62.0,204.0,0.9983,3.06,0.59,9.4,1.0,0
5.5,0.32,0.45,4.9,0.028,25.0,191.0,0.9922,3.51,0.49,11.5,1.0,2
12.8,0.615,0.66,5.8,0.083,7.0,42.0,1.0022,3.07,0.73,10.0,0.0,2
5.9,0.44,0.0,1.6,0.042,3.0,11.0,0.9944,3.48,0.85,11.7,0.0,1
7.0,0.31,0.31,9.1,0.036,45.0,140.0,0.99216,2.98,0.31,12.0,1.0,2
6.4,0.33,0.31,5.5,0.048,42.0,173.0,0.9951,3.19,0.66,9.3,1.0,1
6.2,0.23,0.36,17.2,0.039,37.0,130.0,0.99946,3.23,0.43,8.8,1.0,1
7.8,0.3,0.29,16.85,0.054,23.0,135.0,0.9998,3.16,0.38,9.0,1.0,1
7.5,0.23,0.36,7.0,0.036,43.0,161.0,0.9938,3.04,0.32,11.0,1.0,0
6.6,0.42,0.13,12.8,0.044,26.0,158.0,0.99772,3.24,0.47,9.0,1.0,0
6.6,0.66,0.0,3.0,0.115,21.0,31.0,0.99629,3.45,0.63,10.3,0.0,0
8.8,0.955,0.05,1.8,0.075,5.0,19.0,0.99616,3.3,0.44,9.6,0.0,0
6.9,0.5,0.04,1.5,0.085,19.0,49.0,0.9958,3.35,0.78,9.5,0.0,0
6.2,0.32,0.45,2.9,0.029,37.0,94.0,0.98998,3.25,0.6,12.4,1.0,1
6.8,0.2,0.38,4.7,0.04,27.0,103.0,0.994,3.37,0.58,10.7,1.0,1
6.6,0.2,0.38,7.9,0.052,30.0,145.0,0.9947,3.32,0.56,11.0,1.0,2
8.7,0.49,0.57,17.8,0.052,34.0,243.0,1.0007,2.98,0.82,9.0,1.0,0
7.1,0.18,0.74,15.6,0.044,44.0,176.0,0.9996,3.38,0.67,9.0,1.0,1
7.1,0.59,0.0,2.1,0.091,9.0,14.0,0.99488,3.42,0.55,11.5,0.0,2
6.8,0.26,0.34,15.1,0.06,42.0,162.0,0.99705,3.24,0.52,10.5,1.0,0
7.5,0.53,0.06,2.6,0.086,20.0,44.0,0.9965,3.38,0.59,10.7,0.0,1
7.6,0.35,0.6,2.6,0.073,23.0,44.0,0.99656,3.38,0.79,11.1,0.0,1
8.9,0.4,0.32,5.6,0.087,10.0,47.0,0.9991,3.38,0.77,10.5,0.0,2
6.6,0.19,0.43,10.9,0.045,53.0,154.0,0.99752,3.52,0.77,10.4,1.0,1
9.2,0.35,0.39,0.9,0.042,15.0,61.0,0.9924,2.96,0.28,10.4,1.0,0
7.8,0.28,0.25,3.4,0.024,27.0,99.0,0.98959,2.98,0.37,13.0,1.0,1
6.2,0.25,0.25,1.4,0.03,35.0,105.0,0.9912,3.3,0.44,11.1,1.0,2
7.3,0.44,0.2,1.6,0.049,24.0,64.0,0.9935,3.38,0.57,11.7,0.0,1
6.9,0.2,0.41,1.1,0.06,36.0,104.0,0.99317,2.99,0.39,9.2,1.0,0
6.5,0.19,0.34,1.6,0.029,39.0,116.0,0.98954,3.21,0.68,12.5,1.0,1
6.8,0.26,0.43,11.75,0.045,53.0,198.0,0.9969,3.26,0.55,9.5,1.0,0
8.2,0.28,0.42,1.8,0.031,30.0,93.0,0.9917,3.09,0.39,11.4,1.0,0
5.3,0.76,0.03,2.7,0.043,27.0,93.0,0.9932,3.34,0.38,9.2,1.0,0
6.0,0.28,0.24,17.8,0.047,42.0,111.0,0.99896,3.1,0.45,8.9,1.0,1
7.1,0.23,0.28,1.9,0.046,33.0,103.0,0.98997,3.12,0.31,12.0,1.0,0
5.2,0.24,0.45,3.8,0.027,21.0,128.0,0.992,3.55,0.49,11.2,1.0,2
8.1,0.545,0.18,1.9,0.08,13.0,35.0,0.9972,3.3,0.59,9.0,0.0,1
7.2,0.2,0.61,16.2,0.043,14.0,103.0,0.9987,3.06,0.36,9.2,1.0,1
11.1,0.39,0.54,2.7,0.095,21.0,101.0,1.0001,3.13,0.51,9.5,0.0,0
6.3,0.19,0.32,2.8,0.046,18.0,80.0,0.99043,2.92,0.47,11.05,1.0,1
10.6,0.28,0.39,15.5,0.069,6.0,23.0,1.0026,3.12,0.66,9.2,0.0,0
7.2,0.35,0.25,5.6,0.032,23.0,120.0,0.99334,2.93,0.66,10.3,1.0,2
7.2,0.33,0.28,1.4,0.034,26.0,109.0,0.99246,3.28,0.57,10.6,1.0,1
7.0,0.23,0.32,1.8,0.048,25.0,113.0,0.9915,3.11,0.47,11.1,1.0,1
5.1,0.51,0.18,2.1,0.042,16.0,101.0,0.9924,3.46,0.87,12.9,0.0,2
6.8,0.915,0.29,4.8,0.07,15.0,39.0,0.99577,3.53,0.54,11.1,0.0,0
8.0,0.22,0.28,14.0,0.053,83.0,197.0,0.9981,3.14,0.45,9.8,1.0,1
12.2,0.48,0.54,2.6,0.085,19.0,64.0,1.0,3.1,0.61,10.5,0.0,1
6.9,0.41,0.33,10.1,0.043,28.0,152.0,0.9968,3.2,0.52,9.4,1.0,0
8.9,0.12,0.45,1.8,0.075,10.0,21.0,0.99552,3.41,0.76,11.9,0.0,2
7.2,0.39,0.62,11.0,0.047,66.0,178.0,0.9976,3.16,0.5,8.7,1.0,0
6.0,0.23,0.34,1.3,0.025,23.0,111.0,0.98961,3.36,0.37,12.7,1.0,1
6.6,0.22,0.29,14.4,0.046,39.0,118.0,0.99834,3.05,0.5,9.1,1.0,1
10.0,0.73,0.43,2.3,0.059,15.0,31.0,0.9966,3.15,0.57,11.0,0.0,0
7.5,0.49,0.19,1.9,0.076,10.0,44.0,0.9957,3.39,0.54,9.7,0.0,0
7.3,0.22,0.37,14.3,0.063,48.0,191.0,0.9978,2.89,0.38,9.0,1.0,1
6.5,0.18,0.33,8.0,0.051,16.0,131.0,0.9965,3.28,0.44,8.7,1.0,2
8.3,0.26,0.41,9.2,0.042,41.0,162.0,0.9944,3.1,0.38,12.0,1.0,2
7.5,0.21,0.68,10.9,0.045,38.0,133.0,0.9978,3.0,0.36,8.7,1.0,0
6.9,0.25,0.35,9.2,0.034,42.0,150.0,0.9947,3.21,0.36,11.5,1.0,1
8.3,0.14,0.45,1.5,0.039,18.0,98.0,0.99215,3.02,0.56,11.0,1.0,1
5.3,0.2,0.31,3.6,0.036,22.0,91.0,0.99278,3.41,0.5,9.8,1.0,1
7.2,0.19,0.27,11.2,0.061,46.0,149.0,0.99772,2.99,0.59,9.3,1.0,1
6.3,0.26,0.24,7.2,0.039,38.0,172.0,0.9958,3.49,0.64,9.7,1.0,1
6.9,0.635,0.17,2.4,0.241,6.0,18.0,0.9961,3.4,0.59,10.3,0.0,1
7.0,0.61,0.26,1.7,0.051,25.0,161.0,0.9946,3.36,0.6,10.6,1.0,0
6.3,0.27,0.29,12.2,0.044,59.0,196.0,0.99782,3.14,0.4,8.8,1.0,1
7.0,0.22,0.33,2.1,0.052,15.0,76.0,0.993,3.2,0.41,10.6,1.0,1
5.6,0.54,0.04,1.7,0.049,5.0,13.0,0.9942,3.72,0.58,11.4,0.0,0
7.2,0.4,0.24,8.5,0.055,45.0,151.0,0.99626,3.2,0.52,9.2,1.0,0
7.9,0.17,0.32,1.6,0.053,47.0,150.0,0.9948,3.29,0.76,9.6,1.0,1
6.1,0.18,0.38,2.3,0.033,28.0,111.0,0.98962,3.16,0.49,12.4,1.0,1
6.4,0.23,0.35,4.6,0.039,43.0,147.0,0.99216,3.18,0.4,11.0,1.0,2
8.7,0.45,0.4,1.5,0.067,17.0,100.0,0.9957,3.27,0.57,10.1,1.0,1
10.4,0.61,0.49,2.1,0.2,5.0,16.0,0.9994,3.16,0.63,8.4,0.0,0
7.2,0.24,0.3,1.6,0.048,27.0,131.0,0.9933,3.25,0.45,10.5,1.0,0
7.9,0.33,0.28,31.6,0.053,35.0,176.0,1.0103,3.15,0.38,8.8,1.0,1
6.4,0.32,0.23,16.2,0.055,36.0,176.0,0.9986,3.26,0.54,9.1,1.0,0
6.3,0.48,0.48,1.8,0.035,35.0,96.0,0.99121,3.49,0.74,12.2,1.0,1
9.4,0.26,0.53,1.2,0.047,25.0,109.0,0.9921,3.23,0.28,12.5,1.0,1
7.4,0.3,0.49,8.2,0.055,49.0,188.0,0.9974,3.52,0.58,9.7,1.0,1
9.8,0.5,0.49,2.6,0.25,5.0,20.0,0.999,3.31,0.79,10.7,0.0,1
8.2,0.7,0.23,2.0,0.099,14.0,81.0,0.9973,3.19,0.7,9.4,0.0,0
7.1,0.25,0.3,2.4,0.042,25.0,122.0,0.994,3.43,0.61,10.5,1.0,1
8.8,0.42,0.21,2.5,0.092,33.0,88.0,0.99823,3.19,0.52,9.2,0.0,0
6.9,0.28,0.3,8.3,0.026,37.0,113.0,0.99139,2.99,0.38,12.3,1.0,2
6.4,0.28,0.23,6.0,0.051,50.0,162.0,0.994,3.15,0.52,10.2,1.0,0
5.0,0.29,0.54,5.7,0.035,54.0,155.0,0.98976,3.27,0.34,12.9,1.0,2
6.5,0.18,0.41,14.2,0.039,47.0,129.0,0.99678,3.28,0.72,10.3,1.0,2
7.8,0.735,0.08,2.4,0.092,10.0,41.0,0.9974,3.24,0.71,9.8,0.0,1
6.4,0.26,0.25,10.7,0.046,66.0,179.0,0.99606,3.17,0.55,9.9,1.0,1
6.4,0.17,0.3,2.8,0.034,33.0,125.0,0.99152,3.03,0.49,10.4,1.0,1
7.2,0.34,0.3,8.4,0.051,40.0,167.0,0.99756,3.48,0.62,9.7,1.0,0
5.7,0.18,0.36,1.2,0.046,9.0,71.0,0.99199,3.7,0.68,10.9,1.0,2
8.5,0.17,0.31,1.0,0.024,13.0,91.0,0.993,2.79,0.37,10.1,1.0,0
6.3,0.26,0.25,7.8,0.058,44.0,166.0,0.9961,3.24,0.41,9.0,1.0,0
9.0,0.66,0.17,3.0,0.077,5.0,13.0,0.9976,3.29,0.55,10.4,0.0,0
7.1,0.28,0.35,3.5,0.028,35.0,91.0,0.99022,2.96,0.33,12.1,1.0,0
5.6,0.31,0.37,1.4,0.074,12.0,96.0,0.9954,3.32,0.58,9.2,0.0,0
6.2,0.37,0.24,6.1,0.032,19.0,86.0,0.98934,3.04,0.26,13.4,1.0,2
10.7,0.52,0.38,2.6,0.066,29.0,56.0,0.99577,3.15,0.79,12.1,0.0,2
6.5,0.36,0.16,1.3,0.054,11.0,107.0,0.99398,3.19,0.39,8.5,1.0,0
6.8,0.19,0.71,17.5,0.042,21.0,114.0,0.99784,2.85,0.5,9.5,1.0,1
12.5,0.6,0.49,4.3,0.1,5.0,14.0,1.001,3.25,0.74,11.9,0.0,1
6.6,0.32,0.22,16.7,0.046,38.0,133.0,0.9979,3.22,0.67,10.4,1.0,1
7.8,0.56,0.19,2.0,0.081,17.0,108.0,0.9962,3.32,0.54,9.5,0.0,0
6.6,0.22,0.23,17.3,0.047,37.0,118.0,0.99906,3.08,0.46,8.8,1.0,1
6.2,0.2,0.26,9.7,0.03,39.0,102.0,0.9908,3.08,0.56,12.9,1.0,2
6.1,0.24,0.25,1.6,0.044,24.0,115.0,0.9921,3.39,0.59,10.9,1.0,1
8.1,0.66,0.7,2.2,0.098,25.0,129.0,0.9972,3.08,0.53,9.0,0.0,0
6.7,0.31,0.18,7.7,0.043,57.0,200.0,0.99566,3.17,0.44,9.4,1.0,1
8.8,0.2,0.28,1.1,0.018,18.0,72.0,0.9926,2.97,0.35,10.4,1.0,0
7.9,0.72,0.17,2.6,0.096,20.0,38.0,0.9978,3.4,0.53,9.5,0.0,0
11.9,0.39,0.69,2.8,0.095,17.0,35.0,0.9994,3.1,0.61,10.8,0.0,1
8.0,0.14,0.33,1.2,0.045,71.0,162.0,0.9914,3.07,0.47,11.0,1.0,1
7.1,0.25,0.31,2.3,0.05,32.0,156.0,0.9914,3.14,0.51,11.4,1.0,1
9.0,0.46,0.31,2.8,0.093,19.0,98.0,0.99815,3.32,0.63,9.5,0.0,1
8.1,0.45,0.34,8.3,0.037,33.0,216.0,0.9976,3.31,0.64,9.7,1.0,0
8.0,0.16,0.36,1.5,0.033,14.0,122.0,0.9941,3.2,0.39,10.3,1.0,0
8.4,0.37,0.53,1.8,0.413,9.0,26.0,0.9979,3.06,1.06,9.1,0.0,1
7.6,0.27,0.32,1.2,0.043,23.0,72.0,0.99236,3.06,0.68,10.5,1.0,0
7.2,0.34,0.24,2.0,0.071,30.0,52.0,0.99576,3.44,0.58,10.1,0.0,0
6.6,0.62,0.2,8.7,0.046,81.0,224.0,0.99605,3.17,0.44,9.3,1.0,0
7.1,0.39,0.79,1.4,0.194,23.0,90.0,0.99212,3.17,0.46,10.5,1.0,1
8.3,0.14,0.26,1.5,0.049,56.0,189.0,0.9946,3.21,0.62,9.5,1.0,1
6.0,0.2,0.38,1.3,0.034,37.0,104.0,0.98865,3.11,0.52,12.7,1.0,1
6.4,0.69,0.0,1.65,0.055,7.0,12.0,0.99162,3.47,0.53,12.9,0.0,1
9.6,0.38,0.31,2.5,0.096,16.0,49.0,0.9982,3.19,0.7,10.0,0.0,2
6.2,0.25,0.48,10.0,0.044,78.0,240.0,0.99655,3.25,0.47,9.5,1.0,1
9.9,0.5,0.5,13.8,0.205,48.0,82.0,1.00242,3.16,0.75,8.8,0.0,0
6.1,0.28,0.25,12.9,0.054,34.0,189.0,0.9979,3.25,0.43,9.0,1.0,0
6.6,0.39,0.28,9.2,0.036,10.0,92.0,0.99206,3.07,0.35,12.1,1.0,1
6.5,0.26,0.24,10.8,0.042,47.0,130.0,0.996,3.08,0.4,10.1,1.0,1
7.2,0.28,0.38,2.0,0.052,23.0,156.0,0.9912,3.13,0.52,11.1,1.0,0
6.5,0.27,0.19,6.6,0.045,98.0,175.0,0.99364,3.16,0.34,10.1,1.0,1
5.6,0.205,0.16,12.55,0.051,31.0,115.0,0.99564,3.4,0.38,10.8,1.0,1
8.1,0.87,0.0,2.2,0.084,10.0,31.0,0.99656,3.25,0.5,9.8,0.0,0
6.4,0.24,0.22,1.5,0.038,38.0,157.0,0.9934,3.41,0.55,9.9,1.0,1
5.7,0.25,0.26,12.5,0.049,52.5,120.0,0.99691,3.08,0.45,9.4,1.0,1
7.5,0.755,0.0,1.9,0.084,6.0,12.0,0.99672,3.34,0.49,9.7,0.0,0
6.2,0.35,0.2,18.1,0.069,33.0,158.0,0.99908,3.15,0.5,8.8,1.0,1
5.1,0.23,0.18,1.0,0.053,13.0,99.0,0.98956,3.22,0.39,11.5,1.0,0
6.2,0.33,0.27,4.9,0.036,30.0,134.0,0.9927,3.2,0.42,10.4,1.0,2
6.8,0.21,0.31,2.9,0.046,40.0,121.0,0.9913,3.07,0.65,10.9,1.0,2
6.2,0.35,0.25,18.4,0.051,28.0,182.0,0.99946,3.13,0.62,9.3,1.0,1
10.3,0.34,0.52,2.8,0.159,15.0,75.0,0.9998,3.18,0.64,9.4,0.0,0
5.9,0.26,0.4,1.3,0.047,12.0,139.0,0.9945,3.45,0.53,10.4,1.0,0
6.1,0.58,0.23,2.5,0.044,16.0,70.0,0.99352,3.46,0.65,12.5,0.0,1
8.6,0.34,0.36,1.4,0.045,11.0,119.0,0.99556,3.17,0.47,9.4,1.0,0
7.0,0.13,0.37,12.85,0.042,36.0,105.0,0.99581,3.05,0.55,10.7,1.0,1
6.2,0.3,0.42,2.2,0.036,28.0,128.0,0.9901,3.13,0.38,11.6,1.0,1
6.4,0.37,0.25,1.9,0.074,21.0,49.0,0.9974,3.57,0.62,9.8,0.0,1
6.9,0.34,0.3,4.7,0.029,34.0,148.0,0.99165,3.36,0.49,12.3,1.0,2
5.6,0.185,0.49,1.1,0.03,28.0,117.0,0.9918,3.55,0.45,10.3,1.0,1
7.3,0.38,0.21,2.0,0.08,7.0,35.0,0.9961,3.33,0.47,9.5,0.0,0
6.5,0.22,0.25,17.1,0.05,44.0,138.0,1.0001,3.3,0.37,8.8,1.0,0
5.9,0.21,0.31,1.8,0.033,45.0,142.0,0.98984,3.35,0.5,12.7,1.0,1
7.0,0.16,0.36,2.6,0.029,28.0,98.0,0.99126,3.11,0.37,11.2,1.0,2
7.1,0.43,0.3,6.6,0.025,15.0,138.0,0.99126,3.18,0.46,12.6,1.0,1
5.9,0.37,0.14,6.3,0.036,34.0,185.0,0.9944,3.17,0.63,9.8,1.0,0
6.3,0.17,0.32,1.0,0.04,39.0,118.0,0.98886,3.31,0.4,13.1,1.0,2
6.7,0.15,0.32,7.9,0.034,17.0,81.0,0.99512,3.29,0.31,10.0,1.0,1
6.8,0.29,0.32,1.8,0.032,18.0,130.0,0.99095,3.05,0.62,11.2,1.0,1
6.9,0.3,0.33,4.1,0.035,26.0,155.0,0.9925,3.25,0.79,12.3,1.0,2
9.0,0.785,0.24,1.7,0.078,10.0,21.0,0.99692,3.29,0.67,10.0,0.0,0
6.5,0.32,0.48,8.0,0.026,18.0,88.0,0.99144,3.22,0.79,12.7,1.0,0
5.3,0.36,0.27,6.3,0.028,40.0,132.0,0.99186,3.37,0.4,11.6,1.0,1
5.7,0.2,0.3,2.5,0.046,38.0,125.0,0.99276,3.34,0.5,9.9,1.0,1
6.7,0.36,0.26,7.9,0.034,39.0,123.0,0.99119,2.99,0.3,12.2,1.0,2
7.0,0.47,0.07,1.1,0.035,17.0,151.0,0.991,3.02,0.34,10.5,1.0,0
10.0,0.59,0.31,2.2,0.09,26.0,62.0,0.9994,3.18,0.63,10.2,0.0,1
6.8,0.64,0.1,2.1,0.085,18.0,101.0,0.9956,3.34,0.52,10.2,0.0,0
6.0,0.22,0.28,1.1,0.034,47.0,90.0,0.98862,3.22,0.38,12.6,1.0,1
7.6,0.17,0.46,0.9,0.036,63.0,147.0,0.99126,3.02,0.41,10.7,1.0,1
8.0,0.37,0.32,1.6,0.04,32.0,166.0,0.992,3.0,0.55,11.3,1.0,2
7.6,0.39,0.32,3.6,0.035,22.0,93.0,0.99144,3.08,0.6,12.5,1.0,2
8.1,0.575,0.22,2.1,0.077,12.0,65.0,0.9967,3.29,0.51,9.2,0.0,0
6.9,0.44,0.42,8.5,0.048,10.0,147.0,0.9974,3.32,0.46,9.5,1.0,1
7.3,0.16,0.35,1.5,0.036,29.0,108.0,0.99342,3.27,0.51,10.2,1.0,1
6.7,0.12,0.3,5.2,0.048,38.0,113.0,0.99352,3.33,0.44,10.1,1.0,2
7.2,0.18,0.41,1.2,0.048,41.0,97.0,0.9919,3.14,0.45,10.4,1.0,0
7.3,0.17,0.36,8.2,0.028,44.0,111.0,0.99272,3.14,0.41,12.4,1.0,1
6.3,0.24,0.74,1.4,0.172,24.0,108.0,0.9932,3.27,0.39,9.9,1.0,1
7.4,0.2,0.36,1.2,0.038,44.0,111.0,0.9926,3.36,0.34,9.9,1.0,1
7.5,0.6,0.03,1.8,0.095,25.0,99.0,0.995,3.35,0.54,10.1,0.0,0
3.9,0.225,0.4,4.2,0.03,29.0,118.0,0.989,3.57,0.36,12.8,1.0,2
6.2,0.46,0.29,2.1,0.074,32.0,98.0,0.99578,3.33,0.62,9.8,0.0,0
6.3,0.4,0.24,5.1,0.036,43.0,131.0,0.99186,3.24,0.44,11.3,1.0,1
7.2,0.22,0.49,1.0,0.045,34.0,140.0,0.99,3.05,0.34,12.7,1.0,1
6.8,0.39,0.34,7.4,0.02,38.0,133.0,0.99212,3.18,0.44,12.0,1.0,2
7.8,0.26,0.49,3.2,0.027,28.0,87.0,0.9919,3.03,0.32,11.3,1.0,2
6.5,0.36,0.28,3.2,0.037,29.0,119.0,0.9908,3.25,0.65,12.4,1.0,2
6.6,0.21,0.49,18.15,0.042,41.0,158.0,0.9997,3.28,0.39,8.7,1.0,1
7.0,0.32,0.27,7.1,0.027,37.0,122.0,0.99165,3.15,0.6,12.6,1.0,2
6.5,0.19,0.3,0.8,0.043,33.0,144.0,0.9936,3.42,0.39,9.1,1.0,1
7.7,0.46,0.18,3.3,0.054,18.0,143.0,0.99392,3.12,0.51,10.8,1.0,1
7.6,0.29,0.29,4.4,0.051,26.0,146.0,0.9939,3.16,0.39,10.2,1.0,0
7.4,0.29,0.38,1.7,0.062,9.0,30.0,0.9968,3.41,0.53,9.5,0.0,1
7.1,0.38,0.29,13.6,0.041,30.0,137.0,0.99461,3.02,0.96,12.1,1.0,1
7.0,0.24,0.36,4.9,0.083,10.0,133.0,0.9942,3.33,0.37,10.8,1.0,1
8.4,0.2,0.38,11.8,0.055,51.0,170.0,1.0004,3.34,0.82,8.9,1.0,1
10.7,0.35,0.53,2.6,0.07,5.0,16.0,0.9972,3.15,0.65,11.0,0.0,2
12.8,0.3,0.74,2.6,0.095,9.0,28.0,0.9994,3.2,0.77,10.8,0.0,2
10.2,0.54,0.37,15.4,0.214,55.0,95.0,1.00369,3.18,0.77,9.0,0.0,1
8.0,0.25,0.43,1.7,0.067,22.0,50.0,0.9946,3.38,0.6,11.9,0.0,1
6.8,0.56,0.22,1.8,0.074,15.0,24.0,0.99438,3.4,0.82,11.2,0.0,1
10.3,0.53,0.48,2.5,0.063,6.0,25.0,0.9998,3.12,0.59,9.3,0.0,1
5.9,0.21,0.28,4.6,0.053,40.0,199.0,0.9964,3.72,0.7,10.0,1.0,0
5.7,0.25,0.26,12.5,0.049,52.5,106.0,0.99691,3.08,0.45,9.4,1.0,1
7.0,0.3,0.38,14.9,0.032,60.0,181.0,0.9983,3.18,0.61,9.3,1.0,2
7.9,0.22,0.49,3.8,0.042,26.0,105.0,0.993,3.1,0.39,10.5,1.0,0
6.6,0.56,0.14,2.4,0.064,13.0,29.0,0.99397,3.42,0.62,11.7,0.0,2
7.1,0.685,0.35,2.0,0.088,9.0,92.0,0.9963,3.28,0.62,9.4,0.0,0
6.7,0.21,0.32,5.4,0.047,29.0,140.0,0.995,3.39,0.46,9.7,1.0,1
6.6,0.085,0.33,1.4,0.036,17.0,109.0,0.99306,3.27,0.61,9.5,1.0,1
6.7,0.31,0.33,2.0,0.033,12.0,74.0,0.99064,3.29,0.65,12.5,1.0,1
6.0,0.28,0.52,6.2,0.028,37.0,104.0,0.99161,3.28,0.51,11.8,1.0,2
6.6,0.33,0.24,16.05,0.045,31.0,147.0,0.99822,3.08,0.52,9.2,1.0,0
6.2,0.64,0.09,2.5,0.081,15.0,26.0,0.99538,3.57,0.63,12.0,0.0,0
8.0,0.725,0.24,2.8,0.083,10.0,62.0,0.99685,3.35,0.56,10.0,0.0,1
10.0,0.2,0.39,1.4,0.05,19.0,152.0,0.994,3.0,0.42,10.4,1.0,1
6.7,0.28,0.28,2.4,0.012,36.0,100.0,0.99064,3.26,0.39,11.7,1.0,2
6.6,0.17,0.36,1.9,0.036,38.0,110.0,0.99056,3.05,0.54,11.4,1.0,1
7.6,0.33,0.36,2.1,0.034,26.0,172.0,0.9944,3.42,0.48,10.5,1.0,0
6.4,0.27,0.49,7.3,0.046,53.0,206.0,0.9956,3.24,0.43,9.2,1.0,1
6.9,0.57,0.0,2.8,0.081,21.0,41.0,0.99518,3.41,0.52,10.8,0.0,0
7.2,0.47,0.16,5.9,0.048,14.0,125.0,0.99428,3.09,0.49,9.8,1.0,0
7.1,0.18,0.49,1.3,0.033,12.0,72.0,0.99072,3.05,0.53,11.3,1.0,2
13.3,0.43,0.58,1.9,0.07,15.0,40.0,1.0004,3.06,0.49,9.0,0.0,0
8.8,0.61,0.14,2.4,0.067,10.0,42.0,0.9969,3.19,0.59,9.5,0.0,0
5.4,0.29,0.38,1.2,0.029,31.0,132.0,0.98895,3.28,0.36,12.4,1.0,1
6.6,0.13,0.29,13.9,0.056,33.0,95.0,0.99702,3.17,0.39,9.4,1.0,1
7.6,0.48,0.28,10.4,0.049,57.0,205.0,0.99748,3.24,0.45,9.3,1.0,0
10.3,0.32,0.45,6.4,0.073,5.0,13.0,0.9976,3.23,0.82,12.6,0.0,2
8.8,0.36,0.44,1.9,0.04,9.0,121.0,0.9953,3.19,0.48,9.9,1.0,1
11.6,0.42,0.53,3.3,0.105,33.0,98.0,1.001,3.2,0.95,9.2,0.0,0
5.8,0.23,0.2,2.0,0.043,39.0,154.0,0.99226,3.21,0.39,10.2,1.0,1
7.1,0.34,0.28,2.0,0.082,31.0,68.0,0.99694,3.45,0.48,9.4,0.0,0
7.4,0.28,0.25,11.9,0.053,25.0,148.0,0.9976,3.1,0.62,9.2,1.0,0
7.2,0.21,0.36,15.7,0.045,68.0,183.0,0.99922,3.25,0.76,9.4,1.0,0
5.5,0.23,0.19,2.2,0.044,39.0,161.0,0.99209,3.19,0.43,10.4,1.0,1
6.6,0.32,0.36,8.0,0.047,57.0,168.0,0.9949,3.15,0.46,9.6,1.0,0
6.6,0.19,0.28,11.8,0.042,54.0,137.0,0.99492,3.18,0.37,10.8,1.0,1
6.0,0.19,0.71,1.5,0.152,9.0,55.0,0.9927,3.12,0.46,9.8,1.0,1
7.9,0.545,0.06,4.0,0.087,27.0,61.0,0.9965,3.36,0.67,10.7,0.0,1
6.1,0.45,0.27,0.8,0.039,13.0,82.0,0.9927,3.23,0.32,9.5,1.0,0
7.0,0.3,0.27,1.5,0.076,24.0,145.0,0.99344,3.1,0.52,10.1,1.0,0
7.3,0.15,0.4,2.0,0.05,24.0,92.0,0.9932,3.14,0.45,10.5,1.0,0
6.7,0.4,0.22,8.8,0.052,24.0,113.0,0.99576,3.22,0.45,9.4,1.0,0
8.4,0.62,0.09,2.2,0.084,11.0,108.0,0.9964,3.15,0.66,9.8,0.0,0
8.0,0.64,0.22,2.4,0.094,5.0,33.0,0.99612,3.37,0.58,11.0,0.0,0
7.8,0.34,0.37,2.0,0.082,24.0,58.0,0.9964,3.34,0.59,9.4,0.0,1
6.4,0.33,0.24,9.8,0.041,29.0,109.0,0.9956,3.29,0.47,10.1,1.0,1
7.3,0.67,0.26,1.8,0.401,16.0,51.0,0.9969,3.16,1.14,9.4,0.0,0
7.2,0.24,0.29,3.0,0.036,17.0,117.0,0.99411,3.36,0.68,10.1,1.0,1
6.7,0.26,0.29,5.8,0.025,26.0,74.0,0.9929,3.28,0.53,11.0,1.0,1
8.3,0.615,0.22,2.6,0.087,6.0,19.0,0.9982,3.26,0.61,9.3,0.0,0
5.8,0.28,0.66,9.1,0.039,26.0,159.0,0.9965,3.66,0.55,10.8,1.0,0
9.4,0.43,0.24,2.8,0.092,14.0,45.0,0.998,3.19,0.73,10.0,0.0,1
7.8,0.32,0.33,10.4,0.031,47.0,194.0,0.99692,3.07,0.58,9.6,1.0,1
7.3,0.36,0.54,13.3,0.054,63.0,193.0,0.99864,3.06,0.49,8.6,1.0,0
6.6,0.32,0.26,4.6,0.031,26.0,120.0,0.99198,3.4,0.73,12.5,1.0,2
7.2,0.32,0.24,5.6,0.033,23.0,120.0,0.99334,2.92,0.66,10.3,1.0,2
6.2,0.32,0.32,2.2,0.036,15.0,70.0,0.9899,3.16,0.48,12.7,1.0,1
6.5,0.28,0.35,9.8,0.067,61.0,180.0,0.9972,3.15,0.57,9.0,1.0,0
8.2,0.38,0.49,13.6,0.042,58.0,166.0,0.99855,3.1,0.54,9.4,1.0,0
6.5,0.23,0.33,13.8,0.042,25.0,139.0,0.99695,3.35,0.56,10.4,1.0,1
7.7,0.22,0.42,1.9,0.052,10.0,87.0,0.9922,3.3,0.49,11.8,1.0,1
6.7,0.24,0.29,6.8,0.038,54.0,127.0,0.9932,3.33,0.46,11.6,1.0,2
7.7,0.16,0.49,2.0,0.056,20.0,124.0,0.9948,3.32,0.49,10.7,1.0,1
10.7,0.43,0.39,2.2,0.106,8.0,32.0,0.9986,2.89,0.5,9.6,0.0,0
7.8,0.545,0.12,2.5,0.068,11.0,35.0,0.996,3.34,0.61,11.6,0.0,1
4.9,0.345,0.34,1.0,0.068,32.0,143.0,0.99138,3.24,0.4,10.1,1.0,0
6.5,0.33,0.28,6.1,0.018,41.0,103.0,0.99122,3.24,0.32,12.2,1.0,1
6.3,0.32,0.35,11.1,0.039,29.0,198.0,0.9984,3.36,0.5,9.4,1.0,2
6.5,0.17,0.31,1.5,0.041,34.0,121.0,0.99092,3.06,0.46,10.5,1.0,1
8.3,0.26,0.37,1.4,0.076,8.0,23.0,0.9974,3.26,0.7,9.6,0.0,1
7.9,0.57,0.31,2.0,0.079,10.0,79.0,0.99677,3.29,0.69,9.5,0.0,1
5.5,0.21,0.25,1.2,0.04,18.0,75.0,0.99006,3.31,0.56,11.3,1.0,1
7.5,0.27,0.31,5.8,0.057,131.0,313.0,0.9946,3.18,0.59,10.5,1.0,0
7.2,0.2,0.3,2.0,0.039,43.0,188.0,0.9911,3.3,0.41,12.0,1.0,1
7.8,0.27,0.28,1.8,0.05,21.0,127.0,0.9934,3.15,0.44,9.9,1.0,0
7.4,0.36,0.29,2.6,0.087,26.0,72.0,0.99645,3.39,0.68,11.0,0.0,0
6.6,0.34,0.4,8.1,0.046,68.0,170.0,0.99494,3.15,0.5,9.55,1.0,1
7.6,0.41,0.33,2.5,0.078,6.0,23.0,0.9957,3.3,0.58,11.2,0.0,0
6.6,0.21,0.49,18.15,0.042,41.0,158.0,0.9997,3.28,0.39,8.7,1.0,1
7.3,0.2,0.39,2.3,0.048,24.0,87.0,0.99044,2.94,0.35,12.0,1.0,1
7.4,0.16,0.3,13.7,0.056,33.0,168.0,0.99825,2.9,0.44,8.7,1.0,2
5.9,0.18,0.28,5.1,0.039,50.0,139.0,0.99165,3.16,0.44,11.3,1.0,1
7.4,0.27,0.31,2.4,0.014,15.0,143.0,0.99094,3.03,0.65,12.0,1.0,0
7.0,0.35,0.31,1.8,0.069,15.0,162.0,0.9944,3.18,0.47,9.4,1.0,0
6.2,0.19,0.38,5.1,0.019,22.0,82.0,0.98961,3.05,0.36,12.5,1.0,1
6.9,0.15,0.29,2.3,0.033,14.0,82.0,0.99132,3.1,0.58,11.2,1.0,2
6.0,0.21,0.38,0.8,0.02,22.0,98.0,0.98941,3.26,0.32,11.8,1.0,1
6.6,0.42,0.33,2.8,0.034,15.0,85.0,0.99,3.28,0.51,13.4,1.0,1
9.8,0.98,0.32,2.3,0.078,35.0,152.0,0.998,3.25,0.48,9.4,0.0,0
7.2,0.32,0.4,8.7,0.038,45.0,154.0,0.99568,3.2,0.47,10.4,1.0,1
7.4,0.3,0.3,5.2,0.053,45.0,163.0,0.9941,3.12,0.45,10.3,1.0,1
8.1,0.2,0.49,11.8,0.048,46.0,212.0,0.9968,3.09,0.46,10.0,1.0,2
6.9,0.18,0.36,1.3,0.036,40.0,117.0,0.9934,3.27,0.95,9.5,1.0,2
6.5,0.23,0.38,1.3,0.032,29.0,112.0,0.99298,3.29,0.54,9.7,1.0,0
11.6,0.53,0.66,3.65,0.121,6.0,14.0,0.9978,3.05,0.74,11.5,0.0,2
6.2,0.36,0.27,3.2,0.032,13.0,73.0,0.98942,2.9,0.69,12.6,1.0,2
6.4,0.35,0.35,5.6,0.034,9.0,148.0,0.99441,3.17,0.5,9.8,1.0,0
8.0,0.44,0.49,9.1,0.031,46.0,151.0,0.9926,3.16,0.27,12.7,1.0,2
7.2,0.21,0.29,3.1,0.044,39.0,122.0,0.99143,3.0,0.6,11.3,1.0,1
8.2,0.23,0.49,0.9,0.057,15.0,73.0,0.9928,3.07,0.38,10.4,1.0,1
6.6,0.35,0.19,10.5,0.06,15.0,82.0,0.99588,3.13,0.38,9.9,1.0,0
6.8,0.25,0.29,2.0,0.042,19.0,189.0,0.9952,3.46,0.54,10.2,1.0,1
7.0,0.32,0.34,1.3,0.042,20.0,69.0,0.9912,3.31,0.65,12.0,1.0,2
9.6,0.56,0.31,2.8,0.089,15.0,46.0,0.9979,3.11,0.92,10.0,0.0,1
7.0,0.28,0.39,8.7,0.051,32.0,141.0,0.9961,3.38,0.53,10.5,1.0,1
7.2,0.58,0.27,5.8,0.032,40.0,118.0,0.99088,3.17,0.53,13.0,1.0,2
5.4,0.17,0.27,2.7,0.049,28.0,104.0,0.99224,3.46,0.55,10.3,1.0,1
7.0,0.15,0.34,1.4,0.039,21.0,177.0,0.9927,3.32,0.62,10.8,1.0,0
6.9,0.56,0.03,1.5,0.086,36.0,46.0,0.99522,3.53,0.57,10.6,0.0,0
7.7,0.3,0.42,14.3,0.045,45.0,213.0,0.9991,3.18,0.63,9.2,1.0,0
7.1,0.44,0.23,5.8,0.035,24.0,100.0,0.99062,3.15,0.57,13.2,1.0,2
6.9,0.39,0.22,4.3,0.03,10.0,102.0,0.993,3.0,0.87,11.6,1.0,0
7.4,0.19,0.3,1.4,0.057,33.0,135.0,0.993,3.12,0.5,9.6,1.0,1
6.4,0.29,0.24,3.2,0.037,31.0,95.0,0.98942,2.9,0.66,12.6,1.0,2
6.9,0.25,0.4,1.3,0.038,22.0,101.0,0.9901,3.03,0.39,11.4,1.0,1
6.7,0.24,0.3,3.85,0.042,105.0,179.0,0.99189,3.04,0.59,11.3,1.0,2
6.4,0.26,0.22,5.1,0.037,23.0,131.0,0.9944,3.29,0.32,10.1,1.0,0
6.9,0.55,0.15,2.2,0.076,19.0,40.0,0.9961,3.41,0.59,10.1,0.0,0
5.8,0.23,0.27,1.8,0.043,24.0,69.0,0.9933,3.38,0.31,9.4,1.0,1
6.8,0.32,0.34,1.2,0.044,14.0,67.0,0.9919,3.05,0.47,10.6,1.0,0
6.1,0.27,0.31,3.9,0.034,42.0,137.0,0.99218,3.24,0.46,10.9,1.0,1
6.9,0.4,0.37,8.9,0.053,36.0,148.0,0.996,3.16,0.5,9.3,1.0,0
5.0,0.33,0.16,1.5,0.049,10.0,97.0,0.9917,3.48,0.44,10.7,1.0,1
6.5,0.39,0.23,8.3,0.051,28.0,91.0,0.9952,3.44,0.55,12.1,0.0,1
6.6,0.22,0.35,1.4,0.05,23.0,83.0,0.99019,3.17,0.48,12.0,1.0,2
5.4,0.595,0.1,2.8,0.042,26.0,80.0,0.9932,3.36,0.38,9.3,1.0,0
6.8,0.33,0.44,7.0,0.05,29.0,155.0,0.9955,3.14,0.42,9.5,1.0,0
6.5,0.26,0.34,16.3,0.051,56.0,197.0,1.0004,3.49,0.42,9.8,1.0,0
7.0,0.28,0.26,1.7,0.042,34.0,130.0,0.9925,3.43,0.5,10.7,1.0,2
5.0,0.38,0.01,1.6,0.048,26.0,60.0,0.99084,3.7,0.75,14.0,0.0,1
7.1,0.18,0.74,15.6,0.044,44.0,176.0,0.9996,3.38,0.67,9.0,1.0,1
6.8,0.15,0.41,12.9,0.044,79.5,182.0,0.99742,3.24,0.78,10.2,1.0,1
7.0,0.3,0.28,2.2,0.042,21.0,177.0,0.99166,3.2,0.57,11.4,1.0,0
7.4,0.2,0.35,6.1,0.025,10.0,40.0,0.99244,2.79,0.52,10.9,1.0,0
11.4,0.46,0.5,2.7,0.122,4.0,17.0,1.0006,3.13,0.7,10.2,0.0,0
6.1,0.3,0.32,2.2,0.042,41.0,142.0,0.98952,3.31,0.44,12.7,1.0,2
7.8,0.26,0.74,7.5,0.044,59.0,160.0,0.996,3.22,0.64,10.0,1.0,1
6.8,0.27,0.49,1.2,0.044,35.0,126.0,0.99,3.13,0.48,12.1,1.0,2
7.6,0.14,0.74,1.6,0.04,27.0,103.0,0.9916,3.07,0.4,10.8,1.0,2
5.8,0.21,0.32,1.6,0.045,38.0,95.0,0.98946,3.23,0.94,12.4,1.0,2
6.1,0.28,0.16,1.3,0.06,36.0,126.0,0.99353,3.13,0.46,8.7,1.0,1
9.9,0.57,0.25,2.0,0.104,12.0,89.0,0.9963,3.04,0.9,10.1,0.0,0
6.4,0.45,0.07,1.1,0.03,10.0,131.0,0.9905,2.97,0.28,10.8,1.0,0
6.3,0.3,0.24,6.6,0.04,38.0,141.0,0.995,3.22,0.47,9.5,1.0,0
6.4,0.23,0.35,4.6,0.039,43.0,147.0,0.99216,3.18,0.4,11.0,1.0,2
7.6,0.63,0.03,2.0,0.08,27.0,43.0,0.99578,3.44,0.64,10.9,0.0,1
7.1,0.13,0.4,1.2,0.047,54.0,134.0,0.9932,3.3,0.97,9.8,1.0,2
6.9,0.49,0.24,1.2,0.049,13.0,125.0,0.9932,3.17,0.51,9.4,1.0,0
8.2,0.61,0.45,5.4,0.03,15.0,118.0,0.9954,3.14,0.34,9.6,1.0,0
6.8,0.475,0.33,3.95,0.047,16.0,81.0,0.98988,3.23,0.53,13.4,1.0,2
11.5,0.41,0.52,3.0,0.08,29.0,55.0,1.0001,3.26,0.88,11.0,0.0,0
8.5,0.32,0.42,2.3,0.075,12.0,19.0,0.99434,3.14,0.71,11.8,0.0,2
8.0,0.24,0.33,1.2,0.044,28.0,101.0,0.99035,3.03,0.43,12.5,1.0,1
7.5,0.33,0.48,19.45,0.048,55.0,243.0,1.001,2.95,0.4,8.8,1.0,0
5.8,0.19,0.33,4.2,0.038,49.0,133.0,0.99107,3.16,0.42,11.3,1.0,2
9.1,0.28,0.49,2.0,0.059,10.0,112.0,0.9958,3.15,0.46,10.1,1.0,0
5.1,0.26,0.34,6.4,0.034,26.0,99.0,0.99449,3.23,0.41,9.2,1.0,1
5.9,0.15,0.31,5.8,0.041,53.0,155.0,0.9945,3.52,0.46,10.5,1.0,1
10.6,0.31,0.49,2.2,0.063,18.0,40.0,0.9976,3.14,0.51,9.8,0.0,1
5.4,0.27,0.22,4.6,0.022,29.0,107.0,0.98889,3.33,0.54,13.8,1.0,1
6.2,0.2,0.25,15.0,0.055,8.0,120.0,0.99767,3.19,0.53,9.6,1.0,1
6.9,0.24,0.33,1.7,0.035,47.0,136.0,0.99,3.26,0.4,12.6,1.0,2
7.5,0.42,0.32,2.7,0.067,7.0,25.0,0.99628,3.24,0.44,10.4,0.0,0
7.6,0.3,0.37,1.6,0.087,27.0,177.0,0.99438,3.09,0.5,9.8,1.0,0
7.4,0.2,0.28,9.1,0.047,29.0,95.0,0.99532,3.16,0.47,9.8,1.0,2
7.8,0.29,0.22,9.5,0.056,44.0,213.0,0.99715,3.08,0.61,9.3,1.0,1
8.1,0.17,0.44,14.1,0.053,43.0,145.0,1.0006,3.28,0.75,8.8,1.0,2
5.8,0.19,0.24,1.3,0.044,38.0,128.0,0.99362,3.77,0.6,10.6,1.0,0
7.1,0.18,0.39,14.5,0.051,48.0,156.0,0.99947,3.35,0.78,9.1,1.0,0
7.8,0.43,0.49,13.0,0.033,37.0,158.0,0.9955,3.14,0.35,11.3,1.0,1
7.0,0.69,0.07,2.5,0.091,15.0,21.0,0.99572,3.38,0.6,11.3,0.0,1
7.4,0.25,0.29,2.2,0.054,19.0,49.0,0.99666,3.4,0.76,10.9,0.0,2
6.4,0.22,0.49,7.5,0.054,42.0,151.0,0.9948,3.27,0.52,10.1,1.0,1
6.9,0.29,0.3,8.2,0.026,35.0,112.0,0.99144,3.0,0.37,12.3,1.0,1
7.1,0.23,0.23,3.5,0.038,23.0,112.0,0.99157,3.05,0.37,11.3666666666667,1.0,1
7.1,0.2,0.37,1.5,0.049,28.0,129.0,0.99226,3.15,0.52,10.8,1.0,0
6.3,0.41,0.16,0.9,0.032,25.0,98.0,0.99274,3.16,0.42,9.5,1.0,0
7.6,0.21,0.44,1.9,0.036,10.0,119.0,0.9913,3.01,0.7,12.8,1.0,1
7.5,0.18,0.31,6.5,0.029,53.0,160.0,0.99276,3.03,0.38,10.9,1.0,1
8.0,0.29,0.29,13.2,0.046,26.0,113.0,0.9983,3.25,0.37,9.7,1.0,1
7.3,0.28,0.37,1.2,0.039,26.0,99.0,0.99198,3.01,0.62,10.8,1.0,0
7.3,0.3,0.74,13.5,0.039,46.0,165.0,0.9982,3.02,0.4,8.7,1.0,0
6.2,0.2,0.25,15.0,0.055,8.0,120.0,0.99767,3.19,0.53,9.6,1.0,1
4.7,0.785,0.0,3.4,0.036,23.0,134.0,0.98981,3.53,0.92,13.8,1.0,1
7.1,0.44,0.37,2.7,0.041,35.0,128.0,0.9896,3.07,0.43,13.5,1.0,2
6.7,0.12,0.36,2.3,0.039,43.0,125.0,0.99229,3.07,0.67,10.1,1.0,2
7.1,0.39,0.3,9.9,0.037,29.0,124.0,0.99414,3.07,0.42,10.9,1.0,1
6.6,0.16,0.29,1.8,0.05,40.0,147.0,0.9912,3.06,0.44,11.4,1.0,2
7.4,0.16,0.3,13.7,0.056,33.0,168.0,0.99825,2.9,0.44,8.7,1.0,2
6.5,0.29,0.25,2.5,0.142,8.0,111.0,0.9927,3.0,0.44,9.9,1.0,0
5.1,0.26,0.33,1.1,0.027,46.0,113.0,0.98946,3.35,0.43,11.4,1.0,2
5.6,0.24,0.34,2.0,0.041,14.0,73.0,0.98981,3.04,0.45,11.6,1.0,2
6.0,0.27,0.27,1.6,0.046,32.0,113.0,0.9924,3.41,0.51,10.5,1.0,2
5.9,0.23,0.3,12.9,0.054,57.0,170.0,0.9972,3.28,0.39,9.4,1.0,0
6.5,0.39,0.35,1.6,0.049,10.0,164.0,0.99516,3.35,0.51,9.7,1.0,0
6.1,0.36,0.58,15.0,0.044,42.0,115.0,0.9978,3.15,0.51,9.0,1.0,0
7.5,0.33,0.38,8.7,0.126,49.0,199.0,0.99711,2.98,0.57,9.4,1.0,0
7.9,0.18,0.49,5.2,0.051,36.0,157.0,0.9953,3.18,0.48,10.6,1.0,1
6.3,0.51,0.13,2.3,0.076,29.0,40.0,0.99574,3.42,0.75,11.0,0.0,1
6.4,0.13,0.47,1.6,0.092,40.0,158.0,0.9928,3.21,0.36,9.8,1.0,1
6.3,0.28,0.3,6.6,0.208,60.0,154.0,0.99478,3.1,0.4,9.4,1.0,1
8.3,0.16,0.48,1.7,0.057,31.0,98.0,0.9943,3.15,0.41,10.3,1.0,1
6.6,0.29,0.31,3.9,0.027,39.0,96.0,0.99035,3.24,0.6,12.6,1.0,2
9.3,0.775,0.27,2.8,0.078,24.0,56.0,0.9984,3.31,0.67,10.6,0.0,1
5.9,0.18,0.29,4.6,0.032,68.0,137.0,0.99159,3.21,0.38,11.3,1.0,1
9.1,0.29,0.33,2.05,0.063,13.0,27.0,0.99516,3.26,0.84,11.7,0.0,2
7.2,0.25,0.19,8.0,0.044,51.0,172.0,0.9964,3.16,0.44,9.2,1.0,0
6.9,0.21,0.28,2.4,0.056,49.0,159.0,0.9944,3.02,0.47,8.8,1.0,2
8.2,0.26,0.33,2.6,0.053,11.0,71.0,0.99402,2.89,0.49,9.5,1.0,0
6.2,0.21,0.27,1.7,0.038,41.0,150.0,0.9933,3.49,0.71,10.5,1.0,2
7.6,0.345,0.26,1.9,0.043,15.0,134.0,0.9936,3.08,0.38,9.5,1.0,0
7.3,0.34,0.33,2.5,0.064,21.0,37.0,0.9952,3.35,0.77,12.1,0.0,2
6.3,0.39,0.16,1.4,0.08,11.0,23.0,0.9955,3.34,0.56,9.3,0.0,0
6.0,0.28,0.49,6.8,0.048,61.0,222.0,0.9953,3.19,0.47,9.3,1.0,0
8.9,0.24,0.39,1.6,0.074,3.0,10.0,0.99698,3.12,0.59,9.5,0.0,1
5.6,0.27,0.37,0.9,0.025,11.0,49.0,0.98845,3.29,0.33,13.1,1.0,1
6.3,0.68,0.01,3.7,0.103,32.0,54.0,0.99586,3.51,0.66,11.3,0.0,1
6.2,0.27,0.32,6.3,0.048,47.0,159.0,0.99282,3.21,0.6,11.0,1.0,1
5.8,0.18,0.28,1.3,0.034,9.0,94.0,0.99092,3.21,0.52,11.2,1.0,1
5.0,0.33,0.16,1.5,0.049,10.0,97.0,0.9917,3.48,0.44,10.7,1.0,1
12.3,0.39,0.63,2.3,0.091,6.0,18.0,1.0004,3.16,0.49,9.5,0.0,0
8.2,0.18,0.31,11.8,0.039,96.0,249.0,0.9976,3.07,0.52,9.5,1.0,1
7.5,0.21,0.34,1.2,0.06,26.0,111.0,0.9931,3.51,0.47,10.7,1.0,1
6.8,0.22,0.3,13.6,0.055,50.0,180.0,0.9984,3.44,0.39,9.8,1.0,0
6.4,0.24,0.25,20.2,0.083,35.0,157.0,0.99976,3.17,0.5,9.1,1.0,0
7.7,0.3,0.42,14.3,0.045,45.0,213.0,0.9991,3.18,0.63,9.2,1.0,0
6.0,0.38,0.26,3.5,0.035,38.0,111.0,0.98872,3.18,0.47,13.6,1.0,2
6.1,0.15,0.29,6.2,0.046,39.0,151.0,0.99471,3.6,0.44,10.6,1.0,1
6.8,0.27,0.42,7.3,0.054,58.0,200.0,0.99556,3.12,0.49,9.4,1.0,1
6.0,0.45,0.42,1.1,0.051,61.0,197.0,0.9932,3.02,0.4,9.0,1.0,0
8.6,0.18,0.4,1.1,0.04,20.0,107.0,0.9923,2.94,0.32,10.2,1.0,2
6.8,0.29,0.22,3.4,0.035,40.0,122.0,0.99024,3.09,0.47,12.3,1.0,1
6.1,0.48,0.09,1.7,0.078,18.0,30.0,0.99402,3.45,0.54,11.2,0.0,1
7.4,0.31,0.74,10.7,0.039,51.0,147.0,0.9977,3.02,0.43,8.7,1.0,0
8.1,0.24,0.38,4.3,0.044,49.0,172.0,0.996,3.37,0.74,10.8,1.0,1
6.6,0.28,0.3,12.9,0.033,31.0,177.0,0.99479,3.12,0.39,11.2,1.0,1
7.6,0.22,0.28,12.0,0.056,68.0,143.0,0.9983,2.99,0.3,9.2,1.0,1
6.8,0.17,0.32,1.4,0.04,35.0,106.0,0.99026,3.16,0.66,12.0,1.0,0
7.6,0.55,0.21,2.2,0.071,7.0,28.0,0.9964,3.28,0.55,9.7,0.0,0
9.6,0.6,0.5,2.3,0.079,28.0,71.0,0.9997,3.5,0.57,9.7,0.0,0
9.5,0.59,0.44,2.3,0.071,21.0,68.0,0.9992,3.46,0.63,9.5,0.0,0
7.1,0.23,0.39,13.7,0.058,26.0,172.0,0.99755,2.9,0.46,9.0,1.0,1
8.3,0.21,0.4,1.6,0.032,35.0,110.0,0.9907,3.02,0.6,12.9,1.0,2
6.0,0.28,0.24,17.8,0.047,42.0,111.0,0.99896,3.1,0.45,8.9,1.0,1
10.2,0.36,0.64,2.9,0.122,10.0,41.0,0.998,3.23,0.66,12.5,0.0,1
6.1,0.28,0.25,17.75,0.044,48.0,161.0,0.9993,3.34,0.48,9.5,1.0,0
6.5,0.24,0.39,17.3,0.052,22.0,126.0,0.99888,3.11,0.47,9.2,1.0,1
6.8,0.21,0.27,18.15,0.042,41.0,146.0,1.0001,3.3,0.36,8.7,1.0,0
8.3,0.22,0.38,14.8,0.054,32.0,126.0,1.0002,3.22,0.5,9.7,1.0,0
6.1,0.46,0.32,6.2,0.053,10.0,94.0,0.99537,3.35,0.47,10.1,1.0,0
10.6,0.36,0.6,2.2,0.152,7.0,18.0,0.9986,3.04,1.06,9.4,0.0,0
7.3,0.655,0.2,10.2,0.071,28.0,212.0,0.9971,2.96,0.58,9.2,1.0,1
6.9,0.24,0.39,1.3,0.063,18.0,136.0,0.9928,3.31,0.48,10.4,1.0,2
7.1,0.66,0.0,3.9,0.086,17.0,45.0,0.9976,3.46,0.54,9.5,0.0,0
5.1,0.31,0.3,0.9,0.037,28.0,152.0,0.992,3.54,0.56,10.1,1.0,1
7.1,0.21,0.27,8.6,0.056,26.0,111.0,0.9956,2.95,0.52,9.5,1.0,0
6.8,0.22,0.35,17.5,0.039,38.0,153.0,0.9994,3.24,0.42,9.0,1.0,1
6.4,0.17,0.27,9.9,0.047,26.0,101.0,0.99596,3.34,0.5,9.9,1.0,1
8.3,0.655,0.12,2.3,0.083,15.0,113.0,0.9966,3.17,0.66,9.8,0.0,0
12.1,0.4,0.52,2.0,0.092,15.0,54.0,1.0,3.03,0.66,10.2,0.0,0
6.7,0.24,0.36,8.4,0.042,42.0,123.0,0.99473,3.34,0.52,10.9,1.0,1
8.0,0.28,0.32,7.6,0.045,61.0,204.0,0.99543,3.1,0.55,10.1,1.0,1
7.3,0.67,0.02,2.2,0.072,31.0,92.0,0.99566,3.32,0.68,11.1,0.0,1
7.6,0.19,0.41,1.1,0.04,38.0,143.0,0.9907,2.92,0.42,11.4,1.0,0
7.6,0.28,0.39,1.2,0.038,21.0,115.0,0.994,3.16,0.67,10.0,1.0,1
6.4,0.105,0.29,1.1,0.035,44.0,140.0,0.99142,3.17,0.55,10.7,1.0,2
7.1,0.12,0.32,9.6,0.054,64.0,162.0,0.9962,3.4,0.41,9.4,1.0,0
6.7,0.26,0.39,6.4,0.171,64.0,200.0,0.99562,3.19,0.38,9.4,1.0,1
7.2,0.4,0.49,1.1,0.048,11.0,138.0,0.9929,3.01,0.42,9.3,1.0,0
5.7,0.28,0.36,1.8,0.041,38.0,90.0,0.99002,3.27,0.98,11.9,1.0,2
8.8,0.55,0.04,2.2,0.119,14.0,56.0,0.9962,3.21,0.6,10.9,0.0,1
5.8,0.32,0.38,4.75,0.033,23.0,94.0,0.991,3.42,0.42,11.8,1.0,2
7.9,0.69,0.21,2.1,0.08,33.0,141.0,0.9962,3.25,0.51,9.9,0.0,0
7.4,0.2,0.31,1.6,0.038,34.0,116.0,0.9912,3.25,0.39,12.0,1.0,2
8.2,0.4,0.48,13.7,0.042,59.0,169.0,0.9986,3.1,0.52,9.4,1.0,0
7.9,0.885,0.03,1.8,0.058,4.0,8.0,0.9972,3.36,0.33,9.1,0.0,0
9.2,0.59,0.24,3.3,0.101,20.0,47.0,0.9988,3.26,0.67,9.6,0.0,0
6.6,0.32,0.47,15.6,0.063,27.0,173.0,0.99872,3.18,0.56,9.0,1.0,0
6.6,0.22,0.37,1.6,0.04,31.0,101.0,0.99009,3.15,0.66,12.0,1.0,0
5.8,0.58,0.0,1.5,0.02,33.0,96.0,0.98918,3.29,0.38,12.4,1.0,1
6.6,0.21,0.39,2.3,0.041,31.0,102.0,0.99221,3.22,0.58,10.9,1.0,2
5.5,0.17,0.23,2.9,0.039,10.0,108.0,0.99243,3.28,0.5,10.0,1.0,0
10.8,0.4,0.41,2.2,0.084,7.0,17.0,0.9984,3.08,0.67,9.3,0.0,1
7.7,0.44,0.24,11.2,0.031,41.0,167.0,0.9948,3.12,0.43,11.3,1.0,2
6.2,0.35,0.2,18.1,0.069,33.0,158.0,0.99908,3.15,0.5,8.8,1.0,1
7.5,0.27,0.36,7.0,0.036,45.0,164.0,0.9939,3.03,0.33,11.0,1.0,0
5.3,0.165,0.24,1.1,0.051,25.0,105.0,0.9925,3.32,0.47,9.1,1.0,0
6.8,0.19,0.58,14.2,0.038,51.0,164.0,0.9975,3.12,0.48,9.6,1.0,1
7.0,0.15,0.38,15.3,0.045,54.0,120.0,0.9975,3.18,0.42,9.8,1.0,1
6.7,0.5,0.36,11.5,0.096,18.0,92.0,0.99642,3.11,0.49,9.6,1.0,0
8.4,0.23,0.32,1.3,0.048,59.0,113.0,0.99178,3.1,0.55,11.0,1.0,1
6.4,0.3,0.3,2.25,0.038,8.0,210.0,0.9937,3.2,0.62,9.9,1.0,1
5.9,0.435,0.16,6.4,0.031,21.0,134.0,0.99151,3.24,0.46,12.2,1.0,1
6.7,0.31,0.42,6.4,0.057,25.0,148.0,0.9955,3.16,0.45,9.6,1.0,0
11.2,0.4,0.5,2.0,0.099,19.0,50.0,0.99783,3.1,0.58,10.4,0.0,0
5.9,0.2,0.23,1.5,0.037,38.0,93.0,0.99021,3.36,0.49,12.0,1.0,1
5.7,0.135,0.3,4.6,0.042,19.0,101.0,0.9946,3.31,0.42,9.3,1.0,1
6.7,0.75,0.01,2.4,0.078,17.0,32.0,0.9955,3.55,0.61,12.8,0.0,1
8.0,0.57,0.39,3.9,0.034,22.0,122.0,0.9917,3.29,0.67,12.8,1.0,2
7.7,0.35,0.46,11.8,0.088,61.0,183.0,0.99786,2.86,0.47,9.0,1.0,0
6.4,0.24,0.26,8.2,0.054,47.0,182.0,0.99538,3.12,0.5,9.5,1.0,0
6.4,0.43,0.32,1.4,0.048,10.0,67.0,0.992,3.08,0.41,11.4,1.0,0
6.1,0.25,0.28,10.0,0.055,56.0,131.0,0.994,3.22,0.35,10.9,1.0,1
7.2,0.32,0.3,8.25,0.02,14.0,104.0,0.99362,2.99,0.44,11.4,1.0,1
9.1,0.27,0.45,10.6,0.035,28.0,124.0,0.997,3.2,0.46,10.4,1.0,2
8.5,0.46,0.59,1.4,0.414,16.0,45.0,0.99702,3.03,1.34,9.2,0.0,0
6.9,0.31,0.34,1.6,0.032,23.0,128.0,0.9917,3.37,0.47,11.7,1.0,1
5.8,0.18,0.37,1.1,0.036,31.0,96.0,0.98942,3.16,0.48,12.0,1.0,1
6.7,0.17,0.42,10.4,0.038,85.0,182.0,0.99628,3.04,0.44,8.9,1.0,1
6.9,0.25,0.3,4.1,0.054,23.0,116.0,0.994,2.99,0.38,9.4,1.0,1
6.4,0.15,0.31,1.1,0.044,25.0,96.0,0.9932,3.54,0.51,10.3,1.0,1
6.3,0.22,0.43,4.55,0.038,31.0,130.0,0.9918,3.35,0.33,11.5,1.0,2
7.9,0.58,0.23,2.3,0.076,23.0,94.0,0.99686,3.21,0.58,9.5,0.0,1
7.0,0.3,0.49,4.7,0.036,17.0,105.0,0.9916,3.26,0.68,12.4,1.0,2
6.9,0.2,0.36,1.5,0.031,38.0,147.0,0.9931,3.35,0.56,11.0,1.0,1
6.8,0.26,0.22,7.7,0.047,57.0,210.0,0.9959,3.1,0.47,9.0,1.0,0
5.8,0.28,0.34,4.0,0.031,40.0,99.0,0.9896,3.39,0.39,12.8,1.0,2
6.1,0.6,0.12,1.8,0.05,11.0,76.0,0.99268,3.42,0.48,10.4,1.0,0
7.2,0.58,0.54,2.1,0.114,3.0,9.0,0.99719,3.33,0.57,10.3,0.0,0
13.4,0.27,0.62,2.6,0.082,6.0,21.0,1.0002,3.16,0.67,9.7,0.0,1
8.7,0.48,0.3,2.8,0.066,10.0,28.0,0.9964,3.33,0.67,11.2,0.0,2
7.0,0.2,0.31,8.0,0.05,29.0,213.0,0.99596,3.28,0.57,10.4,1.0,1
10.7,0.4,0.37,1.9,0.081,17.0,29.0,0.99674,3.12,0.65,11.2,0.0,1
6.4,0.22,0.32,7.2,0.028,15.0,83.0,0.993,3.13,0.55,10.9,1.0,2
7.6,0.26,0.47,1.6,0.068,5.0,55.0,0.9944,3.1,0.45,9.6,1.0,0
7.2,0.2,0.61,16.2,0.043,14.0,103.0,0.9987,3.06,0.36,9.2,1.0,1
6.2,0.1,0.41,1.0,0.04,17.0,76.0,0.98988,3.14,0.56,11.4,1.0,2
5.4,0.24,0.18,2.3,0.05,22.0,145.0,0.99207,3.24,0.46,10.3,1.0,0
6.9,0.18,0.3,2.0,0.038,39.0,190.0,0.9914,3.32,0.37,12.2,1.0,1
7.5,0.35,0.48,12.4,0.056,61.0,176.5,0.99803,2.97,0.52,8.8,1.0,0
6.8,0.64,0.0,2.7,0.123,15.0,33.0,0.99538,3.44,0.63,11.3,0.0,1
6.3,0.41,0.3,3.2,0.03,49.0,164.0,0.9927,3.53,0.79,11.7,1.0,2
9.0,0.38,0.53,2.1,0.102,19.0,76.0,0.99001,2.93,0.57,12.9,1.0,0
8.4,0.24,0.49,7.4,0.039,46.0,108.0,0.9934,3.03,0.33,11.9,1.0,2
6.6,0.7,0.08,2.6,0.106,14.0,27.0,0.99665,3.44,0.58,10.2,0.0,0
7.2,0.45,0.15,2.0,0.078,10.0,28.0,0.99609,3.29,0.51,9.9,0.0,1
6.3,0.17,0.32,4.2,0.04,37.0,117.0,0.99182,3.24,0.43,11.3,1.0,1
8.2,0.32,0.42,2.3,0.098,3.0,9.0,0.99506,3.27,0.55,12.3,0.0,1
6.6,0.26,0.56,15.4,0.053,32.0,141.0,0.9981,3.11,0.49,9.3,1.0,0
8.5,0.21,0.26,9.25,0.034,73.0,142.0,0.9945,3.05,0.37,11.4,1.0,1
6.6,0.22,0.36,5.5,0.029,30.0,105.0,0.99206,3.2,0.47,11.8,1.0,1
8.2,0.37,0.36,1.0,0.034,17.0,93.0,0.9906,3.04,0.32,11.7,1.0,2
10.0,0.46,0.44,2.9,0.065,4.0,8.0,0.99674,3.33,0.62,12.2,0.0,1
6.9,0.31,0.32,1.6,0.036,34.0,114.0,0.99068,3.19,0.45,11.4,1.0,2
7.1,0.18,0.36,1.4,0.043,31.0,87.0,0.9898,3.26,0.37,12.7,1.0,2
6.4,0.595,0.14,5.2,0.058,15.0,97.0,0.9951,3.38,0.36,9.0,1.0,0
6.8,0.24,0.31,18.3,0.046,40.0,142.0,1.0,3.3,0.41,8.7,1.0,0
7.1,0.37,0.67,10.5,0.045,49.0,155.0,0.9975,3.16,0.44,8.7,1.0,0
8.5,0.24,0.39,10.4,0.044,20.0,142.0,0.9974,3.2,0.53,10.0,1.0,1
5.9,0.34,0.31,2.0,0.03,38.0,142.0,0.98892,3.4,0.41,12.9,1.0,2
10.5,0.24,0.47,2.1,0.066,6.0,24.0,0.9978,3.15,0.9,11.0,0.0,2
6.1,0.4,0.31,0.9,0.048,23.0,170.0,0.993,3.22,0.77,9.5,1.0,1
6.6,0.24,0.33,10.1,0.032,8.0,81.0,0.99626,3.19,0.51,9.8,1.0,1
7.2,0.23,0.39,2.3,0.033,29.0,102.0,0.9908,3.26,0.54,12.3,1.0,2
7.6,0.2,0.68,12.9,0.042,56.0,160.0,0.99841,3.05,0.41,8.7,1.0,0
7.2,0.34,0.23,8.9,0.105,22.0,155.0,0.99692,3.01,0.58,9.5,1.0,0
5.7,0.28,0.28,2.2,0.019,15.0,65.0,0.9902,3.06,0.52,11.2,1.0,1
7.2,0.24,0.34,1.1,0.045,3.0,64.0,0.9913,3.23,0.51,11.4,1.0,0
7.0,0.32,0.35,1.5,0.039,24.0,125.0,0.9918,3.17,0.64,12.2,1.0,1
6.2,0.22,0.28,2.2,0.04,24.0,125.0,0.9917,3.19,0.48,10.5,1.0,1
6.4,0.18,0.32,9.6,0.052,24.0,90.0,0.9963,3.35,0.49,9.4,1.0,1
5.3,0.33,0.3,1.2,0.048,25.0,119.0,0.99045,3.32,0.62,11.3,1.0,1
7.6,0.17,0.45,11.2,0.054,56.0,137.0,0.997,3.15,0.47,10.0,1.0,0
6.5,0.43,0.28,11.25,0.032,31.0,87.0,0.9922,3.02,0.38,12.4,1.0,1
7.4,0.16,0.3,13.7,0.056,33.0,168.0,0.99825,2.9,0.44,8.7,1.0,2
6.4,0.22,0.31,13.9,0.04,57.0,135.0,0.99672,3.21,0.38,10.7,1.0,0
5.8,0.22,0.25,1.5,0.024,21.0,109.0,0.99234,3.37,0.58,10.4,1.0,1
8.2,0.28,0.42,1.8,0.031,30.0,93.0,0.9917,3.09,0.39,11.4,1.0,0
8.2,0.29,0.33,9.1,0.036,28.0,118.0,0.9953,2.96,0.4,10.9,1.0,2
6.9,0.4,0.22,5.95,0.081,76.0,303.0,0.99705,3.4,0.57,9.4,1.0,0
6.2,0.24,0.29,13.3,0.039,49.0,130.0,0.9952,3.33,0.46,11.0,1.0,2
8.2,0.23,0.42,1.9,0.069,9.0,17.0,0.99376,3.21,0.54,12.3,0.0,1
6.2,0.24,0.25,12.5,0.055,47.0,134.0,0.99758,3.3,0.51,9.0,1.0,0
7.1,0.715,0.0,2.35,0.071,21.0,47.0,0.99632,3.29,0.45,9.4,0.0,0
6.2,0.16,0.32,1.1,0.036,74.0,184.0,0.99096,3.22,0.41,11.0,1.0,1
6.6,0.36,0.24,0.9,0.038,15.0,72.0,0.99066,3.23,0.39,11.0,1.0,0
6.9,0.3,0.36,4.5,0.054,31.0,203.0,0.99513,3.4,0.57,10.4,1.0,0
9.8,0.36,0.46,10.5,0.038,4.0,83.0,0.9956,2.89,0.3,10.1,1.0,0
6.6,0.38,0.29,2.9,0.035,15.0,101.0,0.98916,3.04,0.37,12.5,1.0,1
8.3,0.715,0.15,1.8,0.089,10.0,52.0,0.9968,3.23,0.77,9.5,0.0,0
7.0,0.22,0.26,1.1,0.037,20.0,71.0,0.9902,3.1,0.38,11.7,1.0,1
6.7,0.38,0.26,9.55,0.036,35.0,91.0,0.9919,2.98,0.37,12.4,1.0,1
6.4,0.21,0.3,5.6,0.044,43.0,160.0,0.9949,3.6,0.41,10.6,1.0,1
7.4,0.26,0.32,3.7,0.032,29.0,193.0,0.99134,3.1,0.67,12.5,1.0,1
8.2,0.35,0.33,2.4,0.076,11.0,47.0,0.99599,3.27,0.81,11.0,0.0,1
7.3,0.22,0.26,1.5,0.04,32.0,172.0,0.99194,3.27,0.48,11.2,1.0,1
6.8,0.57,0.0,2.5,0.072,32.0,64.0,0.99491,3.43,0.56,11.2,0.0,1
8.9,0.13,0.49,1.0,0.028,6.0,24.0,0.9926,2.91,0.32,9.9,1.0,0
7.3,0.25,0.36,2.1,0.034,30.0,177.0,0.99085,3.25,0.4,11.9,1.0,2
6.9,0.33,0.26,5.0,0.027,46.0,143.0,0.9924,3.25,0.43,11.2,1.0,2
7.6,0.3,0.22,10.2,0.049,57.0,191.0,0.9966,3.08,0.4,9.3,1.0,1
10.8,0.29,0.42,1.6,0.084,19.0,27.0,0.99545,3.28,0.73,11.9,0.0,1
5.4,0.42,0.27,2.0,0.092,23.0,55.0,0.99471,3.78,0.64,12.3,0.0,2
6.9,0.3,0.45,1.4,0.039,36.0,122.0,0.99059,3.07,0.47,11.1,1.0,2
7.0,0.2,0.37,2.0,0.03,26.0,136.0,0.9932,3.28,0.61,10.2,1.0,1
4.9,0.335,0.14,1.3,0.036,69.0,168.0,0.99212,3.47,0.46,10.4666666666667,1.0,0
5.8,0.15,0.28,0.8,0.037,43.0,127.0,0.99198,3.24,0.51,9.3,1.0,0
8.5,0.37,0.32,1.8,0.066,26.0,51.0,0.99456,3.38,0.72,11.8,0.0,1
7.7,0.39,0.12,1.7,0.097,19.0,27.0,0.99596,3.16,0.49,9.4,0.0,0
5.6,0.22,0.32,1.2,0.024,29.0,97.0,0.98823,3.2,0.46,13.05,1.0,2
6.3,0.31,0.34,2.2,0.045,20.0,77.0,0.9927,3.3,0.43,10.2,1.0,0
6.6,0.15,0.32,6.0,0.033,59.0,128.0,0.99192,3.19,0.71,12.1,1.0,2
13.5,0.53,0.79,4.8,0.12,23.0,77.0,1.0018,3.18,0.77,13.0,0.0,0
6.9,0.38,0.29,13.65,0.048,52.0,189.0,0.99784,3.0,0.6,9.5,1.0,1
6.3,0.23,0.22,3.75,0.039,37.0,116.0,0.9927,3.23,0.5,10.7,1.0,1
5.1,0.29,0.28,8.3,0.026,27.0,107.0,0.99308,3.36,0.37,11.0,1.0,1
6.2,0.57,0.1,2.1,0.048,4.0,11.0,0.99448,3.44,0.76,10.8,0.0,1
7.3,0.26,0.33,11.8,0.057,48.0,127.0,0.99693,3.1,0.55,10.0,1.0,1
6.5,0.35,0.28,12.4,0.051,86.0,213.0,0.9962,3.16,0.51,9.9,1.0,1
5.1,0.42,0.0,1.8,0.044,18.0,88.0,0.99157,3.68,0.73,13.6,0.0,2
5.6,0.18,0.31,1.5,0.038,16.0,84.0,0.9924,3.34,0.58,10.1,1.0,1
5.3,0.47,0.1,1.3,0.036,11.0,74.0,0.99082,3.48,0.54,11.2,1.0,0
8.1,0.34,0.28,7.5,0.04,70.0,230.0,0.99558,3.14,0.55,9.8,1.0,1
6.9,0.28,0.37,9.1,0.037,16.0,76.0,0.9948,3.05,0.54,11.1,1.0,0
6.4,0.32,0.26,7.9,0.05,53.0,180.0,0.99514,3.14,0.5,9.6,1.0,0
6.6,0.5,0.04,2.1,0.068,6.0,14.0,0.9955,3.39,0.64,9.4,0.0,1
7.6,0.18,0.36,2.4,0.049,38.0,123.0,0.996,3.6,0.46,10.3,1.0,0
6.8,0.32,0.23,3.3,0.026,31.0,99.0,0.9896,3.1,0.4,12.4,1.0,1
6.8,0.6,0.18,1.9,0.079,18.0,86.0,0.9968,3.59,0.57,9.3,0.0,1
7.3,0.4,0.28,6.5,0.037,26.0,97.0,0.99148,3.16,0.58,12.6,1.0,2
5.8,0.61,0.11,1.8,0.066,18.0,28.0,0.99483,3.55,0.66,10.9,0.0,1
6.6,0.725,0.2,7.8,0.073,29.0,79.0,0.9977,3.29,0.54,9.2,0.0,0
8.2,0.28,0.6,3.0,0.104,10.0,22.0,0.99828,3.39,0.68,10.6,0.0,0
7.3,0.98,0.05,2.1,0.061,20.0,49.0,0.99705,3.31,0.55,9.7,0.0,0
6.3,0.22,0.34,1.2,0.036,32.0,96.0,0.98961,3.06,0.74,11.6,1.0,1
7.3,0.23,0.37,1.8,0.032,60.0,156.0,0.992,3.11,0.35,11.1,1.0,1
5.6,0.49,0.13,4.5,0.039,17.0,116.0,0.9907,3.42,0.9,13.7,1.0,2
6.3,0.22,0.33,1.7,0.041,67.0,164.0,0.9928,3.32,0.56,10.4,1.0,1
6.6,0.17,0.26,7.4,0.052,45.0,128.0,0.99388,3.16,0.37,10.0,1.0,1
7.6,0.285,0.32,14.6,0.063,32.0,201.0,0.998,3.0,0.45,9.2,1.0,0
6.4,0.105,0.29,1.1,0.035,44.0,140.0,0.99142,3.17,0.55,10.7,1.0,2
7.4,0.29,0.48,12.8,0.037,61.5,182.0,0.99808,3.02,0.34,8.8,1.0,0
8.3,0.33,0.42,1.15,0.033,18.0,96.0,0.9911,3.2,0.32,12.4,1.0,0
8.0,0.67,0.3,2.0,0.06,38.0,62.0,0.9958,3.26,0.56,10.2,0.0,1
8.0,0.27,0.33,1.2,0.05,41.0,103.0,0.99002,3.0,0.45,12.4,1.0,1
5.6,0.2,0.22,1.3,0.049,25.0,155.0,0.99296,3.74,0.43,10.0,1.0,0
7.2,0.66,0.33,2.5,0.068,34.0,102.0,0.99414,3.27,0.78,12.8,0.0,1
7.5,0.42,0.45,9.1,0.029,20.0,125.0,0.996,3.12,0.36,10.1,1.0,1
6.7,0.33,0.36,6.6,0.042,34.0,116.0,0.99123,2.97,0.31,12.2,1.0,2
6.3,0.55,0.15,1.8,0.077,26.0,35.0,0.99314,3.32,0.82,11.6,0.0,1
7.4,0.24,0.26,1.6,0.058,53.0,150.0,0.9936,3.18,0.5,9.9,1.0,2
8.5,0.34,0.44,1.7,0.079,6.0,12.0,0.99605,3.52,0.63,10.7,0.0,0
8.1,0.73,0.0,2.5,0.081,12.0,24.0,0.99798,3.38,0.46,9.6,0.0,0
5.9,0.26,0.25,12.5,0.034,38.0,152.0,0.9977,3.33,0.43,9.4,1.0,0
6.8,0.26,0.33,1.5,0.047,44.0,167.0,0.9928,3.12,0.44,10.5,1.0,1
6.8,0.34,0.44,6.6,0.052,28.0,156.0,0.9955,3.14,0.41,9.6,1.0,0
5.4,0.15,0.32,2.5,0.037,10.0,51.0,0.98878,3.04,0.58,12.6,1.0,1
6.6,0.33,0.41,2.0,0.027,14.0,79.0,0.99063,3.27,0.63,12.4,1.0,1
6.9,0.24,0.33,4.8,0.04,16.0,131.0,0.9936,3.26,0.64,10.7,1.0,1
6.9,0.28,0.3,1.6,0.047,46.0,132.0,0.9918,3.35,0.38,11.1,1.0,2
6.9,0.74,0.03,2.3,0.054,7.0,16.0,0.99508,3.45,0.63,11.5,0.0,1
11.9,0.39,0.69,2.8,0.095,17.0,35.0,0.9994,3.1,0.61,10.8,0.0,1
6.8,0.12,0.31,5.2,0.045,29.0,120.0,0.9942,3.41,0.46,9.8,1.0,2
7.7,0.4,0.27,4.5,0.034,27.0,95.0,0.99175,3.21,0.59,12.3,1.0,2
6.7,0.19,0.23,6.2,0.047,36.0,117.0,0.9945,3.34,0.43,9.6,1.0,1
6.2,0.345,0.27,10.1,0.056,38.0,187.0,0.99486,3.31,0.56,10.6,1.0,0
6.6,0.25,0.36,8.1,0.045,54.0,180.0,0.9958,3.08,0.42,9.2,1.0,0
7.1,0.67,0.0,2.3,0.083,18.0,27.0,0.99768,3.44,0.54,9.4,0.0,0
6.1,0.3,0.47,1.4,0.049,50.0,187.0,0.9927,3.19,0.45,9.5,1.0,0
7.8,0.5,0.12,1.8,0.178,6.0,21.0,0.996,3.28,0.87,9.8,0.0,1
7.5,0.13,0.38,1.1,0.023,42.0,104.0,0.99112,3.28,0.53,11.8,1.0,1
6.3,0.19,0.28,1.8,0.022,28.0,158.0,0.9907,3.2,0.64,11.4,1.0,1
7.0,0.36,0.21,2.3,0.086,20.0,65.0,0.99558,3.4,0.54,10.1,0.0,1
7.4,0.21,0.27,1.2,0.041,27.0,99.0,0.9927,3.19,0.33,9.8,1.0,1
7.1,0.2,0.36,11.6,0.042,45.0,124.0,0.997,2.92,0.59,9.5,1.0,2
6.2,0.22,0.49,6.0,0.029,31.0,128.0,0.9928,3.41,0.36,11.3,1.0,2
7.0,0.15,0.28,14.7,0.051,29.0,149.0,0.99792,2.96,0.39,9.0,1.0,2
6.8,0.83,0.09,1.8,0.074,4.0,25.0,0.99534,3.38,0.45,9.6,0.0,0
8.9,0.24,0.33,15.75,0.035,16.0,132.0,0.996,3.0,0.37,12.1,1.0,1
9.9,0.4,0.53,6.7,0.097,6.0,19.0,0.9986,3.27,0.82,11.7,0.0,2
9.9,0.27,0.49,5.0,0.082,9.0,17.0,0.99484,3.19,0.52,12.5,0.0,2
8.6,0.55,0.09,3.3,0.068,8.0,17.0,0.99735,3.23,0.44,10.0,0.0,0
6.8,0.32,0.18,7.5,0.041,71.0,223.0,0.9959,3.14,0.41,8.9,1.0,0
6.0,0.13,0.28,5.7,0.038,56.0,189.5,0.9948,3.59,0.43,10.6,1.0,2
6.2,0.23,0.36,17.2,0.039,37.0,130.0,0.99946,3.23,0.43,8.8,1.0,1
9.4,0.34,0.37,2.2,0.075,5.0,13.0,0.998,3.22,0.62,9.2,0.0,0
6.8,0.27,0.3,13.0,0.047,69.0,160.0,0.99705,3.16,0.5,9.6,1.0,1
6.2,0.17,0.28,4.7,0.037,39.0,133.0,0.9931,3.41,0.46,10.8,1.0,2
8.3,0.845,0.01,2.2,0.07,5.0,14.0,0.9967,3.32,0.58,11.0,0.0,0
7.5,0.29,0.31,8.95,0.055,20.0,151.0,0.9968,3.08,0.54,9.3,1.0,0
6.5,0.25,0.45,7.8,0.048,52.0,188.0,0.99576,3.2,0.53,9.1,1.0,0
8.1,0.24,0.26,11.0,0.043,41.0,211.0,0.99676,3.11,0.49,10.0,1.0,1
7.5,0.29,0.67,8.1,0.037,53.0,166.0,0.9966,2.9,0.41,8.9,1.0,1
8.1,0.2,0.49,8.1,0.051,51.0,205.0,0.9954,3.1,0.52,11.0,1.0,1
6.9,0.4,0.14,2.4,0.085,21.0,40.0,0.9968,3.43,0.63,9.7,0.0,1
11.6,0.41,0.54,1.5,0.095,22.0,41.0,0.99735,3.02,0.76,9.9,0.0,2
6.4,0.28,0.44,7.1,0.048,49.0,179.0,0.99528,3.15,0.48,9.2,1.0,0
5.3,0.24,0.33,1.3,0.033,25.0,97.0,0.9906,3.59,0.38,11.0,1.0,2
8.0,0.18,0.49,1.8,0.061,10.0,145.0,0.9942,3.23,0.48,10.0,1.0,0
8.4,0.6,0.1,2.2,0.085,14.0,111.0,0.9964,3.15,0.66,9.8,0.0,0
8.1,0.43,0.42,6.6,0.033,36.0,141.0,0.9918,2.98,0.39,13.3,1.0,2
8.2,0.27,0.43,1.6,0.035,31.0,128.0,0.9916,3.1,0.5,12.3,1.0,1
6.5,0.13,0.37,1.0,0.036,48.0,114.0,0.9911,3.41,0.51,11.5,1.0,2
10.2,0.42,0.57,3.4,0.07,4.0,10.0,0.9971,3.04,0.63,9.6,0.0,0
7.0,0.62,0.1,1.4,0.071,27.0,63.0,0.996,3.28,0.61,9.2,0.0,0
5.1,0.47,0.02,1.3,0.034,18.0,44.0,0.9921,3.9,0.62,12.8,0.0,1
6.5,0.23,0.39,1.9,0.036,41.0,98.0,0.99,3.19,0.43,11.9,1.0,2
9.0,0.58,0.25,2.0,0.104,8.0,21.0,0.99769,3.27,0.72,9.6,0.0,0
6.3,0.2,0.4,1.5,0.037,35.0,107.0,0.9917,3.46,0.5,11.4,1.0,1
6.9,0.54,0.04,3.0,0.077,7.0,27.0,0.9987,3.69,0.91,9.4,0.0,1
6.5,0.39,0.81,1.2,0.217,14.0,74.0,0.9936,3.08,0.53,9.5,1.0,0
6.8,0.33,0.28,1.2,0.032,38.0,131.0,0.9889,3.19,0.41,13.0,1.0,1
7.2,0.23,0.38,14.3,0.058,55.0,194.0,0.9979,3.09,0.44,9.0,1.0,1
6.5,0.28,0.25,4.8,0.029,54.0,128.0,0.99074,3.17,0.44,12.2,1.0,2
8.5,0.46,0.31,2.25,0.078,32.0,58.0,0.998,3.33,0.54,9.8,0.0,0
7.5,0.42,0.14,10.7,0.046,18.0,95.0,0.9959,3.22,0.33,10.7,1.0,0
8.5,0.23,0.4,9.9,0.036,24.0,88.0,0.9951,3.02,0.42,10.5,1.0,1
8.4,0.32,0.35,11.7,0.029,3.0,46.0,0.99439,3.02,0.34,11.8,1.0,1
10.4,0.52,0.45,2.0,0.08,6.0,13.0,0.99774,3.22,0.76,11.4,0.0,1
7.2,0.2,0.38,1.0,0.037,21.0,74.0,0.9918,3.21,0.37,11.0,1.0,0
6.5,0.29,0.31,1.7,0.035,24.0,79.0,0.99053,3.27,0.69,11.4,1.0,2
8.1,0.33,0.36,7.4,0.037,36.0,156.0,0.99592,3.19,0.54,10.6,1.0,1
8.8,0.34,0.33,9.7,0.036,46.0,172.0,0.9966,3.08,0.4,10.2,1.0,0
8.0,0.27,0.25,19.1,0.045,50.0,208.0,1.00051,3.05,0.5,9.2,1.0,1
7.9,0.28,0.49,7.7,0.045,48.0,195.0,0.9954,3.04,0.55,11.0,1.0,1
6.6,0.38,0.28,2.8,0.043,17.0,67.0,0.98924,3.21,0.47,13.2,1.0,1
6.1,0.59,0.01,2.1,0.056,5.0,13.0,0.99472,3.52,0.56,11.4,0.0,0
6.9,0.35,0.74,1.0,0.044,18.0,132.0,0.992,3.13,0.55,10.2,1.0,0
7.6,0.36,0.44,8.3,0.255,28.0,142.0,0.9958,3.12,0.43,10.2,1.0,1
6.5,0.41,0.64,11.8,0.065,65.0,225.0,0.9978,3.12,0.51,8.9,1.0,0
7.6,0.36,0.48,13.5,0.038,44.0,116.0,0.9982,3.04,0.48,9.2,1.0,0
7.6,0.3,0.27,10.6,0.039,31.0,119.0,0.99815,3.27,0.3,9.3,1.0,1
9.4,0.4,0.31,2.2,0.09,13.0,62.0,0.9966,3.07,0.63,10.5,0.0,1
7.7,0.18,0.3,1.2,0.046,49.0,199.0,0.99413,3.03,0.38,9.3,1.0,0
6.2,0.36,0.32,4.0,0.036,44.0,92.0,0.98936,3.2,0.5,13.3,1.0,2
6.0,0.33,0.18,3.0,0.036,5.0,85.0,0.99125,3.28,0.4,11.5,1.0,0
6.9,0.25,0.24,3.6,0.057,13.0,85.0,0.9942,2.99,0.48,9.5,1.0,0
7.2,0.19,0.31,6.3,0.034,17.0,103.0,0.99305,3.15,0.52,11.4,1.0,2
6.4,0.23,0.33,1.15,0.044,15.5,217.5,0.992,3.33,0.44,11.0,1.0,1
6.6,0.24,0.22,12.3,0.051,35.0,146.0,0.99676,3.1,0.67,9.4,1.0,0
6.4,0.22,0.49,7.5,0.054,42.0,151.0,0.9948,3.27,0.52,10.1,1.0,1
7.9,0.21,0.39,2.0,0.057,21.0,138.0,0.99176,3.05,0.52,10.9,1.0,0
6.0,0.21,0.29,13.1,0.042,28.0,125.0,0.99936,3.39,0.45,8.6,1.0,0
7.8,0.43,0.7,1.9,0.464,22.0,67.0,0.9974,3.13,1.28,9.4,0.0,0
7.2,0.27,0.27,2.4,0.048,30.0,149.0,0.9936,3.1,0.51,9.2,1.0,1
5.5,0.485,0.0,1.5,0.065,8.0,103.0,0.994,3.63,0.4,9.7,1.0,0
6.7,0.27,0.33,3.6,0.034,9.0,45.0,0.99144,3.08,0.4,10.5,1.0,1
6.6,0.38,0.36,9.2,0.061,42.0,214.0,0.9976,3.31,0.56,9.4,1.0,0
7.2,0.25,0.28,14.4,0.055,55.0,205.0,0.9986,3.12,0.38,9.0,1.0,2
6.7,0.25,0.36,8.6,0.037,63.0,206.0,0.99553,3.18,0.5,9.6,1.0,0
6.7,0.19,0.41,15.6,0.056,75.0,155.0,0.9995,3.2,0.44,8.8,1.0,1
7.5,0.23,0.35,17.8,0.058,128.0,212.0,1.00241,3.44,0.43,8.9,1.0,0
7.9,0.29,0.31,7.35,0.034,37.0,154.0,0.9938,3.06,0.31,10.8,1.0,0
6.9,0.19,0.35,13.5,0.038,49.0,118.0,0.99546,3.0,0.63,10.7,1.0,1
8.6,0.23,0.4,4.2,0.035,17.0,109.0,0.9947,3.14,0.53,9.7,1.0,0
5.7,0.265,0.28,6.9,0.036,46.0,150.0,0.99299,3.36,0.44,10.8,1.0,2
5.7,0.24,0.3,1.3,0.03,25.0,98.0,0.98968,3.37,0.43,12.4,1.0,2
7.1,0.26,0.19,8.2,0.051,53.0,187.0,0.996,3.16,0.52,9.7,1.0,0
5.0,0.24,0.19,5.0,0.043,17.0,101.0,0.99438,3.67,0.57,10.0,1.0,0
6.9,0.24,0.4,15.4,0.052,81.0,198.0,0.9986,3.2,0.69,9.4,1.0,0
7.7,0.46,0.18,3.3,0.054,18.0,143.0,0.99392,3.12,0.51,10.8,1.0,1
6.3,0.2,0.58,1.4,0.204,15.0,97.0,0.9931,3.16,0.43,10.0,1.0,1
9.4,0.59,0.14,2.0,0.084,25.0,48.0,0.9981,3.14,0.56,9.7,0.0,0
6.3,0.27,0.38,0.9,0.051,7.0,140.0,0.9926,3.45,0.5,10.5,1.0,2
8.7,0.31,0.73,14.35,0.044,27.0,191.0,1.00013,2.96,0.88,8.7,1.0,0
4.7,0.455,0.18,1.9,0.036,33.0,106.0,0.98746,3.21,0.83,14.0,1.0,2
8.0,0.18,0.37,0.9,0.049,36.0,109.0,0.99007,2.89,0.44,12.7,0.0,1
15.6,0.645,0.49,4.2,0.095,10.0,23.0,1.00315,2.92,0.74,11.1,0.0,0
8.0,0.13,0.25,1.1,0.033,15.0,86.0,0.99044,2.98,0.39,11.2,1.0,2
6.4,0.27,0.19,2.0,0.084,21.0,191.0,0.99516,3.49,0.63,9.6,1.0,0
9.9,0.72,0.55,1.7,0.136,24.0,52.0,0.99752,3.35,0.94,10.0,0.0,0
7.8,0.39,0.26,9.9,0.059,33.0,181.0,0.9955,3.04,0.42,10.9,1.0,1
7.6,0.2,0.31,1.4,0.047,41.0,142.0,0.9934,3.43,0.53,10.1,1.0,1
6.4,0.36,0.21,2.2,0.047,26.0,48.0,0.99661,3.47,0.77,9.7,0.0,1
6.0,0.29,0.27,2.3,0.044,20.0,117.0,0.9895,3.31,0.41,12.7,1.0,2
7.1,0.29,0.28,9.3,0.048,50.0,141.0,0.9949,3.13,0.49,10.3,1.0,1
7.8,0.26,0.31,3.6,0.025,22.0,100.0,0.99066,2.99,0.47,12.1,1.0,2
6.7,0.16,0.34,1.6,0.026,27.0,109.0,0.9934,3.34,0.58,10.1,1.0,1
8.1,0.87,0.0,3.3,0.096,26.0,61.0,1.00025,3.6,0.72,9.8,0.0,0
5.9,0.28,0.39,1.4,0.031,47.0,147.0,0.98836,3.08,0.64,12.9,1.0,2
7.6,0.2,0.34,1.8,0.041,42.0,148.0,0.99335,3.35,0.66,11.1,1.0,1
7.3,0.26,0.36,5.2,0.04,31.0,141.0,0.9931,3.16,0.59,11.0,1.0,1
7.8,0.2,0.28,10.2,0.054,78.0,186.0,0.997,3.14,0.46,10.0,1.0,1
6.1,0.36,0.27,2.1,0.035,16.0,100.0,0.9917,3.4,0.71,11.5,1.0,2
6.5,0.41,0.22,4.8,0.052,49.0,142.0,0.9946,3.14,0.62,9.2,1.0,0
6.1,0.28,0.26,1.5,0.03,25.0,101.0,0.98894,3.03,0.41,12.1,1.0,1
10.7,0.43,0.39,2.2,0.106,8.0,32.0,0.9986,2.89,0.5,9.6,0.0,0
5.8,0.315,0.27,1.55,0.026,15.0,70.0,0.98994,3.37,0.4,11.9,1.0,2
6.6,0.23,0.2,11.4,0.044,45.0,131.0,0.99604,2.96,0.51,9.7,1.0,1
5.8,0.22,0.29,0.9,0.034,34.0,89.0,0.98936,3.14,0.36,11.1,1.0,2
8.9,0.84,0.34,1.4,0.05,4.0,10.0,0.99554,3.12,0.48,9.1,0.0,1
7.4,0.19,0.3,12.8,0.053,48.5,229.0,0.9986,3.14,0.49,9.1,1.0,2
7.8,0.32,0.31,1.7,0.036,46.0,195.0,0.993,3.03,0.48,10.5,1.0,0
9.2,0.28,0.41,1.0,0.042,14.0,59.0,0.9922,2.96,0.25,10.5,1.0,1
6.8,0.29,0.56,11.9,0.043,66.0,230.0,0.9972,3.02,0.63,9.3,1.0,0
7.1,0.75,0.01,2.2,0.059,11.0,18.0,0.99242,3.39,0.4,12.8,0.0,1
8.3,0.18,0.3,1.1,0.033,20.0,57.0,0.99109,3.02,0.51,11.0,1.0,1
5.3,0.3,0.16,4.2,0.029,37.0,100.0,0.9905,3.3,0.36,11.8,1.0,2
5.7,0.22,0.33,1.9,0.036,37.0,110.0,0.98945,3.26,0.58,12.4,1.0,1
5.8,0.23,0.31,3.5,0.044,35.0,158.0,0.98998,3.19,0.37,12.1,1.0,2
5.4,0.375,0.4,3.3,0.054,29.0,147.0,0.99482,3.42,0.52,9.1,1.0,0
6.1,0.32,0.25,1.7,0.034,37.0,136.0,0.992,3.47,0.5,10.8,1.0,2
6.4,0.31,0.4,6.2,0.04,46.0,169.0,0.9953,3.15,0.46,9.3,1.0,1
6.9,0.34,0.36,1.4,0.032,13.0,145.0,0.99214,3.07,0.52,9.8,1.0,0
7.4,0.52,0.13,2.4,0.078,34.0,61.0,0.99528,3.43,0.59,10.8,0.0,1
8.1,0.26,0.27,4.3,0.03,43.0,123.0,0.99212,3.16,0.33,11.2,1.0,1
8.0,0.28,0.44,1.8,0.081,28.0,68.0,0.99501,3.36,0.66,11.2,0.0,0
5.9,0.22,0.18,6.4,0.041,28.0,120.0,0.99403,3.27,0.5,9.9,1.0,0
7.4,0.27,0.48,1.1,0.047,17.0,132.0,0.9914,3.19,0.49,11.6,1.0,1
6.1,0.32,0.25,2.3,0.071,23.0,58.0,0.99633,3.42,0.97,10.6,0.0,0
7.6,0.665,0.1,1.5,0.066,27.0,55.0,0.99655,3.39,0.51,9.3,0.0,0
11.9,0.43,0.66,3.1,0.109,10.0,23.0,1.0,3.15,0.85,10.4,0.0,2
7.8,0.56,0.19,2.1,0.081,15.0,105.0,0.9962,3.33,0.54,9.5,0.0,0
6.9,0.67,0.06,2.1,0.08,8.0,33.0,0.99845,3.68,0.71,9.6,0.0,0
6.6,0.88,0.04,2.2,0.066,12.0,20.0,0.99636,3.53,0.56,9.9,0.0,0
6.8,0.36,0.32,1.8,0.067,4.0,8.0,0.9928,3.36,0.55,12.8,0.0,2
8.3,0.26,0.42,2.0,0.08,11.0,27.0,0.9974,3.21,0.8,9.4,0.0,1
5.8,0.28,0.3,1.5,0.026,31.0,114.0,0.98952,3.32,0.6,12.5,1.0,2
7.7,0.11,0.34,14.05,0.04,41.0,114.0,0.99634,3.07,0.59,11.0,1.0,2
9.3,0.655,0.26,2.0,0.096,5.0,35.0,0.99738,3.25,0.42,9.6,0.0,0
7.0,0.26,0.34,10.9,0.038,25.0,84.0,0.99432,3.11,0.34,10.9,1.0,1
7.1,0.26,0.3,2.0,0.031,13.0,128.0,0.9917,3.19,0.49,11.4,1.0,0
6.2,0.36,0.45,10.4,0.06,22.0,184.0,0.99711,3.31,0.56,9.8,1.0,1
6.7,0.3,0.5,12.1,0.045,38.0,127.0,0.9974,3.04,0.53,8.9,1.0,1
6.8,0.19,0.33,4.9,0.047,42.0,130.0,0.99283,3.12,0.56,11.0,1.0,1
6.7,0.24,0.29,14.9,0.053,55.0,136.0,0.99839,3.03,0.52,9.0,1.0,0
7.6,0.3,0.42,2.0,0.052,6.0,24.0,0.9963,3.44,0.82,11.9,0.0,1
7.2,0.15,0.38,1.2,0.038,18.0,110.0,0.9917,3.19,0.43,11.1,1.0,1
6.5,0.33,0.24,14.5,0.048,20.0,96.0,0.99456,3.06,0.3,11.5,1.0,2
6.6,0.25,0.39,1.45,0.04,40.0,89.0,0.9911,3.35,0.4,11.4,1.0,2
6.5,0.28,0.34,9.9,0.038,30.0,133.0,0.9954,3.11,0.44,9.8,1.0,0
6.0,0.33,0.38,9.7,0.04,29.0,124.0,0.9954,3.47,0.48,11.0,1.0,1
7.6,0.38,0.2,3.4,0.046,9.0,116.0,0.9944,3.15,0.41,9.4,1.0,0
7.0,0.48,0.12,4.5,0.05,23.0,86.0,0.99398,2.86,0.35,9.0,1.0,0
6.3,0.27,0.49,1.2,0.063,35.0,92.0,0.9911,3.38,0.42,12.2,1.0,1
8.2,0.18,0.38,1.1,0.04,41.0,92.0,0.99062,2.88,0.6,12.0,1.0,1
5.1,0.305,0.13,1.75,0.036,17.0,73.0,0.99,3.4,0.51,12.3333333333333,1.0,0
6.5,0.23,0.36,16.3,0.038,43.0,133.0,0.99924,3.26,0.41,8.8,1.0,0
5.2,0.24,0.45,3.8,0.027,21.0,128.0,0.992,3.55,0.49,11.2,1.0,2
8.8,0.34,0.33,9.7,0.036,46.0,172.0,0.9966,3.08,0.4,10.2,1.0,0
7.8,0.59,0.18,2.3,0.076,17.0,54.0,0.9975,3.43,0.59,10.0,0.0,0
8.8,0.41,0.64,2.2,0.093,9.0,42.0,0.9986,3.54,0.66,10.5,0.0,0
8.7,0.46,0.31,2.5,0.126,24.0,64.0,0.99746,3.1,0.74,9.6,0.0,0
6.6,0.56,0.22,8.9,0.034,27.0,133.0,0.99675,3.2,0.51,9.1,1.0,0
5.7,0.46,0.46,1.4,0.04,31.0,169.0,0.9932,3.13,0.47,8.8,1.0,0
4.9,0.335,0.14,1.3,0.036,69.0,168.0,0.99212,3.47,0.46,10.4666666666667,1.0,0
9.9,0.35,0.41,2.3,0.083,11.0,61.0,0.9982,3.21,0.5,9.5,0.0,0
8.8,0.2,0.43,15.0,0.053,60.0,184.0,1.0008,3.28,0.79,8.8,1.0,1
6.1,0.32,0.33,10.7,0.036,27.0,98.0,0.99521,3.34,0.52,10.2,1.0,1
6.0,0.28,0.35,1.9,0.037,16.0,120.0,0.9933,3.16,0.69,10.6,1.0,0
7.7,0.24,0.27,1.8,0.051,52.0,190.0,0.9928,3.23,0.5,10.8,1.0,1
6.9,0.3,0.29,1.3,0.053,24.0,189.0,0.99362,3.29,0.54,9.9,1.0,0
7.0,0.35,0.3,6.5,0.028,27.0,87.0,0.9936,3.4,0.42,11.4,1.0,2
6.4,0.15,0.4,1.5,0.042,23.0,87.0,0.98972,3.11,0.46,12.2,1.0,2
6.3,0.22,0.3,2.0,0.05,23.0,120.0,0.99204,3.24,0.47,10.4,1.0,1
6.7,0.28,0.42,3.5,0.035,43.0,105.0,0.99021,3.18,0.38,12.2,1.0,1
5.8,0.15,0.32,1.2,0.037,14.0,119.0,0.99137,3.19,0.5,10.2,1.0,1
9.3,0.38,0.48,3.8,0.132,3.0,11.0,0.99577,3.23,0.57,13.2,0.0,1
7.2,0.2,0.34,2.7,0.032,49.0,151.0,0.99,3.16,0.39,12.7,1.0,2
8.5,0.26,0.21,16.2,0.074,41.0,197.0,0.998,3.02,0.5,9.8,1.0,0
6.1,0.25,0.24,12.1,0.046,51.0,172.0,0.998,3.35,0.45,9.5,1.0,0
6.0,0.555,0.26,4.5,0.053,17.0,126.0,0.9943,3.24,0.46,9.1,1.0,0
7.0,0.58,0.28,4.8,0.085,12.0,69.0,0.99633,3.32,0.7,11.0,0.0,1
6.8,0.18,0.28,8.7,0.047,52.0,242.0,0.9952,3.22,0.53,10.5,1.0,1
6.0,0.2,0.33,1.1,0.039,45.0,126.0,0.99051,3.31,0.45,11.6,1.0,2
7.5,0.2,0.47,16.9,0.052,51.0,188.0,0.99944,3.09,0.62,9.3,1.0,0
5.6,0.915,0.0,2.1,0.041,17.0,78.0,0.99346,3.68,0.73,11.4,0.0,0
6.4,0.15,0.29,1.8,0.044,21.0,115.0,0.99166,3.1,0.38,10.2,1.0,0
7.5,0.24,0.31,13.1,0.05,26.0,180.0,0.99884,3.05,0.53,9.1,1.0,1
15.6,0.685,0.76,3.7,0.1,6.0,43.0,1.0032,2.95,0.68,11.2,0.0,2
7.2,0.67,0.0,2.2,0.068,10.0,24.0,0.9956,3.42,0.72,11.1,0.0,1
8.0,0.45,0.28,10.8,0.051,25.0,157.0,0.9957,3.06,0.47,11.4,1.0,2
7.6,0.29,0.26,6.5,0.042,32.0,160.0,0.9944,3.14,0.47,10.7,1.0,0
6.8,0.31,0.42,6.9,0.046,50.0,173.0,0.9958,3.19,0.46,9.0,1.0,0
6.9,0.3,0.21,15.7,0.056,49.0,159.0,0.99827,3.11,0.48,9.0,1.0,0
7.0,0.33,0.78,9.9,0.042,21.0,251.0,0.99435,3.01,0.55,11.0,1.0,1
8.2,0.64,0.27,2.0,0.095,5.0,77.0,0.99747,3.13,0.62,9.1,0.0,1
6.6,0.19,0.99,1.2,0.122,45.0,129.0,0.9936,3.09,0.31,8.7,1.0,1
6.0,0.29,0.25,1.4,0.033,30.0,114.0,0.98794,3.08,0.43,13.2,1.0,1
6.8,0.27,0.35,7.8,0.048,76.0,197.0,0.9959,3.24,0.43,9.5,1.0,1
6.2,0.58,0.0,1.6,0.065,8.0,18.0,0.9966,3.56,0.84,9.4,0.0,0
6.1,0.27,0.3,16.7,0.039,49.0,172.0,0.99985,3.4,0.45,9.4,1.0,0
6.6,0.23,0.2,11.4,0.044,45.0,131.0,0.99604,2.96,0.51,9.7,1.0,1
7.9,0.26,0.33,10.3,0.039,73.0,212.0,0.9969,2.93,0.49,9.5,1.0,1
6.6,0.37,0.24,2.0,0.064,23.0,120.0,0.9946,3.32,0.54,9.4,1.0,0
6.6,0.26,0.22,18.15,0.05,23.0,139.0,0.99904,3.06,0.5,9.2,1.0,0
6.2,0.26,0.32,15.3,0.031,64.0,185.0,0.99835,3.31,0.61,9.4,1.0,0
6.8,0.26,0.46,8.3,0.037,49.0,173.0,0.99601,3.17,0.47,9.3,1.0,0
7.3,0.585,0.18,2.4,0.078,15.0,60.0,0.99638,3.31,0.54,9.8,0.0,0
7.1,0.27,0.24,12.6,0.044,48.0,118.0,0.99726,3.04,0.56,10.0,1.0,2
6.4,0.23,0.27,2.1,0.042,35.0,100.0,0.99094,3.03,0.63,10.9,1.0,1
7.3,0.31,0.25,6.65,0.032,30.0,138.0,0.99244,2.9,0.37,11.1,1.0,0
7.2,0.19,0.39,1.2,0.036,32.0,85.0,0.9918,3.16,0.5,10.5,1.0,0
6.6,0.435,0.38,9.2,0.058,66.0,243.0,0.99833,3.23,0.54,9.1,1.0,1
7.6,0.17,0.35,1.6,0.047,43.0,154.0,0.9934,3.36,0.69,11.1,1.0,1
6.4,0.17,0.27,1.5,0.037,20.0,98.0,0.9916,3.46,0.42,11.0,1.0,2
6.4,0.36,0.2,5.7,0.118,61.0,172.0,0.9946,3.24,0.43,9.5,1.0,1
6.8,0.32,0.32,8.7,0.029,31.0,105.0,0.99146,3.0,0.34,12.3,1.0,2
6.7,0.48,0.49,2.9,0.03,28.0,122.0,0.98926,3.13,0.4,13.0,1.0,1
7.9,0.6,0.06,1.6,0.069,15.0,59.0,0.9964,3.3,0.46,9.4,0.0,0
5.7,0.43,0.3,5.7,0.039,24.0,98.0,0.992,3.54,0.61,12.3,1.0,2
7.3,0.26,0.31,1.6,0.04,39.0,173.0,0.9918,3.19,0.51,11.4,1.0,1
8.3,0.78,0.1,2.6,0.081,45.0,87.0,0.9983,3.48,0.53,10.0,0.0,0
5.4,0.29,0.47,3.0,0.052,47.0,145.0,0.993,3.29,0.75,10.0,1.0,1
6.7,0.46,0.21,4.0,0.034,12.0,88.0,0.99016,3.26,0.54,13.0,1.0,1
6.4,0.35,0.21,2.1,0.051,46.0,171.0,0.9932,3.16,0.5,9.5,1.0,0
7.0,0.32,0.31,6.4,0.031,38.0,115.0,0.99235,3.38,0.58,12.2,1.0,2
5.9,0.23,0.28,8.6,0.046,37.0,142.0,0.99432,3.23,0.53,10.6,1.0,1
6.6,0.23,0.29,14.45,0.057,29.0,144.0,0.99756,3.33,0.54,10.2,1.0,1
6.6,0.22,0.37,1.2,0.059,45.0,199.0,0.993,3.37,0.55,10.3,1.0,2
6.9,0.26,0.29,4.2,0.043,33.0,114.0,0.9902,3.16,0.31,12.5,1.0,1
9.0,0.29,0.34,12.1,0.03,34.0,177.0,0.99706,3.13,0.47,10.6,1.0,0
6.5,0.22,0.19,4.5,0.096,16.0,115.0,0.9937,3.02,0.44,9.6,1.0,0
6.5,0.29,0.53,1.7,0.04,41.0,192.0,0.9922,3.26,0.59,10.4,1.0,2
8.2,0.74,0.09,2.0,0.067,5.0,10.0,0.99418,3.28,0.57,11.8,0.0,1
7.5,0.23,0.32,9.2,0.038,54.0,191.0,0.9966,3.04,0.56,9.7,1.0,1
7.2,0.24,0.27,11.4,0.034,40.0,174.0,0.99773,3.2,0.44,9.0,1.0,0
6.4,0.24,0.28,11.5,0.05,34.0,163.0,0.9969,3.31,0.45,9.5,1.0,0
9.9,0.5,0.5,13.8,0.205,48.0,82.0,1.00242,3.16,0.75,8.8,0.0,0
6.3,0.18,0.22,5.6,0.047,45.0,147.0,0.99383,3.09,0.54,10.0,1.0,0
7.2,0.23,0.39,14.2,0.058,49.0,192.0,0.9979,2.98,0.48,9.0,1.0,2
6.6,0.26,0.27,1.5,0.04,19.0,114.0,0.99295,3.36,0.62,10.5,1.0,1
7.0,0.21,0.28,8.6,0.045,37.0,221.0,0.9954,3.25,0.54,10.4,1.0,1
6.0,0.28,0.27,15.5,0.036,31.0,134.0,0.99408,3.19,0.44,13.0,1.0,2
7.0,0.13,0.37,12.85,0.042,36.0,105.0,0.99581,3.05,0.55,10.7,1.0,1
5.3,0.3,0.2,1.1,0.077,48.0,166.0,0.9944,3.3,0.54,8.7,1.0,0
7.3,0.28,0.42,14.4,0.04,49.0,173.0,0.9994,3.28,0.82,9.0,1.0,2
6.0,0.16,0.36,1.6,0.042,13.0,61.0,0.99143,3.22,0.54,10.8,1.0,1
9.1,0.6,0.0,1.9,0.058,5.0,10.0,0.9977,3.18,0.63,10.4,0.0,1
6.2,0.785,0.0,2.1,0.06,6.0,13.0,0.99664,3.59,0.61,10.0,0.0,0
6.6,0.22,0.53,15.1,0.052,22.0,136.0,0.9986,2.94,0.35,9.4,1.0,0
5.7,0.22,0.2,16.0,0.044,41.0,113.0,0.99862,3.22,0.46,8.9,1.0,1
7.1,0.4,0.52,1.3,0.148,45.0,149.0,0.99468,3.08,0.56,8.7,1.0,0
8.5,0.28,0.34,13.8,0.041,32.0,161.0,0.9981,3.13,0.4,9.9,1.0,1
7.4,0.64,0.47,14.15,0.168,42.0,185.0,0.9984,2.9,0.49,9.3,1.0,0
6.8,0.61,0.04,1.5,0.057,5.0,10.0,0.99525,3.42,0.6,9.5,0.0,0
6.2,0.22,0.28,2.2,0.04,24.0,125.0,0.9917,3.19,0.48,10.5,1.0,1
6.4,0.4,0.23,1.6,0.066,5.0,12.0,0.9958,3.34,0.56,9.2,0.0,0
10.5,0.59,0.49,2.1,0.07,14.0,47.0,0.9991,3.3,0.56,9.6,0.0,0
7.8,0.55,0.0,1.7,0.07,7.0,17.0,0.99659,3.26,0.64,9.4,0.0,1
6.6,0.25,0.25,1.3,0.04,28.0,85.0,0.98984,2.87,0.48,11.2,1.0,1
7.4,0.25,0.49,1.1,0.042,35.0,156.0,0.9917,3.13,0.55,11.3,1.0,0
6.7,0.16,0.32,12.5,0.035,18.0,156.0,0.99666,2.88,0.36,9.0,1.0,1
6.2,0.29,0.23,12.4,0.048,33.0,201.0,0.99612,3.11,0.56,9.9,1.0,1
6.4,0.27,0.32,4.5,0.24,61.0,174.0,0.9948,3.12,0.48,9.4,1.0,0
7.1,0.2,0.31,7.4,0.053,32.0,211.0,0.99587,3.31,0.59,10.4,1.0,1
7.9,0.35,0.46,3.6,0.078,15.0,37.0,0.9973,3.35,0.86,12.8,0.0,2
8.0,0.48,0.34,2.2,0.073,16.0,25.0,0.9936,3.28,0.66,12.4,0.0,1
6.2,0.31,0.21,6.3,0.041,50.0,218.0,0.9941,3.15,0.6,10.0,1.0,0
6.8,0.31,0.3,8.0,0.028,33.0,122.0,0.99164,3.13,0.63,12.6,1.0,2
6.3,0.23,0.33,1.5,0.036,15.0,105.0,0.991,3.32,0.42,11.2,1.0,1
7.8,0.54,0.26,2.0,0.088,23.0,48.0,0.9981,3.41,0.74,9.2,0.0,1
6.0,0.21,0.24,12.1,0.05,55.0,164.0,0.997,3.34,0.39,9.4,1.0,0
7.2,0.32,0.36,2.0,0.033,37.0,114.0,0.9906,3.1,0.71,12.3,1.0,2
6.7,0.35,0.32,9.0,0.032,29.0,113.0,0.99188,3.13,0.65,12.9,1.0,2
7.0,0.15,0.38,2.2,0.047,33.0,96.0,0.9928,3.13,0.39,10.4,1.0,2
8.4,0.3,0.25,17.75,0.047,25.0,218.0,1.00016,2.98,0.66,9.1,1.0,0
6.9,0.3,0.36,0.9,0.037,40.0,156.0,0.98968,3.08,0.36,12.1,1.0,1
7.5,0.16,0.38,12.7,0.043,70.5,163.0,0.99706,3.15,0.82,10.4,1.0,2
7.2,0.695,0.13,2.0,0.076,12.0,20.0,0.99546,3.29,0.54,10.1,0.0,0
7.8,0.3,0.29,16.85,0.054,23.0,135.0,0.9998,3.16,0.38,9.0,1.0,1
7.9,0.14,0.74,1.2,0.028,30.0,165.0,0.991,3.08,0.82,12.3,1.0,1
6.3,0.13,0.42,1.1,0.043,63.0,146.0,0.99066,3.13,0.72,11.2,1.0,2
11.0,0.3,0.58,2.1,0.054,7.0,19.0,0.998,3.31,0.88,10.5,0.0,2
7.3,0.305,0.39,1.2,0.059,7.0,11.0,0.99331,3.29,0.52,11.5,0.0,1
7.0,0.6,0.3,4.5,0.068,20.0,110.0,0.99914,3.3,1.17,10.2,0.0,0
6.7,0.13,0.32,3.7,0.017,32.0,99.0,0.99348,3.12,0.44,10.0,1.0,1
5.3,0.58,0.07,6.9,0.043,34.0,149.0,0.9944,3.34,0.57,9.7,1.0,0
6.8,0.24,0.34,2.7,0.047,64.5,218.5,0.9934,3.3,0.58,9.7,1.0,1
6.6,0.26,0.29,1.4,0.039,13.0,67.0,0.9915,3.05,0.49,10.9,1.0,1
4.7,0.67,0.09,1.0,0.02,5.0,9.0,0.98722,3.3,0.34,13.6,1.0,0
7.2,0.49,0.24,2.2,0.07,5.0,36.0,0.996,3.33,0.48,9.4,0.0,0
6.4,0.57,0.12,2.3,0.12,25.0,36.0,0.99519,3.47,0.71,11.3,0.0,2
6.4,0.29,0.44,3.6,0.2,75.0,181.0,0.9942,3.02,0.41,9.1,1.0,0
7.4,0.26,0.31,7.6,0.047,52.0,177.0,0.9962,3.13,0.45,8.9,1.0,1
7.9,0.29,0.39,6.7,0.036,6.0,117.0,0.9938,3.12,0.42,10.7,1.0,0
10.2,0.36,0.64,2.9,0.122,10.0,41.0,0.998,3.23,0.66,12.5,0.0,1
6.3,0.2,0.24,1.7,0.052,36.0,135.0,0.99374,3.8,0.66,10.8,1.0,1
9.7,0.24,0.49,4.9,0.032,3.0,18.0,0.99368,2.85,0.54,10.0,1.0,1
6.8,0.43,0.3,3.5,0.033,27.0,135.0,0.9906,3.0,0.37,12.0,1.0,1
8.1,0.27,0.35,1.7,0.03,38.0,103.0,0.99255,3.22,0.63,10.4,1.0,2
6.9,0.23,0.4,7.5,0.04,50.0,151.0,0.9927,3.11,0.27,11.4,1.0,1
7.2,0.2,0.22,1.6,0.044,17.0,101.0,0.99471,3.37,0.53,10.0,1.0,0
7.7,0.29,0.29,4.8,0.06,27.0,156.0,0.99572,3.49,0.59,10.3,1.0,1
6.45,0.14,0.42,1.2,0.05,51.0,129.0,0.99116,3.27,0.69,11.1,1.0,2
7.5,0.18,0.31,11.7,0.051,24.0,94.0,0.997,3.19,0.44,9.5,1.0,2
6.8,0.27,0.24,4.6,0.098,36.0,127.0,0.99412,3.15,0.49,9.6,1.0,1
6.5,0.35,0.28,12.4,0.051,86.0,213.0,0.9962,3.16,0.51,9.9,1.0,1
6.4,0.14,0.31,1.2,0.034,53.0,138.0,0.99084,3.38,0.35,11.5,1.0,2
7.3,0.34,0.39,5.2,0.04,45.0,163.0,0.9925,3.3,0.47,12.4,1.0,1
8.1,0.31,0.24,1.6,0.032,10.0,67.0,0.9924,3.08,0.47,10.5,1.0,0
7.2,0.27,0.46,18.75,0.052,45.0,255.0,1.0,3.04,0.52,8.9,1.0,0
6.7,0.36,0.28,8.3,0.034,29.0,81.0,0.99151,2.96,0.39,12.5,1.0,1
6.9,0.12,0.36,2.2,0.037,18.0,111.0,0.9919,3.41,0.82,11.9,1.0,2
6.5,0.32,0.45,7.7,0.022,31.0,97.0,0.99134,3.2,0.7,12.7,1.0,2
7.3,0.74,0.08,1.7,0.094,10.0,45.0,0.99576,3.24,0.5,9.8,0.0,0
7.4,0.62,0.05,1.9,0.068,24.0,42.0,0.9961,3.42,0.57,11.5,0.0,1
11.7,0.28,0.47,1.7,0.054,17.0,32.0,0.99686,3.15,0.67,10.6,0.0,2
7.1,0.36,0.37,4.8,0.019,39.0,114.0,0.99036,3.08,0.49,12.7,1.0,2
6.9,0.36,0.35,8.6,0.038,37.0,125.0,0.9916,3.0,0.32,12.4,1.0,2
7.5,0.33,0.39,12.4,0.065,29.0,119.0,0.9974,3.16,0.39,9.4,1.0,0
7.4,0.16,0.27,15.5,0.05,25.0,135.0,0.9984,2.9,0.43,8.7,1.0,2
6.6,0.23,0.18,8.5,0.044,59.0,188.0,0.99558,3.16,0.49,9.5,1.0,0
7.3,0.33,0.4,6.85,0.038,32.0,138.0,0.992,3.03,0.3,11.9,1.0,2
7.5,0.18,0.39,1.9,0.054,23.0,91.0,0.9941,3.27,0.45,10.3,1.0,1
6.9,0.35,0.55,11.95,0.038,22.0,111.0,0.99687,3.11,0.29,9.7,1.0,0
6.6,0.16,0.32,1.4,0.035,49.0,186.0,0.9906,3.35,0.64,12.4,1.0,2
5.8,0.22,0.3,1.1,0.047,36.0,131.0,0.992,3.26,0.45,10.4,1.0,0
5.8,0.29,0.15,1.1,0.029,12.0,83.0,0.9898,3.3,0.4,11.4,1.0,1
6.9,0.44,0.27,5.0,0.038,33.0,166.0,0.99124,3.2,0.42,12.2,1.0,1
7.4,0.59,0.08,4.4,0.086,6.0,29.0,0.9974,3.38,0.5,9.0,0.0,0
5.6,0.12,0.33,2.9,0.044,21.0,73.0,0.98896,3.17,0.32,12.9,1.0,2
7.4,0.7,0.0,1.9,0.076,11.0,34.0,0.9978,3.51,0.56,9.4,0.0,0
8.2,0.22,0.3,1.8,0.047,47.0,185.0,0.9933,3.13,0.5,10.2,1.0,1
6.1,0.34,0.25,1.8,0.084,4.0,28.0,0.99464,3.36,0.44,10.1,0.0,0
6.8,0.37,0.67,1.5,0.175,16.0,98.0,0.99244,3.06,0.56,10.3,1.0,1
6.5,0.46,0.31,5.0,0.027,15.0,72.0,0.99165,3.26,0.6,11.5,1.0,2
6.9,0.18,0.38,6.5,0.039,20.0,110.0,0.9943,3.1,0.42,10.5,1.0,0
6.8,0.28,0.35,2.3,0.042,16.0,85.0,0.9906,3.19,0.56,12.4,1.0,1
6.6,0.735,0.02,7.9,0.122,68.0,124.0,0.9994,3.47,0.53,9.9,0.0,0
6.4,0.23,0.32,1.9,0.038,40.0,118.0,0.99074,3.32,0.53,11.8,1.0,2
7.3,0.22,0.49,9.9,0.031,48.0,161.0,0.9937,3.01,0.28,11.2,1.0,1
7.3,0.19,0.27,13.9,0.057,45.0,155.0,0.99807,2.94,0.41,8.8,1.0,2
8.9,0.27,0.28,0.8,0.024,29.0,128.0,0.98984,3.01,0.35,12.4,1.0,1
6.7,0.13,0.29,5.3,0.051,31.0,122.0,0.9944,3.44,0.37,9.7,1.0,1
6.6,0.24,0.28,1.8,0.028,39.0,132.0,0.99182,3.34,0.46,11.4,1.0,0
6.1,0.25,0.48,15.8,0.052,25.0,94.0,0.99782,3.07,0.45,9.2,1.0,1
9.8,0.51,0.19,3.2,0.081,8.0,30.0,0.9984,3.23,0.58,10.5,0.0,1
7.3,0.69,0.32,2.2,0.069,35.0,104.0,0.99632,3.33,0.51,9.5,0.0,0
6.3,0.34,0.31,6.0,0.02,18.0,68.0,0.98981,3.22,0.29,13.4,1.0,2
7.1,0.32,0.24,13.1,0.05,52.0,204.0,0.998,3.1,0.49,8.8,1.0,0
6.8,0.34,0.69,1.3,0.058,12.0,171.0,0.9931,3.06,0.47,9.7,1.0,0
7.3,0.205,0.31,1.7,0.06,34.0,110.0,0.9963,3.72,0.69,10.5,1.0,1
5.8,0.24,0.28,1.4,0.038,40.0,76.0,0.98711,3.1,0.29,13.9,1.0,2
5.8,0.27,0.26,3.5,0.071,26.0,69.0,0.98994,3.1,0.38,11.5,1.0,1
6.3,0.22,0.34,5.0,0.032,36.0,93.0,0.99012,3.27,0.36,13.5,1.0,2
7.6,0.23,0.4,5.2,0.066,14.0,91.0,0.99488,3.17,0.8,9.7,1.0,0
6.7,0.28,0.34,8.9,0.048,32.0,111.0,0.99455,3.25,0.54,11.0,1.0,2
7.0,0.18,0.37,1.5,0.043,16.0,104.0,0.99216,3.18,0.5,10.8,1.0,0
6.5,0.27,0.26,8.2,0.042,21.0,133.0,0.99612,3.43,0.64,9.8,1.0,1
7.4,0.33,0.26,15.6,0.049,67.0,210.0,0.99907,3.06,0.68,9.5,1.0,0
6.1,0.22,0.25,12.1,0.035,54.0,135.0,0.99481,3.21,0.4,10.7,1.0,0
7.2,0.17,0.28,17.55,0.05,33.0,154.0,0.99971,2.94,0.43,9.0,1.0,2
6.0,0.32,0.32,4.8,0.041,40.0,186.0,0.99235,3.22,0.54,11.0,1.0,1
15.5,0.645,0.49,4.2,0.095,10.0,23.0,1.00315,2.92,0.74,11.1,0.0,0
10.2,0.41,0.43,2.2,0.11,11.0,37.0,0.99728,3.16,0.67,10.8,0.0,0
9.6,0.38,0.42,1.9,0.071,5.0,13.0,0.99659,3.15,0.75,10.5,0.0,1
6.6,0.23,0.27,5.6,0.043,43.0,164.0,0.9953,3.27,0.76,9.5,1.0,0
6.7,0.46,0.24,1.7,0.077,18.0,34.0,0.9948,3.39,0.6,10.6,0.0,1
6.7,0.27,0.69,1.2,0.176,36.0,106.0,0.99288,2.96,0.43,9.2,1.0,1
7.1,0.27,0.28,1.25,0.023,3.0,89.0,0.98993,2.95,0.3,11.4,1.0,0
10.6,1.02,0.43,2.9,0.076,26.0,88.0,0.9984,3.08,0.57,10.1,0.0,1
6.3,0.17,0.42,2.8,0.028,45.0,107.0,0.9908,3.27,0.43,11.8,1.0,1
6.2,0.33,0.41,16.8,0.037,58.0,173.0,0.99882,3.25,0.57,9.4,1.0,1
5.6,0.19,0.26,1.4,0.03,12.0,76.0,0.9905,3.25,0.37,10.9,1.0,2
6.9,0.19,0.32,7.9,0.042,30.0,130.0,0.99456,3.4,0.39,10.5,1.0,1
7.3,0.22,0.4,14.75,0.042,44.5,129.5,0.9998,3.36,0.41,9.1,1.0,2
6.5,0.9,0.0,1.6,0.052,9.0,17.0,0.99467,3.5,0.63,10.9,0.0,1
4.8,0.26,0.23,10.6,0.034,23.0,111.0,0.99274,3.46,0.28,11.5,1.0,2
7.4,0.21,0.27,7.3,0.031,41.0,144.0,0.9932,3.15,0.38,11.8,1.0,2
6.6,0.32,0.26,7.7,0.054,56.0,209.0,0.9961,3.17,0.45,8.8,1.0,0
6.8,0.49,0.22,2.3,0.071,13.0,24.0,0.99438,3.41,0.83,11.3,0.0,1
6.0,0.22,0.33,12.2,0.033,25.0,97.0,0.99356,3.17,0.42,11.3,1.0,2
7.4,0.18,0.31,1.4,0.058,38.0,167.0,0.9931,3.16,0.53,10.0,1.0,2
7.2,0.46,0.65,10.4,0.05,76.0,192.0,0.9976,3.16,0.42,8.7,1.0,0
7.0,0.36,0.32,10.5,0.045,35.0,135.0,0.9935,3.09,0.33,11.6,1.0,2
7.3,0.27,0.37,9.7,0.042,36.0,130.0,0.9979,3.48,0.75,9.9,1.0,1
7.1,0.22,0.49,1.8,0.039,8.0,18.0,0.99344,3.39,0.56,12.4,0.0,1
6.3,0.21,0.28,1.5,0.051,46.0,142.0,0.9928,3.23,0.42,10.1,1.0,1
6.4,0.865,0.03,3.2,0.071,27.0,58.0,0.995,3.61,0.49,12.7,0.0,1
6.2,0.28,0.27,10.3,0.03,26.0,108.0,0.99388,3.2,0.36,10.7,1.0,1
7.1,0.52,0.03,2.6,0.076,21.0,92.0,0.99745,3.5,0.6,9.8,0.0,0
8.6,0.2,0.42,1.5,0.041,35.0,125.0,0.9925,3.11,0.49,11.4,1.0,2
5.8,0.27,0.27,12.3,0.045,55.0,170.0,0.9972,3.28,0.42,9.3,1.0,1
8.3,0.17,0.31,1.5,0.049,48.0,153.0,0.9942,3.12,0.58,9.4,1.0,1
8.3,0.53,0.0,1.4,0.07,6.0,14.0,0.99593,3.25,0.64,10.0,0.0,1
6.5,0.27,0.26,11.0,0.03,2.0,82.0,0.99402,3.07,0.36,11.2,1.0,0
7.9,0.36,0.53,12.9,0.049,63.0,139.0,0.99792,2.94,0.45,9.1,1.0,0
7.0,0.2,0.34,5.7,0.035,32.0,83.0,0.9928,3.19,0.46,11.5,1.0,1
7.2,0.31,0.26,7.3,0.05,37.0,157.0,0.99625,3.09,0.43,9.0,1.0,0
7.0,0.43,0.3,2.0,0.085,6.0,39.0,0.99346,3.33,0.46,11.9,0.0,1
6.3,0.14,0.39,1.2,0.044,26.0,116.0,0.992,3.26,0.53,10.3,1.0,1
7.6,0.55,0.21,2.2,0.071,7.0,28.0,0.9964,3.28,0.55,9.7,0.0,0
6.9,0.84,0.21,4.1,0.074,16.0,65.0,0.99842,3.53,0.72,9.25,0.0,1
6.3,0.32,0.32,1.5,0.037,12.0,76.0,0.98993,3.3,0.46,12.3,1.0,1
8.8,0.47,0.49,2.9,0.085,17.0,110.0,0.9982,3.29,0.6,9.8,0.0,0
5.6,0.35,0.37,1.0,0.038,6.0,72.0,0.9902,3.37,0.34,11.4,1.0,0
7.9,0.18,0.4,2.2,0.049,38.0,67.0,0.996,3.33,0.93,11.3,0.0,0
9.4,0.685,0.26,2.4,0.082,23.0,143.0,0.9978,3.28,0.55,9.4,0.0,0
6.9,0.19,0.33,1.6,0.043,63.0,149.0,0.9925,3.44,0.52,10.8,1.0,0
7.8,0.42,0.23,8.8,0.054,42.0,215.0,0.9971,3.02,0.58,9.2,1.0,1
5.9,0.32,0.26,1.5,0.057,17.0,141.0,0.9917,3.24,0.36,10.7,1.0,0
5.8,0.2,0.27,1.4,0.031,12.0,77.0,0.9905,3.25,0.36,10.9,1.0,2
5.6,0.5,0.09,2.3,0.049,17.0,99.0,0.9937,3.63,0.63,13.0,0.0,0
7.0,0.805,0.0,2.5,0.068,7.0,20.0,0.9969,3.48,0.56,9.6,0.0,0
8.1,0.27,0.33,1.3,0.045,26.0,100.0,0.99066,2.98,0.44,12.4,1.0,1
7.0,0.16,0.32,8.3,0.045,38.0,126.0,0.9958,3.21,0.34,9.2,1.0,0
6.3,0.37,0.28,6.3,0.034,45.0,152.0,0.9921,3.29,0.46,11.6,1.0,2
7.7,0.28,0.33,6.7,0.037,32.0,155.0,0.9951,3.39,0.62,10.7,1.0,2
6.7,0.24,0.3,10.2,0.07,44.0,179.0,0.99666,2.86,0.46,8.9,1.0,1
7.5,0.38,0.29,12.7,0.05,25.0,209.0,0.9986,3.25,0.59,9.3,1.0,1
9.4,0.29,0.55,2.2,0.05,17.0,119.0,0.9962,3.12,0.69,10.3,1.0,0
4.5,0.19,0.21,0.95,0.033,89.0,159.0,0.99332,3.34,0.42,8.0,1.0,0
5.5,0.16,0.22,4.5,0.03,30.0,102.0,0.9938,3.24,0.36,9.4,1.0,1
7.2,0.52,0.07,1.4,0.074,5.0,20.0,0.9973,3.32,0.81,9.6,0.0,1
7.2,0.19,0.46,3.8,0.041,82.0,187.0,0.9932,3.19,0.6,11.2,1.0,2
7.8,0.3,0.36,4.6,0.024,20.0,198.0,0.99222,3.06,0.66,11.9,1.0,1
5.1,0.52,0.06,2.7,0.052,30.0,79.0,0.9932,3.32,0.43,9.3,1.0,0
5.3,0.32,0.12,6.6,0.043,22.0,141.0,0.9937,3.36,0.6,10.4,1.0,1
6.3,0.25,0.53,1.8,0.021,41.0,101.0,0.989315,3.19,0.31,13.0,1.0,1
6.0,0.395,0.0,1.4,0.042,7.0,55.0,0.99135,3.37,0.38,11.2,1.0,0
6.8,0.67,0.0,1.9,0.08,22.0,39.0,0.99701,3.4,0.74,9.7,0.0,0
10.9,0.39,0.47,1.8,0.118,6.0,14.0,0.9982,3.3,0.75,9.8,0.0,1
6.1,0.25,0.3,1.2,0.036,42.0,107.0,0.991,3.34,0.56,10.8,1.0,2
7.3,0.26,0.32,1.2,0.041,29.0,94.0,0.98978,3.07,0.45,12.0,1.0,1
6.5,0.25,0.35,12.0,0.055,47.0,179.0,0.998,3.58,0.47,10.0,1.0,0
6.4,0.57,0.02,1.8,0.067,4.0,11.0,0.997,3.46,0.68,9.5,0.0,0
6.9,0.33,0.31,4.2,0.04,21.0,93.0,0.9896,3.18,0.48,13.4,1.0,2
7.2,0.41,0.3,2.1,0.083,35.0,72.0,0.997,3.44,0.52,9.4,0.0,0
6.8,0.13,0.39,1.4,0.034,19.0,102.0,0.99121,3.23,0.6,11.3,1.0,2
6.1,0.37,0.46,12.0,0.042,61.0,210.0,0.997,3.17,0.59,9.7,1.0,1
7.2,0.21,0.41,1.3,0.036,33.0,85.0,0.992,3.17,0.51,10.4,1.0,0
5.0,0.24,0.34,1.1,0.034,49.0,158.0,0.98774,3.32,0.32,13.1,1.0,2
6.0,0.29,0.41,10.8,0.048,55.0,149.0,0.9937,3.09,0.59,10.9666666666667,1.0,2
6.9,0.31,0.33,12.7,0.038,33.0,116.0,0.9954,3.04,0.65,10.4,1.0,1
5.8,0.345,0.15,10.8,0.033,26.0,120.0,0.99494,3.25,0.49,10.0,1.0,1
7.6,1.58,0.0,2.1,0.137,5.0,9.0,0.99476,3.5,0.4,10.9,0.0,0
6.2,0.18,0.3,1.0,0.031,23.0,73.0,0.99032,3.23,0.52,11.3,1.0,1
6.8,0.27,0.3,13.0,0.047,69.0,160.0,0.99705,3.16,0.5,9.6,1.0,1
7.2,0.52,0.07,1.4,0.074,5.0,20.0,0.9973,3.32,0.81,9.6,0.0,1
6.8,0.28,0.4,22.0,0.048,48.0,167.0,1.001,2.93,0.5,8.7,1.0,0
6.2,0.45,0.73,7.2,0.099,47.0,202.0,0.99582,3.21,0.43,9.2,1.0,0
6.1,0.3,0.3,2.1,0.031,50.0,163.0,0.9895,3.39,0.43,12.7,1.0,2
8.7,0.69,0.31,3.0,0.086,23.0,81.0,1.0002,3.48,0.74,11.6,0.0,1
6.8,0.21,0.27,18.15,0.042,41.0,146.0,1.0001,3.3,0.36,8.7,1.0,0
6.0,0.28,0.25,1.8,0.042,8.0,108.0,0.9929,3.08,0.55,9.0,1.0,0
6.8,0.25,0.27,10.7,0.076,47.0,154.0,0.9967,3.05,0.38,9.0,1.0,0
8.1,0.36,0.59,13.6,0.051,60.0,134.0,0.99886,2.96,0.39,8.7,1.0,0
6.1,0.34,0.21,5.0,0.042,17.0,133.0,0.99373,3.02,0.53,9.4,1.0,0
7.0,0.34,0.1,3.5,0.044,17.0,63.0,0.9937,3.01,0.39,9.2,1.0,0
6.8,0.48,0.08,1.8,0.074,40.0,64.0,0.99529,3.12,0.49,9.6,0.0,0
6.4,0.37,0.19,3.5,0.068,18.0,101.0,0.9934,3.03,0.38,9.0,1.0,1
6.6,0.35,0.34,4.9,0.032,9.0,125.0,0.99253,3.32,0.81,12.0,1.0,0
9.0,0.47,0.31,2.7,0.084,24.0,125.0,0.9984,3.31,0.61,9.4,0.0,0
8.0,0.715,0.22,2.3,0.075,13.0,81.0,0.99688,3.24,0.54,9.5,0.0,1
6.7,0.33,0.49,1.6,0.167,20.0,94.0,0.9914,3.11,0.5,11.4,1.0,1
6.6,0.25,0.34,3.0,0.054,22.0,141.0,0.99338,3.26,0.47,10.4,1.0,1
6.8,0.26,0.42,1.7,0.049,41.0,122.0,0.993,3.47,0.48,10.5,1.0,2
7.3,0.24,0.34,15.4,0.05,38.0,174.0,0.9983,3.03,0.42,9.0,1.0,1
6.9,0.22,0.32,9.3,0.04,22.0,110.0,0.9958,3.34,0.54,10.7,1.0,2
7.1,0.2,0.31,6.85,0.053,32.0,211.0,0.99587,3.31,0.59,10.4,1.0,1
6.6,0.705,0.07,1.6,0.076,6.0,15.0,0.9962,3.44,0.58,10.7,0.0,0
6.5,0.425,0.4,13.1,0.038,59.0,241.0,0.9979,3.23,0.57,9.0,1.0,0
7.3,0.13,0.27,4.6,0.08,34.0,172.0,0.9938,3.23,0.39,11.1,1.0,2
7.8,0.42,0.26,9.2,0.058,34.0,199.0,0.9972,3.14,0.55,9.3,1.0,1
7.3,0.4,0.26,5.45,0.016,26.0,90.0,0.98951,2.84,0.54,13.2,1.0,2
7.2,0.24,0.3,1.2,0.037,11.0,95.0,0.98914,2.96,0.36,12.5,1.0,1
7.5,0.33,0.28,4.9,0.042,21.0,155.0,0.99385,3.36,0.57,10.9,1.0,1
7.0,0.685,0.0,1.9,0.099,9.0,22.0,0.99606,3.34,0.6,9.7,0.0,0
7.5,0.58,0.03,4.1,0.08,27.0,46.0,0.99592,3.02,0.47,9.2,0.0,0
7.4,0.18,0.3,8.8,0.064,26.0,103.0,0.9961,2.94,0.56,9.3,1.0,0
7.0,0.33,0.28,5.7,0.033,39.0,204.0,0.99176,3.17,0.64,12.5,1.0,1
7.6,0.31,0.29,10.5,0.04,21.0,145.0,0.9966,3.04,0.35,9.4,1.0,0
7.6,0.3,0.38,2.1,0.043,10.0,98.0,0.99296,3.17,0.65,11.0,1.0,0
6.7,0.11,0.34,8.8,0.043,41.0,113.0,0.9962,3.42,0.4,9.3,1.0,2
5.5,0.19,0.27,0.9,0.04,52.0,103.0,0.99026,3.5,0.39,11.2,1.0,0
7.8,0.25,0.34,13.7,0.044,66.0,184.0,0.99976,3.22,0.75,8.9,1.0,0
5.8,0.29,0.05,0.8,0.038,11.0,30.0,0.9924,3.36,0.35,9.2,1.0,0
8.5,0.18,0.3,1.1,0.028,34.0,95.0,0.99272,2.83,0.36,10.0,1.0,0
9.6,0.23,0.4,1.5,0.044,19.0,135.0,0.9937,2.96,0.49,10.9,1.0,0
6.6,0.25,0.32,5.6,0.039,15.0,68.0,0.99163,2.96,0.52,11.1,1.0,1
6.6,0.31,0.28,1.4,0.035,28.0,107.0,0.98836,3.0,0.4,13.2,1.0,1
6.5,0.38,0.26,5.2,0.042,33.0,112.0,0.99067,3.06,0.5,12.3,1.0,2
7.0,0.22,0.3,1.8,0.065,16.0,20.0,0.99672,3.61,0.82,10.0,0.0,1
11.5,0.59,0.59,2.6,0.087,13.0,49.0,0.9988,3.18,0.65,11.0,0.0,1
5.7,0.2,0.24,13.8,0.047,44.0,112.0,0.99837,2.97,0.66,8.8,1.0,1
6.0,0.2,0.26,1.1,0.033,38.0,67.0,0.98954,3.14,0.38,11.5,1.0,1
9.9,0.35,0.41,2.3,0.083,11.0,61.0,0.9982,3.21,0.5,9.5,0.0,0
7.7,0.31,0.36,4.3,0.026,15.0,87.0,0.99152,3.11,0.48,12.0,1.0,0
7.5,0.26,0.25,1.7,0.038,29.0,129.0,0.99312,3.45,0.56,10.4,1.0,1
7.0,0.6,0.12,2.2,0.083,13.0,28.0,0.9966,3.52,0.62,10.2,0.0,2
6.8,0.22,0.24,4.9,0.092,30.0,123.0,0.9951,3.03,0.46,8.6,1.0,1
7.5,0.42,0.2,1.4,0.06,15.0,168.0,0.9944,3.06,0.4,9.4,1.0,1
7.8,0.17,0.5,1.3,0.045,35.0,140.0,0.9904,3.16,0.4,12.0,1.0,1
8.5,0.15,0.49,1.5,0.031,17.0,122.0,0.9932,3.03,0.4,10.3,1.0,1
6.4,0.26,0.21,7.1,0.04,35.0,162.0,0.9956,3.39,0.58,9.9,1.0,1
6.5,0.26,0.43,8.9,0.083,50.0,171.0,0.9965,2.85,0.5,9.0,1.0,0
12.2,0.45,0.49,1.4,0.075,3.0,6.0,0.9969,3.13,0.63,10.4,0.0,0
8.8,0.28,0.45,6.0,0.022,14.0,49.0,0.9934,3.01,0.33,11.1,1.0,2
5.7,0.6,0.0,1.4,0.063,11.0,18.0,0.99191,3.45,0.56,12.2,0.0,1
7.4,0.19,0.3,12.8,0.053,48.5,212.0,0.9986,3.14,0.49,9.1,1.0,2
8.3,0.4,0.41,8.2,0.05,15.0,122.0,0.9979,3.39,0.49,9.3,1.0,0
6.2,0.35,0.31,2.6,0.036,37.0,92.0,0.98938,3.27,0.53,12.8,1.0,2
7.4,0.5,0.47,2.0,0.086,21.0,73.0,0.997,3.36,0.57,9.1,0.0,0
7.4,0.16,0.3,13.7,0.056,33.0,168.0,0.99825,2.9,0.44,8.7,1.0,2
6.4,0.37,0.37,4.85,0.041,39.5,216.5,0.99432,3.1,0.5,9.8,1.0,1
5.7,0.27,0.16,9.0,0.053,32.0,111.0,0.99474,3.36,0.37,10.4,1.0,1
6.8,0.32,0.28,4.8,0.034,25.0,100.0,0.99026,3.08,0.47,12.4,1.0,2
6.7,0.29,0.45,14.3,0.054,30.0,181.0,0.99869,3.14,0.57,9.1,1.0,0
6.0,0.14,0.17,5.6,0.036,37.0,127.0,0.99373,3.05,0.57,9.8,1.0,1
8.0,0.59,0.71,17.35,0.038,61.0,228.0,1.0,2.95,0.75,9.3,1.0,0
10.5,0.24,0.47,2.1,0.066,6.0,24.0,0.9978,3.15,0.9,11.0,0.0,2
6.5,0.18,0.48,18.0,0.054,56.0,183.0,1.00038,2.98,0.61,8.5,1.0,1
7.3,0.41,0.24,6.8,0.057,41.0,163.0,0.9949,3.2,0.41,9.9,1.0,1
6.0,0.2,0.26,6.8,0.049,22.0,93.0,0.9928,3.15,0.42,11.0,1.0,1
6.6,0.44,0.09,2.2,0.063,9.0,18.0,0.99444,3.42,0.69,11.3,0.0,1
6.8,0.18,0.28,9.8,0.039,29.0,113.0,0.99406,3.11,0.45,10.9,1.0,2
6.7,0.67,0.02,1.9,0.061,26.0,42.0,0.99489,3.39,0.82,10.9,0.0,1
8.3,0.16,0.37,7.9,0.025,38.0,107.0,0.99306,2.93,0.37,11.9,1.0,1
6.9,0.32,0.17,7.6,0.042,69.0,219.0,0.9959,3.13,0.4,8.9,1.0,0
6.0,0.5,0.04,2.2,0.092,13.0,26.0,0.99647,3.46,0.47,10.0,0.0,0
7.8,0.52,0.25,1.9,0.081,14.0,38.0,0.9984,3.43,0.65,9.0,0.0,1
6.4,0.34,0.2,14.9,0.06,37.0,162.0,0.9983,3.13,0.45,9.0,1.0,0
8.3,0.715,0.15,1.8,0.089,10.0,52.0,0.9968,3.23,0.77,9.5,0.0,0
6.5,0.26,0.34,1.4,0.04,25.0,184.0,0.99216,3.29,0.46,10.7,1.0,0
5.8,0.36,0.26,3.3,0.038,40.0,153.0,0.9911,3.34,0.55,11.3,1.0,1
7.0,0.15,0.28,14.7,0.051,29.0,149.0,0.99792,2.96,0.39,9.0,1.0,2
5.2,0.49,0.26,2.3,0.09,23.0,74.0,0.9953,3.71,0.62,12.2,0.0,1
6.7,0.4,0.22,8.8,0.052,24.0,113.0,0.99576,3.22,0.45,9.4,1.0,0
6.4,0.32,0.25,5.0,0.055,28.0,138.0,0.99171,3.27,0.5,12.4,1.0,2
7.1,0.17,0.38,7.4,0.052,49.0,182.0,0.9958,3.35,0.52,9.6,1.0,1
6.5,0.18,0.34,1.6,0.04,43.0,148.0,0.9912,3.32,0.59,11.5,1.0,2
7.2,0.24,0.29,3.0,0.036,17.0,117.0,0.99411,3.36,0.68,10.1,1.0,1
7.5,0.41,0.15,3.7,0.104,29.0,94.0,0.99786,3.14,0.58,9.1,0.0,0
6.6,0.27,0.25,3.1,0.052,41.0,188.0,0.9915,3.24,0.4,11.3,1.0,0
6.8,0.16,0.36,1.3,0.034,32.0,98.0,0.99058,3.02,0.58,11.3,1.0,1
9.9,0.25,0.46,1.7,0.062,26.0,42.0,0.9959,3.18,0.83,10.6,0.0,1
6.8,0.53,0.35,3.8,0.034,26.0,109.0,0.9906,3.26,0.57,12.7,1.0,2
6.5,0.38,0.53,1.4,0.142,5.0,69.0,0.9926,3.14,0.52,10.1,1.0,0
6.8,0.51,0.01,2.1,0.074,9.0,25.0,0.9958,3.33,0.56,9.5,0.0,1
7.2,0.24,0.28,1.9,0.032,30.0,92.0,0.9914,3.1,0.39,10.9,1.0,1
11.6,0.58,0.66,2.2,0.074,10.0,47.0,1.0008,3.25,0.57,9.0,0.0,0
7.0,0.22,0.31,2.7,0.03,41.0,136.0,0.9898,3.16,0.37,12.7,1.0,2
7.6,0.48,0.28,10.4,0.049,57.0,205.0,0.99748,3.24,0.45,9.3,1.0,0
8.9,0.12,0.45,1.8,0.075,10.0,21.0,0.99552,3.41,0.76,11.9,0.0,2
6.0,0.28,0.29,19.3,0.051,36.0,174.0,0.99911,3.14,0.5,9.0,1.0,0
6.9,0.17,0.25,1.6,0.047,34.0,132.0,0.9914,3.16,0.48,11.4,1.0,0
11.9,0.38,0.49,2.7,0.098,12.0,42.0,1.0004,3.16,0.61,10.3,0.0,0
7.9,0.33,0.28,31.6,0.053,35.0,176.0,1.0103,3.15,0.38,8.8,1.0,1
7.2,0.19,0.27,11.2,0.061,46.0,149.0,0.99772,2.99,0.59,9.3,1.0,1
6.8,0.64,0.08,9.7,0.062,26.0,142.0,0.9972,3.37,0.46,8.9,1.0,0
5.9,0.2,0.4,1.3,0.047,23.0,92.0,0.99232,3.2,0.45,10.0,1.0,1
6.0,0.13,0.36,1.6,0.052,23.0,72.0,0.98974,3.1,0.5,11.5,1.0,2
6.6,0.64,0.28,4.4,0.032,19.0,78.0,0.99036,3.11,0.62,12.9,1.0,1
7.6,0.48,0.33,7.0,0.024,14.0,130.0,0.9918,3.25,0.45,12.5,1.0,2
7.2,0.23,0.32,8.5,0.058,47.0,186.0,0.9956,3.19,0.4,9.9,1.0,1
5.8,0.335,0.14,5.8,0.046,49.0,197.0,0.9937,3.3,0.71,10.3,1.0,0
8.9,0.29,0.35,1.9,0.067,25.0,57.0,0.997,3.18,1.36,10.3,0.0,1
6.6,0.285,0.49,11.4,0.035,57.0,137.0,0.99732,3.08,0.54,8.9,1.0,1
8.5,0.66,0.2,2.1,0.097,23.0,113.0,0.99733,3.13,0.48,9.2,0.0,0
6.0,0.28,0.24,17.8,0.047,42.0,111.0,0.99896,3.1,0.45,8.9,1.0,1
8.0,0.71,0.0,2.6,0.08,11.0,34.0,0.9976,3.44,0.53,9.5,0.0,0
7.1,0.43,0.61,11.8,0.045,54.0,155.0,0.9974,3.11,0.45,8.7,1.0,0
7.1,0.26,0.34,14.4,0.067,35.0,189.0,0.9986,3.07,0.53,9.1,1.0,2
6.5,0.16,0.34,1.4,0.029,29.0,133.0,0.99108,3.33,0.64,11.5,1.0,2
6.3,0.3,0.48,7.4,0.053,34.0,149.0,0.99472,3.18,0.53,9.8,1.0,0
6.4,0.33,0.44,8.9,0.055,52.0,164.0,0.99488,3.1,0.48,9.6,1.0,0
7.1,0.43,0.42,5.5,0.071,28.0,128.0,0.9973,3.42,0.71,10.5,0.0,0
6.7,0.19,0.34,1.0,0.022,22.0,94.0,0.9912,3.23,0.57,11.1,1.0,1
6.6,0.19,0.35,1.5,0.037,37.0,107.0,0.99006,3.18,0.68,12.0,1.0,2
6.1,0.38,0.47,1.4,0.051,59.0,210.0,0.99309,3.24,0.5,9.6,1.0,0
11.6,0.41,0.54,1.5,0.095,22.0,41.0,0.99735,3.02,0.76,9.9,0.0,2
6.0,0.31,0.32,7.4,0.175,47.0,159.0,0.9952,3.19,0.5,9.4,1.0,1
6.6,0.29,0.44,9.0,0.053,62.0,178.0,0.99685,3.02,0.45,8.9,1.0,0
7.6,0.54,0.23,2.0,0.029,13.0,151.0,0.9931,3.04,0.33,10.4,1.0,0
7.2,0.24,0.36,2.0,0.029,21.0,63.0,0.99076,3.13,0.63,12.5,1.0,1
8.7,0.52,0.09,2.5,0.091,20.0,49.0,0.9976,3.34,0.86,10.6,0.0,2
6.6,0.61,0.01,1.9,0.08,8.0,25.0,0.99746,3.69,0.73,10.5,0.0,0
5.2,0.365,0.08,13.5,0.041,37.0,142.0,0.997,3.46,0.39,9.9,1.0,1
6.3,0.13,0.42,1.1,0.043,63.0,146.0,0.99066,3.13,0.72,11.2,1.0,2
8.2,0.34,0.29,5.2,0.076,19.0,92.0,0.99138,2.95,0.39,12.5,1.0,1
7.8,0.16,0.41,1.7,0.026,29.0,140.0,0.991,3.02,0.78,12.5,1.0,1
6.8,0.14,0.18,1.4,0.047,30.0,90.0,0.99164,3.27,0.54,11.2,1.0,1
6.9,0.32,0.13,7.8,0.042,11.0,117.0,0.996,3.23,0.37,9.2,1.0,0
7.1,0.3,0.49,1.6,0.045,31.0,100.0,0.9942,3.4,0.59,10.2,1.0,0
5.7,0.26,0.24,17.8,0.059,23.0,124.0,0.99773,3.3,0.5,10.1,1.0,0
6.3,0.67,0.48,12.6,0.052,57.0,222.0,0.9979,3.17,0.52,9.3,1.0,1
6.4,0.15,0.4,1.3,0.053,61.0,146.0,0.99112,3.17,0.68,11.0,1.0,1
5.7,0.22,0.22,16.65,0.044,39.0,110.0,0.99855,3.24,0.48,9.0,1.0,1
6.4,0.31,0.5,5.8,0.038,42.0,111.0,0.99189,3.18,0.53,11.9,1.0,2
10.1,0.43,0.4,2.6,0.092,13.0,52.0,0.99834,3.22,0.64,10.0,0.0,2
7.1,0.28,0.44,1.8,0.032,32.0,107.0,0.9907,3.25,0.48,12.2,1.0,2
7.2,0.14,0.32,1.1,0.022,48.0,116.0,0.99218,3.04,0.67,10.0,1.0,1
8.0,0.37,0.31,4.7,0.038,3.0,127.0,0.99186,2.9,0.72,12.1,1.0,0
6.3,0.3,0.19,7.7,0.049,47.0,184.0,0.99514,3.22,0.48,9.5,1.0,0
6.0,0.34,0.66,15.9,0.046,26.0,164.0,0.9979,3.14,0.5,8.8,1.0,1
6.1,0.27,0.32,1.1,0.034,24.0,110.0,0.9898,3.36,0.4,12.5,1.0,1
5.2,0.34,0.37,6.2,0.031,42.0,133.0,0.99076,3.25,0.41,12.5,1.0,1
6.4,0.35,0.51,7.8,0.055,53.0,177.0,0.99502,3.12,0.45,9.6,1.0,0
7.2,0.24,0.24,1.7,0.045,18.0,161.0,0.99196,3.25,0.53,11.2,1.0,1
8.4,0.31,0.31,0.95,0.021,52.0,148.0,0.99038,2.93,0.32,11.5,1.0,0
6.6,0.34,0.25,4.8,0.038,16.0,121.0,0.99198,3.36,0.71,12.6,1.0,1
7.4,0.58,0.0,2.0,0.064,7.0,11.0,0.99562,3.45,0.58,11.3,0.0,1
6.2,0.25,0.25,1.4,0.03,35.0,105.0,0.9912,3.3,0.44,11.1,1.0,2
5.2,0.3,0.34,1.5,0.038,18.0,96.0,0.98942,3.56,0.48,13.0,1.0,2
8.1,0.24,0.33,10.2,0.048,46.0,141.0,0.9972,3.16,0.48,10.3,1.0,1
6.5,0.36,0.31,13.55,0.053,20.0,113.0,0.99544,3.2,0.56,11.0,1.0,1
9.5,0.86,0.26,1.9,0.079,13.0,28.0,0.99712,3.25,0.62,10.0,0.0,0
6.9,0.4,0.42,6.2,0.066,41.0,176.0,0.99552,3.12,0.54,9.4,1.0,0
6.9,0.23,0.33,12.8,0.056,44.0,169.0,0.998,3.42,0.42,9.8,1.0,1
5.9,0.25,0.24,7.4,0.044,21.0,113.0,0.99462,3.38,0.58,10.5,1.0,1
7.6,0.31,0.26,1.7,0.073,40.0,157.0,0.9938,3.1,0.46,9.8,1.0,0
6.0,0.27,0.3,14.7,0.044,15.0,144.0,0.99666,3.12,0.53,10.3,1.0,1
6.2,0.41,0.22,1.9,0.023,5.0,56.0,0.98928,3.04,0.79,13.0,1.0,2
6.1,0.6,0.08,1.8,0.071,14.0,45.0,0.99336,3.38,0.54,11.0,0.0,0
7.5,0.29,0.36,15.7,0.05,29.0,124.0,0.9968,3.06,0.54,10.4,1.0,0
7.0,0.27,0.29,3.9,0.059,28.0,199.0,0.9961,3.54,0.59,10.3,1.0,0
6.5,0.25,0.5,7.6,0.047,54.0,184.0,0.99572,3.17,0.45,9.2,1.0,0
7.4,0.34,0.28,12.1,0.049,31.0,149.0,0.99677,3.22,0.49,10.3,1.0,0
7.6,0.49,0.33,1.9,0.074,27.0,85.0,0.99706,3.41,0.58,9.0,0.0,0
7.4,0.32,0.55,16.6,0.056,53.0,238.0,1.0017,2.96,0.58,8.7,1.0,1
8.6,0.685,0.1,1.6,0.092,3.0,12.0,0.99745,3.31,0.65,9.55,0.0,1
12.5,0.56,0.49,2.4,0.064,5.0,27.0,0.9999,3.08,0.87,10.9,0.0,0
6.7,0.31,0.44,6.7,0.054,29.0,160.0,0.9952,3.04,0.44,9.6,1.0,0
7.2,0.19,0.31,1.4,0.046,37.0,135.0,0.9939,3.34,0.57,10.2,1.0,2
6.7,0.25,0.23,7.2,0.038,61.0,220.0,0.9952,3.14,0.35,9.5,1.0,0
6.7,0.34,0.26,1.9,0.038,58.0,138.0,0.9893,3.0,0.47,12.2,1.0,2
8.4,0.17,0.31,6.7,0.038,29.0,132.0,0.9945,3.1,0.32,10.6,1.0,2
6.3,0.18,0.22,1.5,0.043,45.0,155.0,0.99238,3.19,0.48,10.2,1.0,0
6.4,0.24,0.27,1.5,0.04,35.0,105.0,0.98914,3.13,0.3,12.4,1.0,1
8.7,0.33,0.38,3.3,0.063,10.0,19.0,0.99468,3.3,0.73,12.0,0.0,2
6.9,0.23,0.41,8.0,0.03,30.0,114.0,0.99368,3.22,0.54,11.0,1.0,1
7.6,0.27,0.42,2.6,0.044,29.0,110.0,0.9912,3.31,0.51,12.7,1.0,1
6.0,0.28,0.49,6.8,0.048,61.0,222.0,0.9953,3.19,0.47,9.3,1.0,0
6.0,0.38,0.26,6.0,0.034,42.0,134.0,0.9912,3.38,0.38,12.3,1.0,2
6.2,0.25,0.38,7.9,0.045,54.0,208.0,0.99572,3.17,0.46,9.1,1.0,0
7.1,0.68,0.07,1.9,0.075,16.0,51.0,0.99685,3.38,0.52,9.5,0.0,0
6.2,0.6,0.08,2.0,0.09,32.0,44.0,0.9949,3.45,0.58,10.5,0.0,0
5.2,0.44,0.04,1.4,0.036,43.0,119.0,0.9894,3.36,0.33,12.1,1.0,2
6.7,0.15,0.32,7.9,0.034,17.0,81.0,0.99512,3.29,0.31,10.0,1.0,1
6.1,0.28,0.27,8.0,0.048,41.0,162.0,0.99498,3.21,0.51,9.9,1.0,0
6.8,0.41,0.31,8.8,0.084,26.0,45.0,0.99824,3.38,0.64,10.1,0.0,1
7.0,0.32,0.31,6.4,0.031,38.0,115.0,0.99235,3.38,0.58,12.2,1.0,2
6.7,0.18,0.37,1.3,0.027,42.0,125.0,0.98939,3.24,0.37,12.8,1.0,2
6.9,0.54,0.04,3.0,0.077,7.0,27.0,0.9987,3.69,0.91,9.4,0.0,1
11.3,0.34,0.45,2.0,0.082,6.0,15.0,0.9988,2.94,0.66,9.2,0.0,1
7.5,0.28,0.39,10.2,0.045,59.0,209.0,0.9972,3.16,0.63,9.6,1.0,1
5.0,0.55,0.14,8.3,0.032,35.0,164.0,0.9918,3.53,0.51,12.5,1.0,2
5.7,0.22,0.22,16.65,0.044,39.0,110.0,0.99855,3.24,0.48,9.0,1.0,1
5.7,0.21,0.25,1.1,0.035,26.0,81.0,0.9902,3.31,0.52,11.4,1.0,1
8.3,0.6,0.25,2.2,0.118,9.0,38.0,0.99616,3.15,0.53,9.8,0.0,0
6.5,0.23,0.2,7.5,0.05,44.0,179.0,0.99504,3.18,0.48,9.53333333333333,1.0,0
6.6,0.26,0.28,9.4,0.028,13.0,121.0,0.99254,3.17,0.34,12.1,1.0,1
6.7,0.61,0.21,1.65,0.117,40.0,240.0,0.9938,3.11,0.57,9.3,1.0,0
8.1,0.24,0.32,10.5,0.03,34.0,105.0,0.99407,3.11,0.42,11.8,1.0,1
6.3,0.23,0.21,5.1,0.035,29.0,142.0,0.9942,3.36,0.33,10.1,1.0,2
6.5,0.25,0.27,15.2,0.049,75.0,217.0,0.9972,3.19,0.39,9.9,1.0,0
6.8,0.33,0.31,7.4,0.045,34.0,143.0,0.99226,3.06,0.55,12.2,1.0,1
6.8,0.28,0.4,22.0,0.048,48.0,167.0,1.001,2.93,0.5,8.7,1.0,0
7.9,0.35,0.24,15.6,0.072,44.0,229.0,0.99785,3.03,0.59,10.5,1.0,1
5.8,0.17,0.3,1.4,0.037,55.0,130.0,0.9909,3.29,0.38,11.3,1.0,1
6.6,0.5,0.26,11.3,0.029,32.0,110.0,0.99302,3.27,0.78,12.9,1.0,2
7.7,0.2,0.44,13.9,0.05,44.0,130.0,0.99855,3.11,0.48,10.0,1.0,1
6.8,0.18,0.46,1.4,0.064,37.0,160.0,0.9924,3.37,0.45,11.1,1.0,0
9.1,0.64,0.23,3.1,0.095,13.0,38.0,0.9998,3.28,0.59,9.7,0.0,0
6.8,0.25,0.34,4.7,0.031,34.0,134.0,0.9927,3.21,0.38,10.6,1.0,1
6.8,0.33,0.3,2.1,0.047,35.0,147.0,0.9886,3.24,0.56,13.4,1.0,1
7.5,0.64,0.0,2.4,0.077,18.0,29.0,0.9965,3.32,0.6,10.0,0.0,1
7.0,0.45,0.34,19.8,0.04,12.0,67.0,0.9976,3.07,0.38,11.0,1.0,1
7.8,0.21,0.49,1.35,0.052,6.0,48.0,0.9911,3.15,0.28,11.4,1.0,0
8.5,0.3,0.28,3.1,0.054,54.0,174.0,0.99543,3.21,0.43,9.4,1.0,1
8.2,0.34,0.49,8.0,0.046,55.0,223.0,0.996,3.08,0.52,10.7,1.0,1
6.1,0.14,0.25,1.3,0.047,37.0,173.0,0.9925,3.35,0.46,10.0,1.0,1
6.1,0.19,0.37,2.6,0.041,24.0,99.0,0.99153,3.18,0.5,10.9,1.0,1
6.2,0.28,0.43,13.0,0.039,64.0,233.0,0.99745,3.08,0.38,8.9,1.0,0
7.3,0.45,0.36,5.9,0.074,12.0,87.0,0.9978,3.33,0.83,10.5,0.0,0
6.7,0.17,0.5,2.1,0.043,27.0,122.0,0.9923,3.15,0.45,10.3,1.0,1
7.2,0.19,0.31,1.6,0.062,31.0,173.0,0.9917,3.35,0.44,11.7,1.0,1
6.2,0.2,0.32,2.8,0.05,17.0,126.0,0.9936,3.18,0.55,9.4,1.0,1
7.7,0.41,0.76,1.8,0.611,8.0,45.0,0.9968,3.06,1.26,9.4,0.0,0
7.7,0.32,0.48,2.3,0.04,28.0,114.0,0.9911,3.2,0.52,12.8,1.0,2
7.5,0.42,0.34,4.3,0.04,34.0,108.0,0.99155,3.14,0.45,12.8,1.0,2
7.4,0.68,0.16,1.8,0.078,12.0,39.0,0.9977,3.5,0.7,9.9,0.0,1
8.0,0.28,0.42,7.1,0.045,41.0,169.0,0.9959,3.17,0.43,10.6,1.0,0
7.2,0.4,0.38,2.2,0.03,40.0,109.0,0.99075,3.27,0.46,12.6,1.0,1
6.6,0.37,0.47,6.5,0.061,23.0,150.0,0.9954,3.14,0.45,9.6,1.0,1
6.3,0.22,0.57,1.4,0.208,14.0,96.0,0.9932,3.16,0.43,10.0,1.0,1
8.5,0.23,0.34,1.3,0.035,54.0,110.0,0.99176,3.07,0.55,11.0,1.0,2
5.8,0.315,0.19,19.4,0.031,28.0,106.0,0.99704,2.97,0.4,10.55,1.0,1
6.0,0.32,0.46,1.5,0.05,56.0,189.0,0.99308,3.24,0.49,9.6,1.0,0
10.2,0.23,0.37,2.2,0.057,14.0,36.0,0.99614,3.23,0.49,9.3,0.0,0
6.3,0.76,0.0,2.9,0.072,26.0,52.0,0.99379,3.51,0.6,11.5,0.0,1
6.1,0.28,0.24,19.95,0.074,32.0,174.0,0.99922,3.19,0.44,9.3,1.0,1
7.7,0.29,0.48,2.3,0.049,36.0,178.0,0.9931,3.17,0.64,10.6,1.0,1
10.9,0.53,0.49,4.6,0.118,10.0,17.0,1.0002,3.07,0.56,11.7,0.0,1
6.8,0.59,0.06,6.0,0.06,11.0,18.0,0.9962,3.41,0.59,10.8,0.0,2
7.6,0.39,0.22,2.8,0.036,19.0,113.0,0.9926,3.03,0.29,10.2,1.0,0
8.9,0.13,0.49,1.0,0.028,6.0,24.0,0.9926,2.91,0.32,9.9,1.0,0
10.6,0.44,0.68,4.1,0.114,6.0,24.0,0.997,3.06,0.66,13.4,0.0,1
7.5,0.23,0.68,11.0,0.047,37.0,133.0,0.9978,2.99,0.38,8.8,1.0,0
9.7,0.66,0.34,2.6,0.094,12.0,88.0,0.99796,3.26,0.66,10.1,0.0,0
7.0,0.36,0.3,5.0,0.04,40.0,143.0,0.99173,3.33,0.42,12.2,1.0,2
7.5,0.32,0.26,1.8,0.042,13.0,133.0,0.9938,3.07,0.38,9.5,1.0,0
7.3,0.65,0.0,1.2,0.065,15.0,21.0,0.9946,3.39,0.47,10.0,0.0,2
7.7,0.42,0.31,9.2,0.048,22.0,221.0,0.9969,3.06,0.61,9.2,1.0,1
6.0,0.21,0.3,8.7,0.036,47.0,127.0,0.99368,3.18,0.39,10.6,1.0,0
6.6,0.39,0.39,11.9,0.057,51.0,221.0,0.99851,3.26,0.51,8.9,1.0,1
7.6,0.24,0.44,3.8,0.037,49.0,146.0,0.9911,3.06,0.37,11.6,1.0,1
8.0,0.25,0.35,1.1,0.054,13.0,136.0,0.99366,3.08,0.55,9.5,1.0,0
7.2,0.37,0.32,2.0,0.062,15.0,28.0,0.9947,3.23,0.73,11.3,0.0,2
7.9,0.34,0.36,1.9,0.065,5.0,10.0,0.99419,3.27,0.54,11.2,0.0,2
7.4,0.24,0.36,2.0,0.031,27.0,139.0,0.99055,3.28,0.48,12.5,1.0,2
6.1,0.37,0.36,4.7,0.035,36.0,116.0,0.991,3.31,0.62,12.6,1.0,1
5.8,0.26,0.24,9.2,0.044,55.0,152.0,0.9961,3.31,0.38,9.4,1.0,0
6.8,0.43,0.26,5.2,0.043,40.0,176.0,0.99116,3.17,0.41,12.3,1.0,1
6.4,0.125,0.29,5.85,0.042,24.0,99.0,0.992,3.23,0.32,12.0,1.0,2
7.9,0.4,0.29,1.8,0.157,1.0,44.0,0.9973,3.3,0.92,9.5,0.0,1
6.1,0.28,0.25,6.9,0.056,44.0,201.0,0.9955,3.19,0.4,9.1,1.0,1
8.9,0.32,0.31,2.0,0.088,12.0,19.0,0.9957,3.17,0.55,10.4,0.0,1
6.4,0.44,0.44,14.4,0.048,29.0,228.0,0.99955,3.26,0.54,8.8,1.0,2
6.7,0.3,0.74,5.0,0.038,35.0,157.0,0.9945,3.21,0.46,9.9,1.0,0
6.1,0.44,0.28,4.25,0.032,43.0,132.0,0.9916,3.26,0.47,11.3,1.0,2
6.1,0.55,0.15,9.8,0.031,19.0,125.0,0.9957,3.36,0.47,10.2,1.0,1
7.0,0.69,0.0,1.9,0.114,3.0,10.0,0.99636,3.35,0.6,9.7,0.0,1
6.8,0.26,0.56,11.9,0.043,64.0,226.0,0.997,3.02,0.63,9.3,1.0,0
6.9,0.25,0.33,1.2,0.035,35.0,158.0,0.99082,3.02,0.58,11.3,1.0,1
12.5,0.38,0.6,2.6,0.081,31.0,72.0,0.9996,3.1,0.73,10.5,0.0,0
9.2,0.56,0.18,1.6,0.078,10.0,21.0,0.99576,3.15,0.49,9.9,0.0,0
7.3,0.2,0.26,1.6,0.04,36.0,123.0,0.99238,3.34,0.44,10.8,1.0,1
6.4,0.33,0.28,4.0,0.04,24.0,81.0,0.9903,3.26,0.64,12.6,1.0,2
5.7,0.1,0.27,1.3,0.047,21.0,100.0,0.9928,3.27,0.46,9.5,1.0,0
6.9,0.19,0.49,6.6,0.036,49.0,172.0,0.9932,3.2,0.27,11.5,1.0,1
6.6,0.26,0.24,7.2,0.038,28.0,137.0,0.9952,3.35,0.6,10.4,1.0,1
6.5,0.46,0.14,2.4,0.114,9.0,37.0,0.99732,3.66,0.65,9.8,0.0,0
7.6,0.29,0.42,1.3,0.035,18.0,86.0,0.9908,2.99,0.39,11.3,1.0,0
6.1,0.22,0.4,1.85,0.031,25.0,111.0,0.98966,3.03,0.3,11.8,1.0,2
7.9,0.22,0.38,8.0,0.043,46.0,152.0,0.9934,3.12,0.32,11.5,1.0,2
6.1,0.28,0.22,1.8,0.034,32.0,116.0,0.9898,3.36,0.44,12.6,1.0,1
6.8,0.25,0.34,14.0,0.032,47.0,133.0,0.9952,3.37,0.5,12.2,1.0,2
7.1,0.26,0.32,14.45,0.074,29.0,107.0,0.998,2.96,0.42,9.2,1.0,1
8.4,0.18,0.42,5.1,0.036,7.0,77.0,0.9939,3.16,0.52,11.7,1.0,0
6.1,0.24,0.32,9.0,0.031,41.0,134.0,0.99234,3.25,0.26,12.3,1.0,2
5.8,0.2,0.16,1.4,0.042,44.0,99.0,0.98912,3.23,0.37,12.2,1.0,1
7.2,0.6,0.04,2.5,0.076,18.0,88.0,0.99745,3.53,0.55,9.5,0.0,0
6.3,0.4,0.32,10.6,0.049,38.0,209.0,0.9981,3.47,0.59,9.3,1.0,1
7.9,0.34,0.42,2.0,0.086,8.0,19.0,0.99546,3.35,0.6,11.4,0.0,1
7.6,0.27,0.52,3.2,0.043,28.0,152.0,0.99129,3.02,0.53,11.4,1.0,1
6.6,0.21,0.36,0.8,0.034,48.0,113.0,0.99165,3.24,0.68,10.5,1.0,1
11.9,0.38,0.49,2.7,0.098,12.0,42.0,1.0004,3.16,0.61,10.3,0.0,0
6.2,0.28,0.51,7.9,0.056,49.0,206.0,0.9956,3.18,0.52,9.4,1.0,0
7.5,0.34,0.35,6.0,0.034,12.0,126.0,0.9924,3.16,0.39,12.0,1.0,2
6.7,0.3,0.5,12.1,0.045,38.0,127.0,0.9974,3.04,0.53,8.9,1.0,1
5.7,0.16,0.26,6.3,0.043,28.0,113.0,0.9936,3.06,0.58,9.9,1.0,1
8.3,0.15,0.39,1.3,0.055,32.0,146.0,0.993,3.08,0.39,10.5,1.0,1
6.3,0.18,0.24,3.4,0.053,20.0,119.0,0.99373,3.11,0.52,9.2,1.0,1
6.1,0.36,0.16,6.4,0.037,36.0,198.0,0.9944,3.17,0.62,9.9,1.0,1
6.1,0.3,0.56,2.8,0.044,47.0,179.0,0.9924,3.3,0.57,10.9,1.0,2
8.8,0.24,0.54,2.5,0.083,25.0,57.0,0.9983,3.39,0.54,9.2,0.0,0
11.5,0.35,0.49,3.3,0.07,10.0,37.0,1.0003,3.32,0.91,11.0,0.0,1
7.3,0.2,0.44,1.4,0.045,21.0,98.0,0.9924,3.15,0.46,10.0,1.0,2
9.9,0.44,0.46,2.2,0.091,10.0,41.0,0.99638,3.18,0.69,11.9,0.0,1
10.9,0.39,0.47,1.8,0.118,6.0,14.0,0.9982,3.3,0.75,9.8,0.0,1
7.3,0.73,0.24,1.9,0.108,18.0,102.0,0.9967,3.26,0.59,9.3,0.0,0
6.0,0.39,0.13,1.2,0.042,60.0,172.0,0.99114,3.06,0.52,10.6,1.0,0
9.6,0.88,0.28,2.4,0.086,30.0,147.0,0.9979,3.24,0.53,9.4,0.0,0
10.4,0.41,0.55,3.2,0.076,22.0,54.0,0.9996,3.15,0.89,9.9,0.0,1
7.3,0.41,0.24,6.8,0.057,41.0,163.0,0.9949,3.2,0.41,9.9,1.0,1
6.9,0.34,0.49,7.3,0.045,61.0,206.0,0.9957,3.09,0.4,9.0,1.0,1
7.0,0.5,0.25,2.0,0.07,3.0,22.0,0.9963,3.25,0.63,9.2,0.0,0
6.9,0.26,0.33,12.6,0.051,59.0,173.0,0.998,3.39,0.38,9.9,1.0,0
6.2,0.38,0.18,7.4,0.095,28.0,195.0,0.99773,3.53,0.71,9.2,1.0,0
8.2,0.25,0.46,3.75,0.05,14.0,102.0,0.99524,3.28,0.58,9.7,1.0,0
7.1,0.24,0.34,1.2,0.045,6.0,132.0,0.99132,3.16,0.46,11.2,1.0,0
8.6,0.37,0.7,12.15,0.039,21.0,158.0,0.9983,3.0,0.73,9.3,1.0,1
5.4,0.58,0.08,1.9,0.059,20.0,31.0,0.99484,3.5,0.64,10.2,0.0,1
7.1,0.33,0.3,3.3,0.034,30.0,102.0,0.9912,3.08,0.31,12.3,1.0,2
7.9,0.28,0.32,3.6,0.038,9.0,76.0,0.992,3.05,0.31,11.7,1.0,0
6.2,0.23,0.23,1.2,0.018,18.0,128.0,0.99178,3.05,0.28,10.6,1.0,0
6.3,0.28,0.24,8.45,0.031,32.0,172.0,0.9958,3.39,0.57,9.7,1.0,2
8.1,0.2,0.28,0.9,0.023,49.0,87.0,0.99062,2.92,0.36,11.1,1.0,1
6.2,0.36,0.45,10.4,0.06,22.0,184.0,0.99711,3.31,0.56,9.8,1.0,1
6.5,0.53,0.06,2.0,0.063,29.0,44.0,0.99489,3.38,0.83,10.3,0.0,1
8.3,0.34,0.4,2.4,0.065,24.0,48.0,0.99554,3.34,0.86,11.0,0.0,1
6.9,0.45,0.27,4.7,0.035,17.0,80.0,0.99058,3.12,0.36,12.5,1.0,2
8.2,0.42,0.49,2.6,0.084,32.0,55.0,0.9988,3.34,0.75,8.7,0.0,1
7.3,0.38,0.21,2.0,0.08,7.0,35.0,0.9961,3.33,0.47,9.5,0.0,0
7.3,0.34,0.3,1.3,0.057,25.0,173.0,0.9948,3.26,0.51,9.1,1.0,1
7.7,0.34,0.58,11.1,0.039,41.0,151.0,0.9978,3.06,0.49,8.6,1.0,0
6.6,0.28,0.42,8.2,0.044,60.0,196.0,0.99562,3.14,0.48,9.4,1.0,0
7.1,0.23,0.39,1.6,0.032,12.0,65.0,0.9898,3.25,0.4,12.7,1.0,2
7.4,0.4,0.29,5.4,0.044,31.0,122.0,0.994,3.3,0.5,11.1,1.0,2
6.3,0.33,0.2,17.9,0.066,36.0,161.0,0.9991,3.14,0.51,8.8,1.0,0
6.5,0.32,0.12,11.5,0.033,35.0,165.0,0.9974,3.22,0.32,9.0,1.0,0
10.2,0.24,0.49,2.4,0.075,10.0,28.0,0.9978,3.14,0.61,10.4,0.0,0
5.6,0.23,0.25,8.0,0.043,31.0,101.0,0.99429,3.19,0.42,10.4,1.0,1
7.7,0.28,0.58,12.1,0.046,60.0,177.0,0.9983,3.08,0.46,8.9,1.0,0
9.0,0.45,0.49,2.6,0.084,21.0,75.0,0.9987,3.35,0.57,9.7,0.0,0
6.5,0.25,0.27,17.4,0.064,29.0,140.0,0.99776,3.2,0.49,10.1,1.0,1
8.3,0.19,0.49,1.2,0.051,11.0,137.0,0.9918,3.06,0.46,11.0,1.0,1
6.2,0.26,0.37,7.1,0.047,54.0,201.0,0.99523,3.19,0.48,9.5,1.0,1
6.4,0.225,0.48,2.2,0.115,29.0,104.0,0.9918,3.24,0.58,12.1,1.0,1
7.0,0.2,0.74,0.8,0.044,19.0,163.0,0.9931,3.46,0.53,10.2,1.0,0
5.8,0.3,0.33,3.5,0.033,25.0,116.0,0.99057,3.2,0.44,11.7,1.0,1
6.7,0.45,0.3,5.3,0.036,27.0,165.0,0.99122,3.12,0.46,12.2,1.0,1
6.6,0.21,0.29,5.35,0.029,43.0,106.0,0.99112,2.93,0.43,11.5,1.0,2
7.7,0.25,0.3,7.8,0.038,67.0,196.0,0.99555,3.1,0.5,10.1,1.0,0
7.4,0.37,0.35,5.7,0.061,12.0,94.0,0.9965,3.48,0.69,10.7,1.0,1
6.3,0.41,0.22,7.3,0.035,23.0,117.0,0.99172,3.2,0.39,11.94,1.0,2
7.0,0.31,0.29,1.4,0.037,33.0,128.0,0.9896,3.12,0.36,12.2,1.0,2
7.5,0.18,0.31,6.5,0.029,53.0,160.0,0.99276,3.03,0.38,10.9,1.0,1
8.3,0.26,0.42,2.0,0.08,11.0,27.0,0.9974,3.21,0.8,9.4,0.0,1
8.0,0.42,0.32,2.5,0.08,26.0,122.0,0.99801,3.22,1.07,9.7,0.0,0
6.1,0.31,0.58,5.0,0.039,36.0,114.0,0.9909,3.3,0.6,12.3,1.0,2
6.9,0.765,0.02,2.3,0.063,35.0,63.0,0.9975,3.57,0.78,9.9,0.0,0
7.0,0.23,0.26,7.2,0.041,21.0,90.0,0.99509,3.22,0.55,9.5,1.0,1
6.6,0.21,0.34,5.6,0.046,30.0,140.0,0.99299,3.22,0.38,11.0,1.0,0
6.9,0.19,0.38,1.15,0.023,30.0,105.0,0.99047,3.11,0.38,11.4,1.0,0
6.7,0.19,0.32,3.7,0.041,26.0,76.0,0.99173,2.9,0.57,10.5,1.0,2
6.5,0.19,0.26,5.2,0.04,31.0,140.0,0.995,3.26,0.68,9.5,1.0,1
6.4,0.33,0.44,8.9,0.055,52.0,164.0,0.99488,3.1,0.48,9.6,1.0,0
8.6,0.485,0.29,4.1,0.026,19.0,101.0,0.9918,3.01,0.38,12.4,1.0,0
6.3,0.57,0.28,2.1,0.048,13.0,49.0,0.99374,3.41,0.6,12.8,0.0,0
7.2,0.29,0.53,18.15,0.047,59.0,182.0,0.9992,3.09,0.52,9.6,1.0,0
6.8,0.24,0.49,19.3,0.057,55.0,247.0,1.00055,3.0,0.56,8.7,1.0,0
7.0,0.16,0.25,14.3,0.044,27.0,149.0,0.998,2.91,0.46,9.2,1.0,1
6.0,0.5,0.0,1.4,0.057,15.0,26.0,0.99448,3.36,0.45,9.5,0.0,0
7.1,0.31,0.5,14.5,0.059,6.0,148.0,0.9983,2.94,0.44,9.1,1.0,0
7.4,0.16,0.3,1.4,0.064,34.0,166.0,0.99136,3.11,0.42,11.4333333333333,1.0,1
5.7,0.18,0.26,2.2,0.023,21.0,95.0,0.9893,3.07,0.54,12.3,1.0,1
5.5,0.24,0.32,8.7,0.06,19.0,102.0,0.994,3.27,0.31,10.4,1.0,0
8.5,0.25,0.31,2.8,0.032,11.0,61.0,0.99189,3.06,0.44,11.5,1.0,1
7.4,0.105,0.34,12.2,0.05,57.0,146.0,0.9973,3.16,0.37,9.0,1.0,1
7.3,0.23,0.34,9.3,0.052,19.0,86.0,0.99574,3.04,0.56,10.0,1.0,0
7.2,0.21,0.28,2.7,0.033,38.0,94.0,0.99075,2.99,0.43,11.8,1.0,2
6.7,0.16,0.32,12.5,0.035,18.0,156.0,0.99666,2.88,0.36,9.0,1.0,1
7.1,0.59,0.0,2.2,0.078,26.0,44.0,0.99522,3.42,0.68,10.8,0.0,1
6.2,0.27,0.32,8.8,0.047,65.0,224.0,0.9961,3.17,0.47,8.9,1.0,0
7.1,0.2,0.3,0.9,0.019,4.0,28.0,0.98931,3.2,0.36,12.0,1.0,1
6.1,0.35,0.07,1.4,0.069,22.0,108.0,0.9934,3.23,0.52,9.2,1.0,0
7.0,0.54,0.0,2.1,0.079,39.0,55.0,0.9956,3.39,0.84,11.4,0.0,1
7.0,0.24,0.32,1.3,0.037,39.0,123.0,0.992,3.17,0.42,11.2,1.0,2
7.0,0.44,0.24,12.1,0.056,68.0,210.0,0.99718,3.05,0.5,9.5,1.0,0
7.6,0.2,0.3,14.2,0.056,53.0,212.5,0.999,3.14,0.46,8.9,1.0,2
7.4,0.18,0.24,1.4,0.047,21.0,106.0,0.99383,3.52,0.64,10.5,1.0,2
6.1,0.15,0.35,15.8,0.042,55.0,158.0,0.99642,3.24,0.37,10.6,1.0,0
7.6,0.27,0.3,9.2,0.018,23.0,96.0,0.9938,3.08,0.29,11.0,1.0,1
7.0,0.28,0.33,14.6,0.043,47.0,168.0,0.9994,3.34,0.67,8.8,1.0,1
6.8,0.59,0.1,1.7,0.063,34.0,53.0,0.9958,3.41,0.67,9.7,0.0,0
10.4,0.38,0.46,2.1,0.104,6.0,10.0,0.99664,3.12,0.65,11.8,0.0,2
7.5,0.31,0.51,14.8,0.039,62.0,204.0,0.9982,3.06,0.6,9.5,1.0,0
7.2,0.21,0.37,1.6,0.049,23.0,94.0,0.9924,3.16,0.48,10.9,1.0,2
6.2,0.25,0.28,8.5,0.035,28.0,108.0,0.99486,3.4,0.42,10.4,1.0,1
6.2,0.32,0.12,4.8,0.054,6.0,97.0,0.99424,3.16,0.5,9.3,1.0,0
7.5,0.58,0.14,2.2,0.077,27.0,60.0,0.9963,3.28,0.59,9.8,0.0,0
6.3,0.13,0.42,1.1,0.043,63.0,146.0,0.99066,3.13,0.72,11.2,1.0,2
11.1,0.42,0.47,2.65,0.085,9.0,34.0,0.99736,3.24,0.77,12.1,0.0,2
6.7,0.2,0.3,1.4,0.025,17.0,76.0,0.99104,3.11,0.44,11.0,1.0,1
12.3,0.5,0.49,2.2,0.089,5.0,14.0,1.0002,3.19,0.44,9.6,0.0,0
7.0,0.43,0.36,1.6,0.089,14.0,37.0,0.99615,3.34,0.56,9.2,0.0,1
6.0,0.28,0.27,2.3,0.051,23.0,147.0,0.994,3.23,0.67,10.3,1.0,1
7.0,0.31,0.26,7.4,0.069,28.0,160.0,0.9954,3.13,0.46,9.8,1.0,1
7.3,0.28,0.36,12.7,0.04,38.0,140.0,0.998,3.3,0.79,9.6,1.0,1
6.6,0.46,0.49,7.4,0.052,19.0,184.0,0.9956,3.11,0.38,9.0,1.0,0
6.3,0.16,0.22,1.3,0.046,18.0,66.0,0.99307,3.61,0.55,10.3,1.0,1
9.2,0.58,0.2,3.0,0.081,15.0,115.0,0.998,3.23,0.59,9.5,0.0,0
10.4,0.28,0.54,2.7,0.105,5.0,19.0,0.9988,3.25,0.63,9.5,0.0,0
6.7,0.18,0.28,10.2,0.039,29.0,115.0,0.99469,3.11,0.45,10.9,1.0,2
7.0,0.32,0.29,7.6,0.025,35.0,124.0,0.99162,3.15,0.65,12.8,1.0,2
5.1,0.33,0.22,1.6,0.027,18.0,89.0,0.9893,3.51,0.38,12.5,1.0,2
7.8,0.53,0.04,1.7,0.076,17.0,31.0,0.9964,3.33,0.56,10.0,0.0,1
7.6,0.17,0.36,4.5,0.042,26.0,102.0,0.99427,3.09,0.47,9.5,1.0,0
7.5,0.18,0.72,9.6,0.039,53.0,151.0,0.99802,3.03,0.46,8.9,1.0,0
5.2,0.2,0.27,3.2,0.047,16.0,93.0,0.99235,3.44,0.53,10.1,1.0,2
8.0,0.27,0.57,10.4,0.053,18.0,134.0,0.99732,3.12,0.68,9.0,1.0,0
11.5,0.31,0.51,2.2,0.079,14.0,28.0,0.9982,3.03,0.93,9.8,0.0,1
8.8,0.31,0.4,2.8,0.109,7.0,16.0,0.99614,3.31,0.79,11.8,0.0,2
7.6,0.43,0.31,2.1,0.069,13.0,74.0,0.9958,3.26,0.54,9.9,0.0,1
6.9,0.23,0.34,2.7,0.032,24.0,121.0,0.9902,3.14,0.38,12.4,1.0,2
7.0,0.24,0.3,6.7,0.039,37.0,125.0,0.99436,3.2,0.39,9.9,1.0,0
10.6,0.31,0.49,2.5,0.067,6.0,21.0,0.9987,3.26,0.86,10.7,0.0,1
5.6,0.41,0.22,7.1,0.05,44.0,154.0,0.9931,3.3,0.4,10.5,1.0,0
5.8,0.28,0.3,3.9,0.026,36.0,105.0,0.98963,3.26,0.58,12.75,1.0,1
6.2,0.22,0.3,12.4,0.054,108.0,152.0,0.99728,3.1,0.47,9.5,1.0,1
6.9,0.19,0.39,8.0,0.028,22.0,84.0,0.994,3.11,0.66,10.8,1.0,1
5.9,0.32,0.28,4.7,0.039,34.0,94.0,0.98964,3.22,0.57,13.1,1.0,2
6.5,0.18,0.29,1.7,0.035,39.0,144.0,0.9927,3.49,0.5,10.5,1.0,1
7.0,0.19,0.23,5.7,0.123,27.0,104.0,0.9954,3.04,0.54,9.4,1.0,1
6.9,0.4,0.56,11.2,0.043,40.0,142.0,0.9975,3.14,0.46,8.7,1.0,0
6.6,0.32,0.34,7.7,0.044,63.0,212.0,0.99526,3.22,0.48,9.7,1.0,1
6.8,0.31,0.3,8.0,0.028,33.0,122.0,0.99164,3.13,0.63,12.6,1.0,2
6.4,0.17,0.27,6.7,0.036,88.0,223.0,0.9948,3.28,0.35,10.2,1.0,1
6.9,0.28,0.4,8.2,0.036,15.0,95.0,0.9944,3.17,0.33,10.2,1.0,0
8.0,0.26,0.36,2.0,0.054,30.0,121.0,0.992,3.09,0.72,11.6,1.0,2
8.5,0.21,0.26,9.25,0.034,73.0,142.0,0.9945,3.05,0.37,11.4,1.0,1
5.9,0.28,0.34,3.6,0.04,50.0,194.0,0.9912,3.31,0.52,11.6,1.0,1
9.9,0.54,0.45,2.3,0.071,16.0,40.0,0.9991,3.39,0.62,9.4,0.0,0
7.0,0.15,0.3,13.3,0.049,46.0,120.0,0.99704,3.2,0.36,9.5,1.0,2
9.6,0.5,0.36,2.8,0.116,26.0,55.0,0.99722,3.18,0.68,10.9,0.0,0
7.4,0.32,0.22,1.7,0.051,50.0,179.0,0.9955,3.28,0.69,8.9,1.0,0
6.0,0.14,0.37,1.2,0.032,63.0,148.0,0.99185,3.32,0.44,11.2,1.0,0
9.5,0.885,0.27,2.3,0.084,31.0,145.0,0.9978,3.24,0.53,9.4,0.0,0
6.6,0.545,0.04,2.5,0.031,48.0,111.0,0.9906,3.14,0.32,11.9,1.0,0
7.5,0.24,0.31,13.1,0.05,26.0,180.0,0.99884,3.05,0.53,9.1,1.0,1
8.6,0.485,0.29,4.1,0.026,19.0,101.0,0.9918,3.01,0.38,12.4,1.0,0
6.1,0.21,0.19,1.4,0.046,51.0,131.0,0.99184,3.22,0.39,10.5,1.0,0
6.2,0.47,0.21,1.0,0.044,13.0,98.0,0.99345,3.14,0.46,9.2,1.0,0
6.4,0.25,0.32,0.9,0.034,40.0,114.0,0.99114,3.31,0.58,10.8,1.0,2
6.7,0.29,0.49,4.7,0.034,35.0,156.0,0.9945,3.13,0.45,9.9,1.0,1
5.6,0.23,0.29,3.1,0.023,19.0,89.0,0.99068,3.25,0.51,11.2,1.0,1
6.8,0.23,0.32,1.6,0.026,43.0,147.0,0.9904,3.29,0.54,12.5,1.0,1
6.8,0.22,0.31,6.3,0.035,33.0,170.0,0.9918,3.24,0.66,12.6,1.0,1
6.1,0.36,0.33,1.1,0.05,24.0,169.0,0.9927,3.15,0.78,9.5,1.0,1
8.7,0.78,0.51,1.7,0.415,12.0,66.0,0.99623,3.0,1.17,9.2,0.0,0
7.4,0.27,0.26,11.8,0.053,55.0,173.0,0.99699,3.11,0.6,9.8,1.0,0
8.4,0.36,0.32,2.2,0.081,32.0,79.0,0.9964,3.3,0.72,11.0,0.0,1
7.4,0.38,0.34,8.3,0.052,44.0,168.0,0.99627,3.11,0.52,9.2,1.0,0
7.5,0.55,0.24,2.0,0.078,10.0,28.0,0.9983,3.45,0.78,9.5,0.0,1
7.2,0.38,0.31,2.0,0.056,15.0,29.0,0.99472,3.23,0.76,11.3,0.0,2
8.9,0.33,0.32,1.5,0.047,11.0,200.0,0.9954,3.19,0.46,9.4,1.0,0
7.7,0.16,0.41,1.7,0.048,60.0,173.0,0.9932,3.24,0.66,11.2,1.0,2
8.3,0.2,0.35,0.9,0.05,12.0,74.0,0.992,3.13,0.38,10.5,1.0,1
5.7,0.26,0.27,4.1,0.201,73.5,189.5,0.9942,3.27,0.38,9.4,1.0,1
7.1,0.31,0.47,13.6,0.056,54.0,197.0,0.9978,3.1,0.49,9.3,1.0,0
5.4,0.3,0.3,1.2,0.029,25.0,93.0,0.98742,3.31,0.4,13.6,1.0,2
6.6,0.38,0.18,1.2,0.042,20.0,84.0,0.9927,3.22,0.45,10.1,1.0,0
6.5,0.28,0.33,15.7,0.053,51.0,190.0,0.9978,3.22,0.51,9.7,1.0,1
6.6,0.285,0.49,11.4,0.035,57.0,137.0,0.99732,3.08,0.54,8.9,1.0,1
6.6,0.24,0.27,1.4,0.057,33.0,152.0,0.9934,3.22,0.56,9.5,1.0,1
10.1,0.38,0.5,2.4,0.104,6.0,13.0,0.99643,3.22,0.65,11.6,0.0,2
6.0,0.24,0.41,1.3,0.036,42.0,118.0,0.99018,3.04,0.64,11.75,1.0,1
5.7,0.335,0.34,1.0,0.04,13.0,174.0,0.992,3.27,0.66,10.0,1.0,0
6.4,0.2,0.22,7.4,0.032,53.0,172.0,0.99404,3.24,0.58,11.0,1.0,1
7.2,0.27,0.28,15.2,0.046,6.0,41.0,0.99665,3.17,0.39,10.9,1.0,1
5.6,0.255,0.57,10.7,0.056,66.0,171.0,0.99464,3.25,0.61,10.4,1.0,2
6.2,0.23,0.38,1.6,0.044,12.0,113.0,0.99176,3.3,0.73,11.4,1.0,0
6.7,0.28,0.28,2.4,0.012,36.0,100.0,0.99064,3.26,0.39,11.7,0.0,2
5.8,0.33,0.2,16.05,0.047,26.0,166.0,0.9976,3.09,0.46,8.9,1.0,0
13.2,0.46,0.52,2.2,0.071,12.0,35.0,1.0006,3.1,0.56,9.0,0.0,1
7.4,0.24,0.22,10.7,0.042,26.0,81.0,0.9954,2.86,0.36,9.7,1.0,1
8.1,0.2,0.28,0.9,0.023,49.0,87.0,0.99062,2.92,0.36,11.1,1.0,1
6.7,0.34,0.54,16.3,0.047,44.0,181.0,0.9987,3.04,0.56,8.8,1.0,0
6.5,0.29,0.52,7.9,0.049,35.0,192.0,0.99551,3.16,0.51,9.5,1.0,1
6.1,0.715,0.1,2.6,0.053,13.0,27.0,0.99362,3.57,0.5,11.9,0.0,0
7.1,0.37,0.3,6.2,0.04,49.0,139.0,0.99021,3.17,0.27,13.6,1.0,1
11.5,0.59,0.59,2.6,0.087,13.0,49.0,0.9988,3.18,0.65,11.0,0.0,1
7.3,0.28,0.36,12.7,0.04,38.0,140.0,0.998,3.3,0.79,9.6,1.0,1
9.3,0.33,0.45,1.5,0.057,19.0,37.0,0.99498,3.18,0.89,11.1,0.0,2
7.2,0.32,0.47,5.1,0.044,19.0,65.0,0.991,3.03,0.41,12.6,1.0,0
6.9,0.54,0.26,12.7,0.049,59.0,195.0,0.99596,3.26,0.54,10.5,1.0,1
8.7,0.63,0.28,2.7,0.096,17.0,69.0,0.99734,3.26,0.63,10.2,0.0,1
7.0,0.39,0.21,10.7,0.098,13.0,91.0,0.99657,3.03,0.47,9.3,1.0,0
6.3,0.35,0.26,17.6,0.061,59.0,198.0,0.99918,3.11,0.49,8.8,1.0,0
6.4,0.3,0.27,4.4,0.055,17.0,135.0,0.9925,3.23,0.44,12.2,1.0,1
6.8,0.52,0.32,13.2,0.044,54.0,221.0,0.9972,3.27,0.5,9.6,1.0,1
6.5,0.13,0.27,2.6,0.035,32.0,76.0,0.9914,3.21,0.76,11.3333333333333,1.0,1
7.0,0.5,0.14,1.8,0.078,10.0,23.0,0.99636,3.53,0.61,10.4,0.0,0
6.5,0.29,0.42,10.6,0.042,66.0,202.0,0.99674,3.24,0.53,9.5,1.0,1
10.4,0.26,0.48,1.9,0.066,6.0,10.0,0.99724,3.33,0.87,10.9,0.0,1
6.7,0.46,0.24,1.7,0.077,18.0,34.0,0.9948,3.39,0.6,10.6,0.0,1
5.6,0.295,0.2,2.2,0.049,18.0,134.0,0.99378,3.21,0.68,10.0,1.0,0
9.6,0.68,0.24,2.2,0.087,5.0,28.0,0.9988,3.14,0.6,10.2,0.0,0
7.3,0.27,0.39,6.7,0.064,28.0,188.0,0.9958,3.29,0.3,9.7,1.0,0
6.3,0.32,0.32,1.5,0.03,24.0,101.0,0.98923,3.21,0.42,13.0,1.0,0
6.2,0.16,0.33,1.1,0.057,21.0,82.0,0.991,3.32,0.46,10.9,1.0,2
6.2,0.21,0.52,6.5,0.047,28.0,123.0,0.99418,3.22,0.49,9.9,1.0,1
6.8,0.24,0.29,2.0,0.044,15.0,96.0,0.99232,3.23,0.64,10.4,1.0,2
6.1,0.36,0.58,15.0,0.044,42.0,115.0,0.9978,3.15,0.51,9.0,1.0,0
7.2,0.36,0.46,2.1,0.074,24.0,44.0,0.99534,3.4,0.85,11.0,0.0,2
7.4,0.4,0.41,14.1,0.053,37.0,194.0,0.99886,3.2,0.63,9.4,1.0,1
7.2,0.73,0.02,2.5,0.076,16.0,42.0,0.9972,3.44,0.52,9.3,0.0,0
7.7,0.75,0.27,3.8,0.11,34.0,89.0,0.99664,3.24,0.45,9.3,0.0,0
9.0,0.69,0.0,2.4,0.088,19.0,38.0,0.999,3.35,0.6,9.3,0.0,0
6.3,0.24,0.29,13.7,0.035,53.0,134.0,0.99567,3.17,0.38,10.6,1.0,1
6.4,0.22,0.32,4.9,0.046,50.0,156.0,0.99316,3.38,0.55,11.2,1.0,1
6.6,0.56,0.15,10.0,0.037,38.0,157.0,0.99642,3.28,0.52,9.4,1.0,0
6.6,0.23,0.32,1.5,0.041,8.0,72.0,0.98949,3.22,0.39,12.7,1.0,1
6.9,0.51,0.23,2.0,0.072,13.0,22.0,0.99438,3.4,0.84,11.2,0.0,1
6.2,0.3,0.32,1.7,0.032,30.0,130.0,0.9911,3.28,0.41,11.2,1.0,2
7.3,0.4,0.3,1.7,0.08,33.0,79.0,0.9969,3.41,0.65,9.5,0.0,1
5.6,0.66,0.0,2.2,0.087,3.0,11.0,0.99378,3.71,0.63,12.8,0.0,2
6.0,0.5,0.0,1.4,0.057,15.0,26.0,0.99448,3.36,0.45,9.5,0.0,0
9.5,0.46,0.49,6.3,0.064,5.0,17.0,0.9988,3.21,0.73,11.0,0.0,1
8.6,0.52,0.38,1.5,0.096,5.0,18.0,0.99666,3.2,0.52,9.4,0.0,0
7.4,0.36,0.34,1.8,0.075,18.0,38.0,0.9933,3.38,0.88,13.6,0.0,2
6.9,0.19,0.31,19.25,0.043,38.0,167.0,0.99954,2.93,0.52,9.1,1.0,2
7.6,0.18,0.28,7.1,0.041,29.0,110.0,0.99652,3.2,0.42,9.2,1.0,1
6.8,0.29,0.16,1.4,0.038,122.5,234.5,0.9922,3.15,0.47,10.0,1.0,0
6.5,0.26,0.39,1.4,0.02,12.0,66.0,0.99089,3.25,0.75,11.3,1.0,2
6.4,0.33,0.24,1.6,0.054,25.0,117.0,0.9943,3.36,0.5,9.3,1.0,0
5.6,0.2,0.66,10.2,0.043,78.0,175.0,0.9945,2.98,0.43,10.4,1.0,2
6.9,0.32,0.16,1.4,0.051,15.0,96.0,0.994,3.22,0.38,9.5,1.0,0
7.3,0.39,0.31,2.4,0.074,9.0,46.0,0.9962,3.41,0.54,9.4,0.0,1
6.6,0.27,0.49,7.8,0.049,62.0,217.0,0.9959,3.17,0.45,9.4,1.0,1
7.3,0.25,0.29,7.5,0.049,38.0,158.0,0.9965,3.43,0.38,9.6,1.0,0
6.6,0.18,0.35,1.5,0.049,49.0,141.0,0.9934,3.43,0.85,10.2,1.0,2
7.8,0.28,0.31,2.1,0.046,28.0,208.0,0.99434,3.23,0.64,9.8,1.0,0
6.8,0.19,0.4,9.85,0.055,41.0,103.0,0.99532,2.98,0.56,10.5,1.0,1
5.8,0.36,0.5,1.0,0.127,63.0,178.0,0.99212,3.1,0.45,9.7,1.0,0
8.7,0.31,0.73,14.35,0.044,27.0,191.0,1.00013,2.96,0.88,8.7,1.0,0
9.7,0.24,0.45,1.2,0.033,11.0,59.0,0.9926,2.74,0.47,10.8,1.0,1
6.0,0.22,0.23,5.0,0.045,10.0,122.0,0.99261,2.94,0.63,10.0,1.0,1
7.3,0.32,0.35,1.4,0.05,8.0,163.0,0.99244,3.24,0.42,10.7,1.0,0
8.6,0.37,0.65,6.4,0.08,3.0,8.0,0.99817,3.27,0.58,11.0,0.0,0
7.8,0.25,0.37,1.0,0.043,10.0,80.0,0.99128,3.08,0.38,11.4,1.0,0
6.2,0.29,0.29,5.6,0.046,35.0,178.0,0.99313,3.25,0.51,10.5333333333333,1.0,0
6.7,0.31,0.3,2.4,0.038,30.0,83.0,0.98867,3.09,0.36,12.8,1.0,2
6.4,0.24,0.23,7.3,0.069,31.0,157.0,0.9962,3.25,0.53,9.1,1.0,0
8.1,0.22,0.28,7.7,0.043,57.0,176.0,0.9954,3.12,0.55,10.0,1.0,0
6.8,0.22,0.31,6.9,0.037,33.0,121.0,0.99176,3.02,0.39,11.9,1.0,2
7.9,0.37,0.31,2.85,0.037,5.0,24.0,0.9911,3.19,0.36,11.9,1.0,1
6.2,0.39,0.24,4.8,0.037,45.0,138.0,0.99174,3.23,0.43,11.2,1.0,2
6.2,0.34,0.29,7.6,0.047,45.0,232.0,0.9955,3.35,0.62,10.0,1.0,1
6.4,0.28,0.36,1.3,0.053,28.0,186.0,0.99211,3.31,0.45,10.8,1.0,0
6.2,0.2,0.28,1.1,0.039,24.0,78.0,0.9899,3.36,0.47,12.1,1.0,1
6.2,0.32,0.5,6.5,0.048,61.0,186.0,0.9948,3.19,0.45,9.6,1.0,0
9.6,0.33,0.52,2.2,0.074,13.0,25.0,0.99509,3.36,0.76,12.4,0.0,2
10.3,0.27,0.56,1.4,0.047,3.0,8.0,0.99471,3.16,0.51,11.8,0.0,1
7.7,0.705,0.1,2.6,0.084,9.0,26.0,0.9976,3.39,0.49,9.7,0.0,0
6.4,0.29,0.44,3.6,0.197,75.0,183.0,0.9942,3.01,0.38,9.1,1.0,0
6.9,0.56,0.26,10.9,0.06,55.0,193.0,0.9969,3.21,0.44,9.4,1.0,0
6.0,0.16,0.37,1.5,0.025,43.0,117.0,0.9928,3.46,0.51,9.7,1.0,1
7.1,0.26,0.34,14.4,0.067,35.0,189.0,0.9986,3.07,0.53,9.1,1.0,2
7.7,0.34,0.58,11.1,0.039,41.0,151.0,0.9978,3.06,0.49,8.6,1.0,0
6.7,0.22,0.33,1.2,0.036,36.0,86.0,0.99058,3.1,0.76,11.4,1.0,1
6.9,0.23,0.38,8.3,0.047,47.0,162.0,0.9954,3.34,0.52,10.5,1.0,2
5.9,0.29,0.16,7.9,0.044,48.0,197.0,0.99512,3.21,0.36,9.4,1.0,0
6.2,0.65,0.06,1.6,0.05,6.0,18.0,0.99348,3.57,0.54,11.95,0.0,0
7.1,0.26,0.3,2.0,0.031,13.0,128.0,0.9917,3.19,0.49,11.4,1.0,0
6.6,0.18,0.28,1.7,0.041,53.0,161.0,0.99207,3.13,0.45,10.2,1.0,1
6.7,0.16,0.37,1.3,0.036,45.0,125.0,0.98964,3.19,0.51,12.4,1.0,2
8.9,0.59,0.5,2.0,0.337,27.0,81.0,0.9964,3.04,1.61,9.5,0.0,1
7.5,0.71,0.0,1.6,0.092,22.0,31.0,0.99635,3.38,0.58,10.0,0.0,1
6.9,0.19,0.33,1.6,0.043,63.0,149.0,0.9925,3.44,0.52,10.8,1.0,0
6.4,0.32,0.35,4.8,0.03,34.0,101.0,0.9912,3.36,0.6,12.5,1.0,2
6.4,0.31,0.27,7.4,0.049,48.0,169.0,0.99323,3.27,0.45,11.1,1.0,1
6.3,0.28,0.34,8.1,0.038,44.0,129.0,0.99248,3.26,0.29,12.1,1.0,1
8.0,0.5,0.39,2.6,0.082,12.0,46.0,0.9985,3.43,0.62,10.7,0.0,1
7.2,0.22,0.24,1.4,0.041,17.0,159.0,0.99196,3.25,0.53,11.2,1.0,1
7.4,0.41,0.66,10.8,0.051,77.0,194.0,0.9976,3.05,0.46,8.7,1.0,0
7.0,0.65,0.02,2.1,0.066,8.0,25.0,0.9972,3.47,0.67,9.5,0.0,1
6.5,0.58,0.0,2.2,0.096,3.0,13.0,0.99557,3.62,0.62,11.5,0.0,0
7.2,0.25,0.28,14.4,0.055,55.0,205.0,0.9986,3.12,0.38,9.0,1.0,2
6.9,0.28,0.31,7.2,0.04,47.0,168.0,0.9946,3.29,0.57,10.6,1.0,2
9.2,0.31,0.36,2.2,0.079,11.0,31.0,0.99615,3.33,0.86,12.0,0.0,2
8.0,0.22,0.31,5.6,0.049,24.0,97.0,0.993,3.1,0.42,10.9,1.0,0
6.6,0.23,0.24,3.9,0.045,36.0,138.0,0.9922,3.15,0.64,11.3,1.0,2
6.4,0.25,0.32,5.5,0.049,41.0,176.0,0.995,3.19,0.68,9.2,1.0,1
6.7,0.24,0.36,8.4,0.042,42.0,123.0,0.99473,3.34,0.52,10.9,1.0,1
8.8,0.17,0.38,1.8,0.04,39.0,148.0,0.9942,3.16,0.67,10.2,1.0,1
8.0,0.3,0.49,9.4,0.046,47.0,188.0,0.9964,3.14,0.48,10.0,1.0,0
7.3,0.36,0.34,14.8,0.057,46.0,173.0,0.99751,3.14,0.57,10.2,1.0,0
6.5,0.48,0.02,0.9,0.043,32.0,99.0,0.99226,3.14,0.47,9.8,1.0,0
7.7,0.3,0.42,14.3,0.045,45.0,213.0,0.9991,3.18,0.63,9.2,1.0,0
6.0,0.19,0.26,12.4,0.048,50.0,147.0,0.9972,3.3,0.36,8.9,1.0,1
7.3,0.91,0.1,1.8,0.074,20.0,56.0,0.99672,3.35,0.56,9.2,0.0,0
8.1,0.2,0.3,1.3,0.036,7.0,49.0,0.99242,2.99,0.73,10.3,1.0,0
7.3,0.34,0.21,3.2,0.05,14.0,136.0,0.9936,3.25,0.44,10.2,1.0,0
7.5,0.26,0.3,4.6,0.027,29.0,92.0,0.99085,3.15,0.38,12.0,1.0,2
5.7,0.4,0.35,5.1,0.026,17.0,113.0,0.99052,3.18,0.67,12.4,1.0,1
8.6,0.47,0.3,3.0,0.076,30.0,135.0,0.9976,3.3,0.53,9.4,0.0,0
7.3,0.24,0.34,7.5,0.048,29.0,152.0,0.9962,3.1,0.54,9.0,1.0,0
5.9,0.25,0.25,11.3,0.052,30.0,165.0,0.997,3.24,0.44,9.5,1.0,1
6.15,0.21,0.37,3.2,0.021,20.0,80.0,0.99076,3.39,0.47,12.0,1.0,0
6.0,0.24,0.33,2.5,0.026,31.0,85.0,0.99014,3.13,0.5,11.3,1.0,2
6.8,0.705,0.25,3.2,0.048,10.0,57.0,0.996,3.36,0.52,9.5,1.0,0
10.0,0.32,0.59,2.2,0.077,3.0,15.0,0.9994,3.2,0.78,9.6,0.0,0
7.6,0.31,0.34,2.5,0.082,26.0,35.0,0.99356,3.22,0.59,12.5,0.0,2
6.7,0.21,0.42,9.1,0.049,31.0,150.0,0.9953,3.12,0.74,9.9,1.0,2
6.2,0.33,0.29,1.3,0.042,26.0,138.0,0.9956,3.77,0.64,9.5,1.0,0
6.0,0.17,0.49,1.0,0.034,26.0,106.0,0.992,3.21,0.42,9.8,1.0,1
5.5,0.29,0.3,1.1,0.022,20.0,110.0,0.98869,3.34,0.38,12.8,1.0,2
7.4,0.24,0.42,14.0,0.066,48.0,198.0,0.9979,2.89,0.42,8.9,1.0,1
6.2,0.16,0.32,1.1,0.036,74.0,184.0,0.99096,3.22,0.41,11.0,1.0,1
7.9,0.16,0.3,7.4,0.05,58.0,152.0,0.99612,3.12,0.37,9.5,1.0,1
7.4,0.34,0.3,14.9,0.037,70.0,169.0,0.99698,3.25,0.37,10.4,1.0,1
7.8,0.64,0.0,1.9,0.072,27.0,55.0,0.9962,3.31,0.63,11.0,0.0,0
7.2,0.19,0.31,6.3,0.034,17.0,103.0,0.99305,3.15,0.52,11.4,1.0,2
7.7,0.32,0.62,10.6,0.036,56.0,153.0,0.9978,3.13,0.44,8.9,1.0,1
6.6,0.36,0.52,11.3,0.046,8.0,110.0,0.9966,3.07,0.46,9.4,1.0,0
7.2,0.34,0.3,8.4,0.051,40.0,167.0,0.99756,3.48,0.62,9.7,1.0,0
9.1,0.21,0.37,1.6,0.067,6.0,10.0,0.99552,3.23,0.58,11.1,0.0,2
6.8,0.3,0.26,20.3,0.037,45.0,150.0,0.99727,3.04,0.38,12.3,1.0,1
6.7,0.24,0.37,11.3,0.043,64.0,173.0,0.99632,3.08,0.53,9.9,1.0,1
6.8,0.81,0.05,2.0,0.07,6.0,14.0,0.99562,3.51,0.66,10.8,0.0,1
6.4,0.15,0.25,7.8,0.05,13.0,68.0,0.99394,3.16,0.4,9.9,1.0,1
8.3,0.41,0.51,2.0,0.046,11.0,207.0,0.993,3.02,0.55,11.4,1.0,0
8.6,0.53,0.22,2.0,0.1,7.0,27.0,0.9967,3.2,0.56,10.2,0.0,1
7.1,0.29,0.3,16.0,0.036,58.0,201.0,0.99954,3.3,0.67,9.0,1.0,0
7.0,0.42,0.19,2.3,0.071,18.0,36.0,0.99476,3.39,0.56,10.9,0.0,0
6.2,0.35,0.29,3.9,0.041,22.0,79.0,0.99005,3.1,0.59,12.0666666666667,1.0,1
7.1,0.22,0.33,2.8,0.033,48.0,153.0,0.9899,3.15,0.38,12.7,1.0,2
6.8,0.21,0.27,18.15,0.042,41.0,146.0,1.0001,3.3,0.36,8.7,1.0,0
5.9,0.5,0.05,2.6,0.054,36.0,146.0,0.9948,3.43,0.5,9.2,1.0,1
6.6,0.31,0.49,7.7,0.05,52.0,220.0,0.9964,3.12,0.45,8.8,1.0,0
8.6,0.45,0.31,2.6,0.086,21.0,50.0,0.9982,3.37,0.91,9.9,0.0,1
6.6,0.25,0.3,1.6,0.046,32.0,134.0,0.993,3.42,0.51,10.1,1.0,2
8.5,0.28,0.35,1.7,0.061,6.0,15.0,0.99524,3.3,0.74,11.8,0.0,2
6.7,0.34,0.31,16.4,0.051,20.0,146.0,0.99834,3.06,0.54,9.1,1.0,0
7.0,0.29,0.49,3.8,0.047,37.0,136.0,0.9938,2.95,0.4,9.4,1.0,1
8.0,0.25,0.27,9.7,0.036,15.0,85.0,0.99406,2.99,0.36,11.2,1.0,1
7.0,0.19,0.23,5.7,0.123,27.0,104.0,0.9954,3.04,0.54,9.4,1.0,1
8.4,0.35,0.71,12.2,0.046,22.0,160.0,0.9982,2.98,0.65,9.4,1.0,0
8.3,0.28,0.4,7.8,0.041,38.0,194.0,0.9976,3.34,0.51,9.6,1.0,1
8.3,0.33,0.42,2.3,0.07,9.0,20.0,0.99426,3.38,0.77,12.7,0.0,2
7.3,0.25,0.42,14.2,0.041,57.0,182.0,0.9996,3.29,0.75,9.1,1.0,2
7.9,0.43,0.21,1.6,0.106,10.0,37.0,0.9966,3.17,0.91,9.5,0.0,0
6.8,0.32,0.21,2.2,0.044,15.0,68.0,0.9932,3.17,0.39,9.4,1.0,1
6.8,0.2,0.59,0.9,0.147,38.0,132.0,0.993,3.05,0.38,9.1,1.0,1
7.0,0.64,0.02,2.1,0.067,9.0,23.0,0.997,3.47,0.67,9.4,0.0,1
7.1,0.26,0.37,5.5,0.025,31.0,105.0,0.99082,3.06,0.33,12.6,1.0,2
7.2,0.25,0.32,1.5,0.047,27.0,132.0,0.9933,3.26,0.44,10.5,1.0,0
8.2,0.885,0.2,1.4,0.086,7.0,31.0,0.9946,3.11,0.46,10.0,0.0,0
6.2,0.21,0.18,11.6,0.044,61.0,155.0,0.99655,3.14,0.52,9.4,1.0,1
7.3,0.24,0.29,1.2,0.037,37.0,97.0,0.9926,3.19,0.7,10.1,1.0,1
7.8,0.29,0.33,8.75,0.035,33.0,181.0,0.9962,3.11,0.46,10.7,1.0,0
6.4,0.24,0.31,2.8,0.038,41.0,114.0,0.99155,3.37,0.66,11.7,1.0,2
9.2,0.43,0.52,2.3,0.083,14.0,23.0,0.9976,3.35,0.61,11.3,0.0,1
11.1,0.31,0.53,2.2,0.06,3.0,10.0,0.99572,3.02,0.83,10.9,0.0,2
7.7,0.49,0.26,1.9,0.062,9.0,31.0,0.9966,3.39,0.64,9.6,0.0,0
7.4,0.41,0.24,1.8,0.066,18.0,47.0,0.9956,3.37,0.62,10.4,0.0,0
6.8,0.68,0.21,2.1,0.07,9.0,23.0,0.99546,3.38,0.6,10.3,0.0,0
7.4,0.45,0.32,7.1,0.044,17.0,117.0,0.9962,3.32,0.41,10.4,1.0,0
7.4,0.19,0.31,14.5,0.045,39.0,193.0,0.9986,3.1,0.5,9.2,1.0,1
7.6,0.52,0.12,3.0,0.067,12.0,53.0,0.9971,3.36,0.57,9.1,0.0,0
6.8,0.23,0.29,12.2,0.035,38.0,236.0,0.9976,3.35,0.52,9.8,1.0,1
11.0,0.26,0.68,2.55,0.085,10.0,25.0,0.997,3.18,0.61,11.8,0.0,0
11.6,0.44,0.64,2.1,0.059,5.0,15.0,0.998,3.21,0.67,10.2,0.0,1
7.7,0.28,0.39,8.9,0.036,8.0,117.0,0.9935,3.06,0.38,12.0,1.0,2
6.2,0.23,0.35,0.7,0.051,24.0,111.0,0.9916,3.37,0.43,11.0,1.0,0
7.2,0.16,0.35,1.2,0.031,27.0,84.0,0.9928,3.33,0.34,9.9,1.0,0
6.3,0.27,0.18,7.7,0.048,45.0,186.0,0.9962,3.23,0.47,9.0,1.0,0
7.0,0.12,0.29,10.3,0.039,41.0,98.0,0.99564,3.19,0.38,9.8,1.0,2
9.2,0.15,0.68,1.6,0.046,22.0,130.0,0.9948,3.02,0.45,10.4,1.0,1
5.1,0.39,0.21,1.7,0.027,15.0,72.0,0.9894,3.5,0.45,12.5,1.0,1
8.0,0.77,0.32,2.1,0.079,16.0,74.0,0.99656,3.27,0.5,9.8,0.0,1
8.2,1.0,0.09,2.3,0.065,7.0,37.0,0.99685,3.32,0.55,9.0,0.0,1
6.5,0.29,0.31,1.7,0.035,24.0,79.0,0.99053,3.27,0.69,11.4,1.0,2
11.9,0.58,0.58,1.9,0.071,5.0,18.0,0.998,3.09,0.63,10.0,0.0,1
7.3,0.19,0.27,13.9,0.057,45.0,155.0,0.99807,2.94,0.41,8.8,1.0,2
7.1,0.26,0.34,14.4,0.067,35.0,189.0,0.9986,3.07,0.53,9.1,1.0,2
5.8,0.32,0.28,4.3,0.032,46.0,115.0,0.98946,3.16,0.57,13.0,1.0,2
8.1,0.46,0.31,1.7,0.052,50.0,183.0,0.9923,3.03,0.42,11.2,1.0,0
7.2,0.57,0.06,1.6,0.076,9.0,27.0,0.9972,3.36,0.7,9.6,0.0,1
7.0,0.36,0.35,2.5,0.048,67.0,161.0,0.99146,3.05,0.56,11.1,1.0,1
6.8,0.22,0.35,5.5,0.043,21.0,114.0,0.9938,3.3,0.53,10.7,1.0,2
7.7,0.44,0.24,11.2,0.031,41.0,167.0,0.9948,3.12,0.43,11.3,1.0,2
5.8,0.31,0.31,7.5,0.052,55.0,230.0,0.9949,3.19,0.46,9.8,1.0,0
7.0,0.3,0.28,2.2,0.042,21.0,177.0,0.99166,3.2,0.57,11.4,1.0,0
6.9,0.26,0.38,10.5,0.044,33.0,139.0,0.99517,3.06,0.5,10.3,1.0,1
6.5,0.3,0.39,7.8,0.038,61.0,219.0,0.9959,3.19,0.5,9.4,1.0,0
6.3,0.28,0.22,11.5,0.036,27.0,150.0,0.99445,3.0,0.33,10.6,1.0,1
8.2,0.18,0.28,8.5,0.035,41.0,140.0,0.9952,3.04,0.37,10.1,1.0,2
6.4,0.16,0.37,1.5,0.037,27.0,109.0,0.99345,3.38,0.5,9.8,1.0,1
6.2,0.16,0.47,1.4,0.029,23.0,81.0,0.99,3.26,0.42,12.2,1.0,1
6.7,0.21,0.34,1.5,0.035,45.0,123.0,0.98949,3.24,0.36,12.6,1.0,2
6.7,0.15,0.29,5.0,0.058,28.0,105.0,0.9946,3.52,0.44,10.2,1.0,2
8.2,0.3,0.44,12.4,0.043,52.0,154.0,0.99452,3.04,0.33,12.0,1.0,1
6.6,0.39,0.39,11.9,0.057,51.0,221.0,0.99851,3.26,0.51,8.9,1.0,1
7.0,0.28,0.32,1.7,0.038,27.0,128.0,0.99375,3.2,0.62,10.2,1.0,1
6.8,0.46,0.26,2.7,0.042,28.0,83.0,0.99114,3.38,0.51,12.0,1.0,2
5.8,0.35,0.29,3.2,0.034,41.0,151.0,0.9912,3.35,0.58,11.6333333333333,1.0,2
8.1,0.78,0.23,2.6,0.059,5.0,15.0,0.997,3.37,0.56,11.3,0.0,0
6.3,0.24,0.55,8.1,0.04,67.0,216.0,0.99596,3.24,0.5,9.2,1.0,0
7.3,0.19,0.49,15.55,0.058,50.0,134.0,0.9998,3.42,0.36,9.1,1.0,2
7.2,0.37,0.4,11.6,0.032,34.0,214.0,0.9963,3.1,0.51,9.8,1.0,1
6.4,0.3,0.16,7.5,0.05,55.0,191.0,0.9959,3.17,0.49,9.0,1.0,0
7.1,0.44,0.37,2.7,0.041,35.0,128.0,0.9896,3.07,0.43,13.5,1.0,2
7.4,0.18,0.36,13.1,0.056,72.0,163.0,1.0,3.42,0.35,9.1,1.0,1
7.2,0.2,0.28,1.6,0.028,13.0,168.0,0.99203,3.17,1.06,11.5,1.0,1
7.0,0.23,0.42,18.05,0.05,35.0,144.0,0.9999,3.22,0.42,8.8,1.0,0
7.4,0.23,0.38,8.6,0.052,41.0,150.0,0.99534,3.06,0.46,10.3,1.0,0
6.0,0.3,0.44,1.5,0.046,15.0,182.0,0.99455,3.5,0.52,10.4,1.0,0
7.6,0.41,0.49,2.0,0.088,16.0,43.0,0.998,3.48,0.64,9.1,0.0,0
8.2,0.39,0.49,2.3,0.099,47.0,133.0,0.9979,3.38,0.99,9.8,0.0,0
6.7,0.24,0.3,3.85,0.042,105.0,179.0,0.99189,3.04,0.59,11.3,1.0,2
7.1,0.27,0.24,12.6,0.044,48.0,118.0,0.99726,3.04,0.56,10.0,1.0,2
7.2,0.24,0.3,1.2,0.037,11.0,95.0,0.98914,2.96,0.36,12.5,1.0,1
6.8,0.23,0.31,2.8,0.047,40.0,122.0,0.99126,3.06,0.64,10.9,1.0,2
7.0,0.57,0.0,2.0,0.19,12.0,45.0,0.99676,3.31,0.6,9.4,0.0,1
6.6,0.16,0.36,1.1,0.031,27.0,93.0,0.98884,3.23,0.34,13.2,1.0,2
7.0,0.36,0.32,10.05,0.045,37.0,131.0,0.99352,3.09,0.33,11.7,1.0,2
9.8,0.88,0.25,2.5,0.104,35.0,155.0,1.001,3.41,0.67,11.2,0.0,0
6.4,0.16,0.42,1.0,0.036,29.0,113.0,0.9908,3.18,0.52,11.0,1.0,1
7.0,0.29,0.37,4.9,0.034,26.0,127.0,0.9928,3.17,0.44,10.8,1.0,1
9.4,0.27,0.53,2.4,0.074,6.0,18.0,0.9962,3.2,1.13,12.0,0.0,2
9.4,0.27,0.53,2.4,0.074,6.0,18.0,0.9962,3.2,1.13,12.0,0.0,2
7.8,0.26,0.27,1.9,0.051,52.0,195.0,0.9928,3.23,0.5,10.9,1.0,1
6.7,0.21,0.34,1.4,0.049,36.0,112.0,0.99091,3.02,0.5,11.0,1.0,1
8.3,0.42,0.62,19.25,0.04,41.0,172.0,1.0002,2.98,0.67,9.7,1.0,0
6.0,0.19,0.29,1.2,0.046,29.0,92.0,0.99033,3.22,0.53,11.3,1.0,1
7.2,0.23,0.33,12.7,0.049,50.0,183.0,0.9987,3.41,0.4,9.8,1.0,0
6.6,0.57,0.02,2.1,0.115,6.0,16.0,0.99654,3.38,0.69,9.5,0.0,0
6.4,0.29,0.18,15.0,0.04,21.0,116.0,0.99736,3.14,0.5,9.2,1.0,0
6.0,0.19,0.37,9.7,0.032,17.0,50.0,0.9932,3.08,0.66,12.0,1.0,1
6.9,0.38,0.29,13.65,0.048,52.0,189.0,0.99784,3.0,0.6,9.5,1.0,1
12.6,0.38,0.66,2.6,0.088,10.0,41.0,1.001,3.17,0.68,9.8,0.0,1
7.2,0.29,0.18,8.2,0.042,41.0,180.0,0.99644,3.16,0.49,9.1,1.0,0
5.2,0.28,0.29,1.1,0.028,18.0,69.0,0.99168,3.24,0.54,10.0,1.0,1
7.4,0.74,0.07,1.7,0.086,15.0,48.0,0.99502,3.12,0.48,10.0,0.0,0
6.6,0.26,0.46,6.9,0.047,59.0,183.0,0.99594,3.2,0.45,9.3,1.0,0
8.4,0.28,0.4,8.9,0.048,33.0,146.0,0.9988,3.4,0.46,9.3,1.0,0
7.1,0.28,0.31,1.5,0.053,20.0,98.0,0.99069,3.15,0.5,11.4,1.0,0
6.5,0.08,0.33,1.9,0.028,23.0,93.0,0.991,3.34,0.7,12.0,1.0,2
6.5,0.32,0.12,11.5,0.033,35.0,165.0,0.9974,3.22,0.32,9.0,1.0,0
7.4,0.155,0.34,2.3,0.045,73.5,214.0,0.9934,3.18,0.61,9.9,1.0,2
9.5,0.57,0.27,2.3,0.082,23.0,144.0,0.99782,3.27,0.55,9.4,0.0,0
6.4,0.29,0.21,9.65,0.041,36.0,119.0,0.99334,2.99,0.34,10.9333333333333,1.0,1
7.4,0.32,0.55,16.6,0.056,53.0,238.0,1.0017,2.96,0.58,8.7,1.0,1
6.5,0.2,0.31,2.1,0.033,32.0,95.0,0.989435,2.96,0.61,12.0,1.0,1
6.4,0.23,0.26,8.1,0.054,47.0,181.0,0.9954,3.12,0.49,9.4,1.0,0
7.4,0.24,0.29,10.1,0.05,21.0,105.0,0.9962,3.13,0.35,9.5,1.0,0
10.0,0.42,0.5,3.4,0.107,7.0,21.0,0.9979,3.26,0.93,11.8,0.0,1
7.4,0.2,0.37,1.2,0.028,28.0,89.0,0.99132,3.14,0.61,11.8,1.0,1
6.8,0.18,0.3,12.8,0.062,19.0,171.0,0.99808,3.0,0.52,9.0,1.0,2
7.6,0.49,0.26,1.6,0.236,10.0,88.0,0.9968,3.11,0.8,9.3,0.0,0
6.6,0.41,0.27,10.7,0.11,20.0,103.0,0.99672,3.08,0.41,9.0,1.0,1
7.9,0.16,0.74,17.85,0.037,52.0,187.0,0.9998,2.99,0.41,9.3,1.0,0
6.5,0.19,0.28,1.4,0.046,22.0,90.0,0.99038,3.18,0.51,11.7,1.0,2
12.0,0.39,0.66,3.0,0.093,12.0,30.0,0.9996,3.18,0.63,10.8,0.0,2
6.4,0.18,0.28,17.05,0.047,53.0,139.0,0.99724,3.25,0.35,10.5,1.0,1
8.9,0.34,0.34,1.6,0.056,13.0,176.0,0.9946,3.14,0.47,9.7,1.0,0
8.4,0.2,0.27,6.3,0.048,30.0,143.0,0.9966,3.25,0.5,9.1,1.0,1
6.6,0.26,0.31,4.8,0.138,41.0,168.0,0.9951,3.2,0.38,9.3,1.0,0
7.3,0.55,0.01,1.8,0.093,9.0,15.0,0.99514,3.35,0.58,11.0,0.0,2
5.9,0.445,0.26,1.4,0.027,23.0,109.0,0.99148,3.3,0.36,10.5,1.0,1
7.6,0.735,0.02,2.5,0.071,10.0,14.0,0.99538,3.51,0.71,11.7,0.0,2
7.0,0.35,0.17,1.1,0.049,7.0,119.0,0.99297,3.13,0.36,9.7,1.0,1
6.7,0.75,0.12,2.0,0.086,12.0,80.0,0.9958,3.38,0.52,10.1,0.0,0
6.0,0.32,0.12,5.9,0.041,34.0,190.0,0.9944,3.16,0.72,10.0,1.0,0
5.7,0.16,0.32,1.2,0.036,7.0,89.0,0.99111,3.26,0.48,11.0,1.0,0
8.4,0.27,0.3,2.2,0.037,36.0,129.0,0.99085,2.89,0.3,11.4666666666667,1.0,1
7.1,0.31,0.25,11.2,0.048,32.0,136.0,0.99663,3.14,0.4,9.5,1.0,0
6.5,0.37,0.33,3.5,0.036,23.0,92.0,0.99136,3.18,0.38,11.2,1.0,1
10.0,0.56,0.24,2.2,0.079,19.0,58.0,0.9991,3.18,0.56,10.1,0.0,1
6.7,0.28,0.14,1.4,0.043,64.0,159.0,0.992,3.17,0.39,10.0,1.0,0
8.6,0.23,0.25,11.3,0.031,13.0,96.0,0.99645,3.11,0.4,10.8,1.0,0
6.3,0.41,0.18,3.5,0.027,23.0,109.0,0.99018,3.34,0.54,12.8,1.0,2
9.7,0.24,0.49,4.9,0.032,3.0,18.0,0.99368,2.85,0.54,10.0,1.0,1
6.4,0.34,0.44,8.2,0.043,54.0,201.0,0.99551,3.18,0.48,9.5,1.0,0
6.5,0.25,0.2,1.4,0.024,29.0,101.0,0.9916,3.24,0.54,10.8,1.0,1
6.4,0.25,0.37,4.5,0.039,41.0,147.0,0.9921,3.18,0.4,11.1,1.0,2
7.7,0.96,0.2,2.0,0.047,15.0,60.0,0.9955,3.36,0.44,10.9,0.0,0
9.5,0.37,0.52,2.0,0.082,6.0,26.0,0.998,3.18,0.51,9.5,0.0,0
6.2,0.2,0.29,11.8,0.035,21.0,93.0,0.99364,3.18,0.34,11.9,1.0,1
7.3,0.28,0.54,12.9,0.049,62.0,162.5,0.9984,3.06,0.45,9.1,1.0,1
7.7,0.34,0.3,8.0,0.048,25.0,192.0,0.9951,2.97,0.47,10.9,1.0,0
7.3,0.19,0.27,13.9,0.057,45.0,155.0,0.99807,2.94,0.41,8.8,1.0,2
7.7,0.3,0.34,1.2,0.048,4.0,119.0,0.99084,3.18,0.34,12.1,1.0,1
6.8,0.35,0.44,6.5,0.056,31.0,161.0,0.9952,3.14,0.44,9.5,1.0,0
7.9,0.2,0.35,1.7,0.054,7.0,15.0,0.99458,3.32,0.8,11.9,0.0,2
6.8,0.28,0.43,7.6,0.03,30.0,110.0,0.99164,3.08,0.59,12.5,1.0,2
7.1,0.47,0.29,14.8,0.024,22.0,142.0,0.99518,3.12,0.48,12.0,1.0,2
7.1,0.28,0.19,7.8,0.04,48.0,184.0,0.99579,3.16,0.5,9.4,1.0,0
6.4,0.32,0.26,7.9,0.05,53.0,180.0,0.99514,3.14,0.5,9.6,1.0,0
5.9,0.34,0.25,2.0,0.042,12.0,110.0,0.99034,3.02,0.54,11.4,1.0,1
5.8,0.25,0.28,11.1,0.056,45.0,175.0,0.99755,3.42,0.43,9.5,1.0,0
6.9,0.19,0.35,1.7,0.036,33.0,101.0,0.99315,3.21,0.54,10.8,1.0,2
7.1,0.25,0.28,1.2,0.04,31.0,111.0,0.99174,3.18,0.53,11.1,1.0,0
11.5,0.315,0.54,2.1,0.084,5.0,15.0,0.9987,2.98,0.7,9.2,0.0,1
7.4,0.6,0.26,7.3,0.07,36.0,121.0,0.9982,3.37,0.49,9.4,0.0,0
6.1,0.25,0.48,15.8,0.052,25.0,94.0,0.99782,3.07,0.45,9.2,1.0,1
6.4,0.4,0.25,4.2,0.032,15.0,91.0,0.98988,3.26,0.52,13.1,1.0,1
5.2,0.405,0.15,1.45,0.038,10.0,44.0,0.99125,3.52,0.4,11.6,1.0,0
7.2,0.25,0.39,18.95,0.038,42.0,155.0,0.9999,2.97,0.47,9.0,1.0,1
7.4,0.28,0.49,1.5,0.034,20.0,126.0,0.9918,2.98,0.39,10.6,1.0,1
8.9,0.31,0.36,2.6,0.056,10.0,39.0,0.99562,3.4,0.69,11.8,0.0,0
6.8,0.19,0.4,9.85,0.055,41.0,103.0,0.99532,2.98,0.56,10.5,1.0,1
7.6,0.29,0.58,17.5,0.041,51.0,225.0,0.9997,3.16,0.66,9.5,1.0,1
7.7,0.26,0.32,1.2,0.04,26.0,117.0,0.993,3.21,0.56,10.8,1.0,0
7.4,0.25,0.29,6.8,0.02,31.0,113.0,0.99338,3.13,0.29,10.8,1.0,1
7.0,0.23,0.36,13.0,0.051,72.0,177.0,0.9972,3.16,0.49,9.8,1.0,0
7.4,0.36,0.3,1.8,0.074,17.0,24.0,0.99419,3.24,0.7,11.4,0.0,2
7.0,0.39,0.24,1.0,0.048,8.0,119.0,0.9923,3.0,0.31,10.1,1.0,0
7.6,0.39,0.46,11.7,0.084,55.0,170.0,0.99773,2.91,0.51,9.0,1.0,0
7.1,0.32,0.32,11.0,0.038,16.0,66.0,0.9937,3.24,0.4,11.5,1.0,0
7.5,0.6,0.32,2.7,0.103,13.0,98.0,0.99938,3.45,0.62,9.5,0.0,0
7.1,0.27,0.6,2.1,0.074,17.0,25.0,0.99814,3.38,0.72,10.6,0.0,1
5.7,0.27,0.16,9.0,0.053,32.0,111.0,0.99474,3.36,0.37,10.4,1.0,1
6.5,0.28,0.28,20.4,0.041,40.0,144.0,1.0002,3.14,0.38,8.7,1.0,0
6.4,0.27,0.45,8.3,0.05,52.0,196.0,0.9955,3.18,0.48,9.5,1.0,0
6.6,0.17,0.26,7.4,0.052,45.0,128.0,0.99388,3.16,0.37,10.0,1.0,1
6.7,0.265,0.22,8.6,0.048,54.0,198.0,0.9955,3.25,0.41,10.2,1.0,0
9.1,0.66,0.15,3.2,0.097,9.0,59.0,0.99976,3.28,0.54,9.6,0.0,0
7.2,0.33,0.33,1.7,0.061,3.0,13.0,0.996,3.23,1.1,10.0,0.0,2
8.0,0.6,0.22,2.1,0.08,25.0,105.0,0.99613,3.3,0.49,9.9,0.0,0
7.2,0.46,0.65,10.4,0.05,76.0,192.0,0.9976,3.16,0.42,8.7,1.0,0
7.3,0.24,0.39,17.95,0.057,45.0,149.0,0.9999,3.21,0.36,8.6,1.0,0
5.9,0.18,0.28,1.0,0.037,24.0,88.0,0.99094,3.29,0.55,10.65,1.0,2
8.7,0.765,0.22,2.3,0.064,9.0,42.0,0.9963,3.1,0.55,9.4,0.0,0
8.4,0.31,0.29,3.1,0.194,14.0,26.0,0.99536,3.22,0.78,12.0,0.0,1
7.4,0.21,0.3,8.1,0.047,13.0,114.0,0.9941,3.12,0.35,10.5,1.0,1
8.2,0.35,0.33,2.4,0.076,11.0,47.0,0.99599,3.27,0.81,11.0,0.0,1
7.5,0.17,0.71,11.8,0.038,52.0,148.0,0.99801,3.03,0.46,8.9,1.0,0
6.4,0.18,0.48,4.0,0.186,64.0,150.0,0.9945,3.06,0.4,9.3,1.0,0
8.9,0.59,0.39,2.3,0.095,5.0,22.0,0.9986,3.37,0.58,10.3,0.0,0
7.3,0.33,0.4,6.85,0.038,32.0,138.0,0.992,3.03,0.3,11.9,1.0,2
8.1,0.38,0.48,1.8,0.157,5.0,17.0,0.9976,3.3,1.05,9.4,0.0,0
6.0,0.23,0.15,9.7,0.048,101.0,207.0,0.99571,3.05,0.3,9.1,1.0,0
5.8,0.4,0.42,4.4,0.047,38.5,245.0,0.9937,3.25,0.57,9.6,1.0,1
8.0,0.18,0.37,1.3,0.04,15.0,96.0,0.9912,3.06,0.61,12.1,1.0,1
6.8,0.28,0.34,7.5,0.035,34.0,177.0,0.99692,3.33,0.43,9.1,1.0,0
6.0,0.28,0.27,4.1,0.046,50.0,147.0,0.99126,3.27,0.56,11.6,1.0,1
7.3,0.32,0.25,7.2,0.056,47.0,180.0,0.9961,3.08,0.47,8.8,1.0,0
6.8,0.27,0.3,13.0,0.047,69.0,160.0,0.99705,3.16,0.5,9.6,1.0,1
5.6,0.19,0.39,1.1,0.043,17.0,67.0,0.9918,3.23,0.53,10.3,1.0,1
8.2,0.18,0.49,1.1,0.033,28.0,81.0,0.9923,3.0,0.68,10.4,1.0,2
7.4,0.26,0.31,2.4,0.043,58.0,178.0,0.9941,3.42,0.68,10.6,1.0,1
6.4,0.64,0.21,1.8,0.081,14.0,31.0,0.99689,3.59,0.66,9.8,0.0,0
9.3,0.715,0.24,2.1,0.07,5.0,20.0,0.9966,3.12,0.59,9.9,0.0,0
6.0,0.28,0.22,12.15,0.048,42.0,163.0,0.9957,3.2,0.46,10.1,1.0,0
6.8,0.18,0.3,12.8,0.062,19.0,171.0,0.99808,3.0,0.52,9.0,1.0,2
6.8,0.36,0.32,1.6,0.039,10.0,124.0,0.9948,3.3,0.67,9.6,1.0,0
7.3,0.23,0.41,14.6,0.048,73.0,223.0,0.99863,3.16,0.71,9.4,1.0,1
7.5,0.24,0.31,13.1,0.05,26.0,180.0,0.99884,3.05,0.53,9.1,1.0,1
6.3,0.25,0.22,3.3,0.048,41.0,161.0,0.99256,3.16,0.5,10.5,1.0,1
6.7,0.13,0.28,1.2,0.046,35.0,140.0,0.9927,3.33,0.33,10.1,1.0,2
7.7,0.17,0.52,5.9,0.017,21.0,84.0,0.9929,3.14,0.4,11.9,1.0,2
9.3,0.49,0.36,1.7,0.081,3.0,14.0,0.99702,3.27,0.78,10.9,0.0,1
7.1,0.365,0.14,1.2,0.055,24.0,84.0,0.9941,3.15,0.43,8.9,1.0,0
6.4,0.26,0.43,12.6,0.033,64.0,230.0,0.9974,3.08,0.38,8.9,1.0,0
6.1,0.68,0.52,1.4,0.037,32.0,123.0,0.99022,3.24,0.45,12.0,1.0,1
7.2,0.645,0.0,1.9,0.097,15.0,39.0,0.99675,3.37,0.58,9.2,0.0,1
7.2,0.48,0.07,5.5,0.089,10.0,18.0,0.99684,3.37,0.68,11.2,0.0,2
6.9,0.4,0.17,12.9,0.033,59.0,186.0,0.99754,3.08,0.49,9.4,1.0,0
6.7,0.33,0.34,6.6,0.067,35.0,156.0,0.99542,3.11,0.48,9.3,1.0,1
6.5,0.24,0.38,1.0,0.027,31.0,90.0,0.98926,3.24,0.36,12.3,1.0,1
5.9,0.24,0.12,1.4,0.035,60.0,247.0,0.99358,3.34,0.44,9.6,1.0,1
6.9,0.46,0.2,0.9,0.054,5.0,126.0,0.992,3.1,0.42,10.4,1.0,1
7.2,0.31,0.35,7.2,0.046,45.0,178.0,0.9955,3.14,0.53,9.7,1.0,0
7.7,0.16,0.36,5.9,0.054,25.0,148.0,0.99578,3.25,0.54,10.2,1.0,1
8.0,0.2,0.3,8.1,0.037,42.0,130.0,0.99379,3.1,0.67,11.8,1.0,1
7.3,0.26,0.49,5.0,0.028,32.0,107.0,0.9936,3.24,0.54,10.8,1.0,1
6.9,0.24,0.4,15.4,0.052,81.0,198.0,0.9986,3.2,0.69,9.4,1.0,0
6.1,0.27,0.31,1.5,0.035,17.0,83.0,0.99076,3.32,0.44,11.1,1.0,2
6.3,0.27,0.51,7.6,0.049,35.0,200.0,0.99548,3.16,0.54,9.4,1.0,0
6.9,0.25,0.24,1.8,0.053,6.0,121.0,0.993,3.23,0.7,11.4,1.0,0
7.1,0.25,0.32,10.3,0.041,66.0,272.0,0.9969,3.17,0.52,9.1,1.0,1
9.9,0.49,0.58,3.5,0.094,9.0,43.0,1.0004,3.29,0.58,9.0,0.0,0
6.5,0.115,0.29,1.95,0.038,73.0,166.0,0.989,3.12,0.25,12.9,1.0,2
5.9,0.28,0.14,8.6,0.032,30.0,142.0,0.99542,3.28,0.44,9.5,1.0,1
12.7,0.6,0.49,2.8,0.075,5.0,19.0,0.9994,3.14,0.57,11.4,0.0,0
7.6,0.31,0.24,1.8,0.037,39.0,150.0,0.9913,3.05,0.44,11.8,1.0,2
15.0,0.21,0.44,2.2,0.075,10.0,24.0,1.00005,3.07,0.84,9.2,0.0,2
5.9,0.32,0.33,2.1,0.027,35.0,138.0,0.98945,3.37,0.42,12.7,1.0,1
8.7,0.31,0.46,1.4,0.059,11.0,25.0,0.9966,3.36,0.76,10.1,0.0,1
6.9,0.63,0.02,1.9,0.078,18.0,30.0,0.99712,3.4,0.75,9.8,0.0,0
7.0,0.975,0.04,2.0,0.087,12.0,67.0,0.99565,3.35,0.6,9.4,0.0,0
6.8,0.32,0.43,1.6,0.05,4.0,65.0,0.99346,3.27,0.47,10.7,1.0,0
7.2,0.39,0.63,11.0,0.044,55.0,156.0,0.9974,3.09,0.44,8.7,1.0,1
7.4,0.39,0.23,7.0,0.033,29.0,126.0,0.994,3.14,0.42,10.5,1.0,0
7.0,0.29,0.26,1.6,0.044,12.0,87.0,0.9923,3.08,0.46,10.5,1.0,1
6.3,0.2,0.19,12.3,0.048,54.0,145.0,0.99668,3.16,0.42,9.3,1.0,1
12.2,0.34,0.5,2.4,0.066,10.0,21.0,1.0,3.12,1.18,9.2,0.0,1
6.2,0.2,0.31,1.0,0.031,22.0,73.0,0.99035,3.24,0.52,11.3,1.0,1
8.1,0.28,0.4,6.9,0.05,30.0,97.0,0.9951,3.26,0.44,10.1,1.0,1
6.5,0.43,0.28,12.0,0.056,23.0,174.0,0.9986,3.31,0.55,9.3,1.0,0
5.8,0.38,0.26,1.1,0.058,20.0,140.0,0.99271,3.27,0.43,9.7,1.0,1
7.5,0.32,0.37,1.2,0.048,22.0,184.0,0.9938,3.09,0.43,9.3,1.0,0
6.8,0.48,0.25,2.0,0.076,29.0,61.0,0.9953,3.34,0.6,10.4,0.0,0
5.7,0.15,0.28,3.7,0.045,57.0,151.0,0.9913,3.22,0.27,11.2,1.0,1
6.1,0.3,0.47,1.4,0.049,50.0,187.0,0.9927,3.19,0.45,9.5,1.0,0
6.3,0.305,0.22,16.0,0.061,26.0,141.0,0.99824,3.08,0.5,9.1,1.0,0
6.7,0.46,0.18,2.4,0.034,25.0,98.0,0.9896,3.08,0.44,12.6,1.0,2
6.9,0.43,0.28,9.4,0.056,29.0,183.0,0.99594,3.17,0.43,9.4,1.0,0
5.9,0.23,0.24,3.8,0.038,61.0,152.0,0.99139,3.31,0.5,11.3,1.0,2
6.3,0.32,0.17,17.75,0.06,51.0,190.0,0.99916,3.13,0.48,8.8,1.0,1
4.7,0.145,0.29,1.0,0.042,35.0,90.0,0.9908,3.76,0.49,11.3,1.0,1
12.5,0.46,0.63,2.0,0.071,6.0,15.0,0.9988,2.99,0.87,10.2,0.0,0
6.5,0.28,0.34,4.6,0.054,22.0,130.0,0.99193,3.2,0.46,12.0,1.0,2
6.4,0.29,0.18,15.0,0.04,21.0,116.0,0.99736,3.14,0.5,9.2,1.0,0
7.6,0.38,0.28,4.2,0.029,7.0,112.0,0.9906,3.0,0.41,12.6,1.0,1
6.3,0.2,0.26,12.7,0.046,60.0,143.0,0.99526,3.26,0.35,10.8,1.0,1
6.1,0.19,0.25,4.0,0.023,23.0,112.0,0.9923,3.37,0.51,11.6,1.0,1
7.1,0.36,0.4,1.95,0.033,26.0,118.0,0.98934,3.2,0.45,13.5,1.0,2
7.2,0.34,0.28,10.4,0.108,43.0,187.0,0.99738,2.96,0.57,9.4,1.0,0
7.5,0.32,0.24,4.6,0.053,8.0,134.0,0.9958,3.14,0.5,9.1,1.0,0
6.3,0.23,0.5,10.4,0.043,61.0,132.0,0.99542,2.86,0.46,9.1,1.0,1
6.5,0.3,0.29,2.25,0.037,8.0,210.0,0.9937,3.19,0.62,9.9,1.0,0
7.6,0.41,0.14,3.0,0.087,21.0,43.0,0.9964,3.32,0.57,10.5,0.0,1
5.8,0.26,0.18,1.2,0.031,40.0,114.0,0.9908,3.42,0.4,11.0,1.0,2
6.4,0.3,0.51,5.5,0.048,62.0,172.0,0.9942,3.08,0.45,9.1,1.0,1
6.0,0.32,0.3,1.9,0.033,41.0,142.0,0.98912,3.29,0.42,12.8,1.0,2
6.1,0.17,0.42,15.1,0.033,28.0,124.0,0.99684,2.87,0.47,9.5,1.0,0
5.0,0.27,0.32,4.5,0.032,58.0,178.0,0.98956,3.45,0.31,12.6,1.0,2
6.4,0.25,0.3,5.5,0.038,15.0,129.0,0.9948,3.14,0.49,9.6,1.0,1
6.0,0.29,0.25,1.4,0.033,30.0,114.0,0.98794,3.08,0.43,13.2,1.0,1
7.7,0.26,0.34,6.4,0.05,36.0,163.0,0.9937,3.19,0.7,11.5,1.0,1
7.4,0.33,0.26,15.6,0.049,67.0,210.0,0.99907,3.06,0.68,9.5,1.0,0
8.0,0.3,0.36,11.0,0.034,8.0,70.0,0.99354,3.05,0.41,12.2,1.0,1
6.7,0.3,0.29,2.8,0.025,37.0,107.0,0.99159,3.31,0.63,11.3,1.0,2
6.4,0.31,0.09,1.4,0.066,15.0,28.0,0.99459,3.42,0.7,10.0,0.0,2
6.8,0.39,0.35,11.6,0.044,57.0,220.0,0.99775,3.07,0.53,9.3,1.0,0
7.5,0.29,0.26,14.95,0.067,47.0,178.0,0.99838,3.04,0.49,9.2,1.0,0
7.6,0.43,0.29,2.1,0.075,19.0,66.0,0.99718,3.4,0.64,9.5,0.0,0
6.7,0.26,0.26,4.0,0.079,35.5,216.0,0.9956,3.31,0.68,9.5,1.0,0
7.2,0.26,0.44,7.1,0.027,25.0,126.0,0.993,3.02,0.34,11.1,1.0,2
7.4,0.38,0.34,8.3,0.052,44.0,168.0,0.99627,3.11,0.52,9.2,1.0,0
5.3,0.23,0.56,0.9,0.041,46.0,141.0,0.99119,3.16,0.62,9.7,1.0,0
6.4,0.15,0.44,1.2,0.043,67.0,150.0,0.9907,3.14,0.73,11.2,1.0,2
6.6,0.33,0.4,2.65,0.041,35.0,86.0,0.98916,3.11,0.39,13.3,1.0,2
7.4,0.16,0.49,1.2,0.055,18.0,150.0,0.9917,3.23,0.47,11.2,1.0,1
6.4,0.33,0.3,7.2,0.041,42.0,168.0,0.99331,3.22,0.49,11.1,1.0,1
6.4,0.23,0.35,10.3,0.042,54.0,140.0,0.9967,3.23,0.47,9.2,1.0,0
8.2,0.23,0.4,1.2,0.027,36.0,121.0,0.992,3.12,0.38,10.7,1.0,1
7.2,0.23,0.39,2.3,0.033,29.0,102.0,0.9908,3.26,0.54,12.3,1.0,2
7.6,0.17,0.27,4.6,0.05,23.0,98.0,0.99422,3.08,0.47,9.5,1.0,1
5.6,0.2,0.36,2.5,0.048,16.0,125.0,0.99282,3.49,0.49,10.0,1.0,1
6.9,0.36,0.34,4.2,0.018,57.0,119.0,0.9898,3.28,0.36,12.7,1.0,2
8.3,0.23,0.43,3.2,0.035,14.0,101.0,0.9928,3.15,0.36,11.5,1.0,0
6.5,0.27,0.19,6.6,0.045,98.0,175.0,0.99364,3.16,0.34,10.1,1.0,1
6.7,0.21,0.48,14.8,0.05,31.0,195.0,0.99942,2.95,0.75,8.8,1.0,1
7.4,0.49,0.19,3.0,0.077,16.0,37.0,0.9966,3.37,0.51,10.5,0.0,0
7.4,0.16,0.49,1.2,0.055,18.0,150.0,0.9917,3.23,0.47,11.2,1.0,1
6.8,0.3,0.33,12.8,0.041,60.0,168.0,0.99659,3.1,0.56,9.8,1.0,0
5.7,0.22,0.2,16.0,0.044,41.0,113.0,0.99862,3.22,0.46,8.9,1.0,1
7.7,0.69,0.22,1.9,0.084,18.0,94.0,0.9961,3.31,0.48,9.5,0.0,0
7.1,0.36,0.2,1.6,0.271,24.0,140.0,0.99356,3.11,0.63,9.8,1.0,0
9.1,0.4,0.57,4.6,0.08,6.0,20.0,0.99652,3.28,0.57,12.5,0.0,1
6.4,0.28,0.43,7.1,0.045,60.0,221.0,0.9952,3.09,0.45,9.4,1.0,1
8.8,0.24,0.35,1.7,0.055,13.0,27.0,0.99394,3.14,0.59,11.3,0.0,2
9.8,0.37,0.39,2.5,0.079,28.0,65.0,0.99729,3.16,0.59,9.8,0.0,0
7.1,0.38,0.42,11.8,0.041,32.0,193.0,0.99624,3.04,0.49,10.0,1.0,1
6.5,0.26,0.34,1.4,0.04,25.0,184.0,0.99216,3.29,0.46,10.7,1.0,0
6.1,0.255,0.44,12.3,0.045,53.0,197.0,0.9967,3.24,0.54,9.5,1.0,1
7.1,0.21,0.28,2.7,0.034,23.0,111.0,0.99405,3.35,0.64,10.2,1.0,0
6.2,0.7,0.15,5.1,0.076,13.0,27.0,0.99622,3.54,0.6,11.9,0.0,1
6.8,0.21,0.55,14.6,0.053,34.0,159.0,0.99805,2.93,0.44,9.2,1.0,0
7.0,0.35,0.24,1.9,0.04,21.0,144.0,0.9923,3.35,0.38,11.0,1.0,0
7.7,0.18,0.35,5.8,0.055,25.0,144.0,0.99576,3.24,0.54,10.2,1.0,1
7.5,0.51,0.02,1.7,0.084,13.0,31.0,0.99538,3.36,0.54,10.5,0.0,1
6.6,0.34,0.4,8.1,0.046,68.0,170.0,0.99494,3.15,0.5,9.53333333333333,1.0,1
12.6,0.31,0.72,2.2,0.072,6.0,29.0,0.9987,2.88,0.82,9.8,0.0,2
8.4,0.34,0.42,2.1,0.072,23.0,36.0,0.99392,3.11,0.78,12.4,0.0,1
7.1,0.15,0.34,5.3,0.034,33.0,104.0,0.9953,3.37,0.52,9.3,1.0,2
7.2,0.2,0.22,1.6,0.044,17.0,101.0,0.99471,3.37,0.53,10.0,1.0,0
6.7,0.42,0.27,8.6,0.068,24.0,148.0,0.9948,3.16,0.57,11.3,0.0,1
7.0,0.57,0.02,2.0,0.072,17.0,26.0,0.99575,3.36,0.61,10.2,0.0,0
6.0,0.25,0.4,5.7,0.052,56.0,152.0,0.99398,3.16,0.88,10.5,1.0,1
6.7,0.18,0.24,10.3,0.057,64.0,185.0,0.99519,3.12,0.5,10.6,1.0,1
7.3,0.25,0.41,1.8,0.037,52.0,165.0,0.9911,3.29,0.39,12.2,1.0,2
7.9,0.26,0.33,10.3,0.039,73.0,212.0,0.9969,2.93,0.49,9.5,1.0,1
6.5,0.35,0.38,7.4,0.036,20.0,196.0,0.99712,3.47,0.48,9.1,1.0,1
8.7,0.54,0.26,2.5,0.097,7.0,31.0,0.9976,3.27,0.6,9.3,0.0,1
7.1,0.6,0.01,2.3,0.079,24.0,37.0,0.99514,3.4,0.61,10.9,0.0,1
7.3,0.26,0.3,9.3,0.05,35.0,154.0,0.99581,3.21,0.5,10.4,1.0,1
10.6,0.36,0.59,2.2,0.152,6.0,18.0,0.9986,3.04,1.05,9.4,0.0,0
6.7,0.32,0.44,2.4,0.061,24.0,34.0,0.99484,3.29,0.8,11.6,0.0,2
6.8,0.64,0.03,2.3,0.075,14.0,31.0,0.99545,3.36,0.58,10.4,0.0,1
7.2,0.31,0.24,1.4,0.057,17.0,117.0,0.9928,3.16,0.35,10.5,1.0,0
6.4,0.32,0.31,1.9,0.037,34.0,126.0,0.99,3.06,0.45,11.8,1.0,1
6.8,0.22,0.29,8.9,0.046,82.0,188.0,0.9955,3.3,0.44,10.3,1.0,1
7.9,0.17,0.32,1.6,0.053,47.0,150.0,0.9948,3.29,0.76,9.6,1.0,1
6.7,0.5,0.38,7.5,0.046,26.0,175.0,0.99662,3.32,0.54,9.6,1.0,0
6.4,0.12,0.3,1.1,0.031,37.0,94.0,0.98986,3.01,0.56,11.7,1.0,1
9.0,0.22,0.49,10.4,0.048,52.0,195.0,0.9987,3.31,0.44,10.2,1.0,1
7.2,0.35,0.26,1.8,0.083,33.0,75.0,0.9968,3.4,0.58,9.5,0.0,1
7.1,0.3,0.36,6.8,0.055,44.5,234.0,0.9972,3.49,0.64,10.2,1.0,1
6.0,0.19,0.26,12.4,0.048,50.0,147.0,0.9972,3.3,0.36,8.9,1.0,1
6.8,0.25,0.38,8.1,0.046,24.0,155.0,0.9956,3.33,0.59,10.2,1.0,1
6.8,0.18,0.35,5.4,0.054,53.0,143.0,0.99287,3.1,0.54,11.0,1.0,2
7.7,0.27,0.49,1.8,0.041,23.0,86.0,0.9914,3.16,0.42,12.5,1.0,1
7.0,0.22,0.29,8.9,0.05,24.0,90.0,0.99556,3.29,0.46,9.8,1.0,1
6.7,0.41,0.27,2.6,0.033,25.0,85.0,0.99086,3.05,0.34,11.7,1.0,1
4.4,0.54,0.09,5.1,0.038,52.0,97.0,0.99022,3.41,0.4,12.2,1.0,2
6.6,0.2,0.27,10.9,0.038,29.0,130.0,0.99496,3.11,0.44,10.5,1.0,2
6.2,0.27,0.47,1.2,0.146,28.0,105.0,0.99224,3.23,0.51,10.1,1.0,0
8.1,0.29,0.36,2.2,0.048,35.0,53.0,0.995,3.27,1.01,12.4,0.0,2
6.8,0.21,0.27,2.1,0.03,26.0,139.0,0.99,3.16,0.61,12.6,1.0,2
6.8,0.26,0.24,7.8,0.052,54.0,214.0,0.9961,3.13,0.47,8.9,1.0,0
7.4,0.32,0.27,12.9,0.04,60.0,221.0,0.99831,3.05,0.66,9.4,1.0,0
5.3,0.47,0.11,2.2,0.048,16.0,89.0,0.99182,3.54,0.88,13.5666666666667,0.0,2
7.8,0.645,0.0,5.5,0.086,5.0,18.0,0.9986,3.4,0.55,9.6,0.0,1
5.3,0.57,0.01,1.7,0.054,5.0,27.0,0.9934,3.57,0.84,12.5,0.0,2
6.9,0.18,0.38,8.1,0.049,44.0,176.0,0.9958,3.3,0.54,9.8,1.0,1
7.3,0.29,0.29,4.6,0.029,27.0,155.0,0.9931,3.07,0.26,10.6,1.0,1
9.8,0.31,0.49,15.4,0.046,13.0,119.0,1.0004,3.18,0.45,9.5,1.0,0
7.1,0.16,0.44,2.5,0.068,17.0,31.0,0.99328,3.35,0.54,12.4,0.0,1
7.9,0.34,0.44,6.5,0.027,47.0,126.0,0.99124,2.96,0.37,12.5,1.0,1
7.2,0.5,0.0,0.8,0.034,46.0,114.0,0.9932,3.19,0.34,9.2,1.0,0
6.1,0.24,0.3,1.5,0.045,22.0,61.0,0.992,3.31,0.54,10.4,1.0,0
7.1,0.47,0.24,6.0,0.044,11.0,77.0,0.9956,3.21,0.56,9.7,1.0,0
7.3,0.815,0.09,11.4,0.044,45.0,204.0,0.99713,3.15,0.46,9.0,1.0,0
6.0,0.28,0.52,6.2,0.028,37.0,104.0,0.99161,3.28,0.51,11.8,1.0,2
7.1,0.34,0.2,6.1,0.063,47.0,164.0,0.9946,3.17,0.42,10.0,1.0,0
6.5,0.23,0.39,1.9,0.036,41.0,98.0,0.99,3.19,0.43,11.9,1.0,2
6.9,0.21,0.33,1.8,0.034,48.0,136.0,0.9899,3.25,0.41,12.6,1.0,2
8.5,0.2,0.4,1.1,0.046,31.0,106.0,0.99194,3.0,0.35,10.5,1.0,0
5.8,0.32,0.23,1.5,0.033,39.0,121.0,0.9887,2.96,0.35,12.0,1.0,0
5.7,0.27,0.32,1.2,0.046,20.0,155.0,0.9934,3.8,0.41,10.2,1.0,1
9.1,0.28,0.48,1.8,0.067,26.0,46.0,0.9967,3.32,1.04,10.6,0.0,1
6.0,0.34,0.32,3.8,0.044,13.0,116.0,0.99108,3.39,0.44,11.8,1.0,2
8.4,0.745,0.11,1.9,0.09,16.0,63.0,0.9965,3.19,0.82,9.6,0.0,0
6.7,0.325,0.82,1.2,0.152,49.0,120.0,0.99312,2.99,0.38,9.2,1.0,0
7.3,0.3,0.25,2.5,0.045,32.0,122.0,0.99329,3.18,0.54,10.3,1.0,0
7.0,0.34,0.26,10.3,0.041,51.0,166.0,0.99382,3.08,0.35,11.6,1.0,1
9.9,0.74,0.28,2.6,0.078,21.0,77.0,0.998,3.28,0.51,9.8,0.0,0
7.0,0.27,0.74,1.5,0.036,27.0,122.0,0.9926,3.35,0.48,11.2,1.0,1
6.3,0.17,0.23,5.7,0.048,44.0,147.0,0.99382,3.08,0.54,10.0,1.0,0
6.6,0.17,0.3,1.1,0.031,13.0,73.0,0.99095,3.17,0.58,11.0,1.0,1
5.2,0.155,0.33,1.6,0.028,13.0,59.0,0.98975,3.3,0.84,11.9,1.0,2
9.8,0.44,0.47,2.5,0.063,9.0,28.0,0.9981,3.24,0.65,10.8,0.0,1
8.9,0.22,0.48,1.8,0.077,29.0,60.0,0.9968,3.39,0.53,9.4,0.0,1
8.2,0.43,0.29,1.6,0.081,27.0,45.0,0.99603,3.25,0.54,10.3,0.0,0
6.4,0.35,0.28,1.1,0.055,9.0,160.0,0.99405,3.42,0.5,9.1,1.0,2
8.2,0.345,1.0,18.2,0.047,55.0,205.0,0.99965,2.96,0.43,9.6,1.0,0
5.9,0.24,0.3,2.0,0.033,28.0,92.0,0.99225,3.39,0.69,10.9,1.0,2
7.0,0.16,0.25,14.3,0.044,27.0,149.0,0.998,2.91,0.46,9.2,1.0,1
7.5,0.49,0.2,2.6,0.332,8.0,14.0,0.9968,3.21,0.9,10.5,0.0,1
7.9,0.41,0.37,4.5,0.03,40.0,114.0,0.992,3.17,0.54,12.4,1.0,2
7.8,0.4,0.26,9.5,0.059,32.0,178.0,0.9955,3.04,0.43,10.9,1.0,1
9.8,0.25,0.74,10.0,0.056,36.0,225.0,0.9977,3.06,0.43,10.0,1.0,0
6.9,0.29,0.23,8.6,0.056,56.0,215.0,0.9967,3.17,0.44,8.8,1.0,0
6.6,0.25,0.51,8.0,0.047,61.0,189.0,0.99604,3.22,0.49,9.2,1.0,0
7.5,0.5,0.36,6.1,0.071,17.0,102.0,0.9978,3.35,0.8,10.5,0.0,0
7.1,0.66,0.0,2.4,0.052,6.0,11.0,0.99318,3.35,0.66,12.7,0.0,2
7.8,0.18,0.46,13.6,0.052,38.0,118.0,0.998,3.15,0.5,10.0,1.0,1
6.1,0.28,0.35,12.8,0.048,63.0,229.0,0.9975,3.08,0.4,8.9,1.0,0
7.2,0.14,0.35,1.2,0.036,15.0,73.0,0.9938,3.46,0.39,9.9,1.0,0
9.4,0.42,0.32,6.5,0.027,20.0,167.0,0.99479,3.08,0.43,10.6,1.0,0
7.9,0.31,0.32,1.9,0.066,14.0,36.0,0.99364,3.41,0.56,12.6,0.0,1
6.3,0.27,0.18,7.7,0.048,45.0,186.0,0.9962,3.23,0.47,9.0,1.0,0
5.9,0.19,0.26,7.4,0.034,33.0,123.0,0.995,3.49,0.42,10.1,1.0,1
7.1,0.56,0.14,1.6,0.078,7.0,18.0,0.99592,3.27,0.62,9.3,0.0,0
8.4,0.16,0.33,1.5,0.033,16.0,98.0,0.994,3.14,0.42,9.7,1.0,1
6.6,0.23,0.26,1.3,0.045,16.0,128.0,0.9934,3.36,0.6,10.0,1.0,1
8.4,0.29,0.29,1.05,0.032,4.0,55.0,0.9908,2.91,0.32,11.4,1.0,0
7.3,0.26,0.24,1.7,0.05,10.0,112.0,0.99286,3.11,0.43,9.9,1.0,0
7.7,0.965,0.1,2.1,0.112,11.0,22.0,0.9963,3.26,0.5,9.5,0.0,0
6.8,0.26,0.44,8.2,0.046,52.0,183.0,0.99584,3.2,0.51,9.4,1.0,0
7.2,0.37,0.32,2.0,0.062,15.0,28.0,0.9947,3.23,0.73,11.3,0.0,2
8.0,0.22,0.42,14.6,0.044,45.0,163.0,1.0003,3.21,0.69,8.6,1.0,2
6.9,0.3,0.3,1.3,0.053,24.0,186.0,0.99361,3.29,0.54,9.9,1.0,0
5.3,0.715,0.19,1.5,0.161,7.0,62.0,0.99395,3.62,0.61,11.0,0.0,0
7.9,0.21,0.39,2.0,0.057,21.0,138.0,0.99176,3.05,0.52,10.9,1.0,0
7.7,0.39,0.49,7.7,0.036,11.0,110.0,0.9966,3.33,0.76,10.0,1.0,1
7.4,0.27,0.26,11.8,0.053,55.0,173.0,0.99699,3.11,0.6,9.8,1.0,0
6.8,0.17,0.34,2.0,0.04,38.0,111.0,0.99,3.24,0.45,12.9,1.0,1
7.4,0.22,0.33,2.0,0.045,31.0,101.0,0.9931,3.42,0.55,11.4,1.0,0
7.0,0.25,0.32,9.0,0.046,56.0,245.0,0.9955,3.25,0.5,10.4,1.0,1
7.2,0.27,0.31,1.2,0.031,27.0,80.0,0.98892,3.03,0.33,12.7,1.0,1
4.9,0.42,0.0,2.1,0.048,16.0,42.0,0.99154,3.71,0.74,14.0,0.0,2
6.9,0.54,0.3,2.2,0.088,9.0,105.0,0.99725,3.25,1.18,10.5,0.0,1
5.7,0.33,0.15,1.9,0.05,20.0,93.0,0.9934,3.38,0.62,9.9,1.0,0
6.3,0.26,0.25,5.2,0.046,11.0,133.0,0.99202,2.97,0.68,11.0,1.0,1
9.3,0.43,0.44,1.9,0.085,9.0,22.0,0.99708,3.28,0.55,9.5,0.0,0
7.5,0.43,0.3,2.2,0.062,6.0,12.0,0.99495,3.44,0.72,11.5,0.0,2
7.1,0.14,0.33,1.0,0.104,20.0,54.0,0.99057,3.19,0.64,11.5,1.0,1
7.1,0.12,0.3,3.1,0.018,15.0,37.0,0.99004,3.02,0.52,11.9,1.0,2
7.3,0.24,0.39,17.95,0.057,45.0,149.0,0.9999,3.21,0.36,8.6,1.0,0
6.7,0.23,0.31,2.1,0.046,30.0,96.0,0.9926,3.33,0.64,10.7,1.0,2
8.5,0.17,0.49,8.8,0.048,23.0,108.0,0.9947,2.88,0.34,10.5,1.0,0
6.8,0.23,0.32,8.6,0.046,47.0,159.0,0.99452,3.08,0.52,10.5,1.0,1
7.2,0.655,0.03,1.8,0.078,7.0,12.0,0.99587,3.34,0.39,9.5,0.0,0
6.2,0.3,0.31,1.6,0.035,40.0,106.0,0.98914,3.26,0.39,12.9,1.0,2
8.2,0.2,0.49,3.5,0.057,14.0,108.0,0.9928,3.19,0.35,11.5,1.0,1
7.3,0.145,0.33,1.1,0.042,14.0,64.0,0.99012,3.1,0.37,11.8,1.0,2
5.7,0.22,0.29,3.5,0.04,27.0,146.0,0.98999,3.17,0.36,12.1,1.0,1
7.4,0.19,0.49,6.7,0.037,15.0,110.0,0.9938,3.2,0.38,11.0,1.0,2
5.9,0.44,0.33,1.2,0.049,12.0,117.0,0.99134,3.46,0.44,11.5,1.0,0
7.5,0.38,0.48,2.6,0.073,22.0,84.0,0.9972,3.32,0.7,9.6,0.0,0
6.9,0.26,0.27,4.2,0.031,20.0,80.0,0.99089,3.12,0.39,11.5,1.0,1
7.0,0.24,0.3,4.2,0.04,41.0,213.0,0.9927,3.28,0.49,11.8,1.0,1
6.6,0.22,0.28,4.9,0.042,51.0,180.0,0.9952,3.3,0.75,9.5,1.0,1
6.2,0.3,0.26,13.4,0.046,57.0,206.0,0.99775,3.17,0.43,9.5,1.0,1
6.7,0.46,0.24,1.7,0.077,18.0,34.0,0.9948,3.39,0.6,10.6,0.0,1
5.0,0.35,0.25,7.8,0.031,24.0,116.0,0.99241,3.39,0.4,11.3,1.0,1
6.6,0.26,0.22,18.15,0.05,23.0,139.0,0.99904,3.06,0.5,9.2,1.0,0
5.5,0.375,0.38,1.7,0.036,17.0,98.0,0.99142,3.29,0.39,10.5,1.0,1
5.1,0.35,0.26,6.8,0.034,36.0,120.0,0.99188,3.38,0.4,11.5,1.0,1
9.8,0.34,0.39,1.4,0.066,3.0,7.0,0.9947,3.19,0.55,11.4,0.0,2
6.0,0.2,0.26,6.8,0.049,22.0,93.0,0.9928,3.15,0.42,11.0,1.0,1
6.1,0.24,0.26,1.7,0.033,61.0,134.0,0.9903,3.19,0.81,11.9,1.0,2
6.3,0.24,0.29,13.7,0.035,53.0,134.0,0.99567,3.17,0.38,10.6,1.0,1
6.6,0.56,0.15,10.0,0.037,38.0,157.0,0.99642,3.28,0.52,9.4,1.0,0
7.0,0.53,0.02,1.0,0.036,39.0,107.0,0.993,3.2,0.32,9.0,1.0,0
7.1,0.21,0.32,2.2,0.037,28.0,141.0,0.993,3.2,0.57,10.0,1.0,2
7.3,0.19,0.25,1.4,0.051,41.0,107.0,0.99382,3.53,0.66,10.5,1.0,2
7.7,0.26,0.26,2.0,0.052,19.0,77.0,0.9951,3.15,0.79,10.9,0.0,1
6.8,0.18,0.3,12.8,0.062,19.0,171.0,0.99808,3.0,0.52,9.0,1.0,2
7.4,0.47,0.46,2.2,0.114,7.0,20.0,0.99647,3.32,0.63,10.5,0.0,0
6.8,0.27,0.26,16.1,0.049,55.0,196.0,0.9984,3.15,0.5,9.3,1.0,0
8.0,0.58,0.16,2.0,0.12,3.0,7.0,0.99454,3.22,0.58,11.2,0.0,1
8.0,0.59,0.16,1.8,0.065,3.0,16.0,0.9962,3.42,0.92,10.5,0.0,2
7.2,0.605,0.02,1.9,0.096,10.0,31.0,0.995,3.46,0.53,11.8,0.0,1
6.1,0.28,0.27,4.7,0.03,56.0,140.0,0.99042,3.16,0.42,12.5,1.0,2
6.7,0.15,0.38,1.7,0.037,20.0,84.0,0.99046,3.09,0.53,11.4,1.0,1
7.2,0.66,0.03,2.3,0.078,16.0,86.0,0.99743,3.53,0.57,9.7,0.0,0
6.2,0.37,0.22,8.3,0.025,36.0,216.0,0.9964,3.33,0.6,9.6,1.0,1
6.7,0.24,0.32,9.0,0.023,20.0,109.0,0.99262,3.34,0.35,12.6,1.0,1
6.4,0.22,0.32,7.2,0.028,15.0,83.0,0.993,3.13,0.55,10.9,1.0,2
8.0,0.33,0.35,10.0,0.035,22.0,108.0,0.99457,3.12,0.36,11.6,1.0,1
5.6,0.185,0.19,7.1,0.048,36.0,110.0,0.99438,3.26,0.41,9.5,1.0,1
7.6,0.31,0.49,3.95,0.044,27.0,131.0,0.9912,3.08,0.67,12.8,1.0,2
7.2,0.36,0.46,2.1,0.074,24.0,44.0,0.99534,3.4,0.85,11.0,0.0,2
8.5,0.19,0.56,17.3,0.055,47.0,169.0,1.00047,3.07,0.67,9.3,1.0,1
5.3,0.43,0.11,1.1,0.029,6.0,51.0,0.99076,3.51,0.48,11.2,1.0,0
7.5,0.27,0.79,11.95,0.04,51.0,159.0,0.99839,2.98,0.44,8.7,1.0,0
6.2,0.27,0.32,6.3,0.048,47.0,159.0,0.99282,3.21,0.6,11.0,1.0,1
6.5,0.67,0.0,4.3,0.057,11.0,20.0,0.99488,3.45,0.56,11.8,0.0,0
6.9,0.2,0.34,1.9,0.043,25.0,136.0,0.9935,3.31,0.6,10.1,1.0,0
9.3,0.34,0.49,7.3,0.052,30.0,146.0,0.998,3.17,0.61,10.2,1.0,0
7.9,0.545,0.06,4.0,0.087,27.0,61.0,0.9965,3.36,0.67,10.7,0.0,1
10.1,0.37,0.34,2.4,0.085,5.0,17.0,0.99683,3.17,0.65,10.6,0.0,2
7.6,0.43,0.29,2.1,0.075,19.0,66.0,0.99718,3.4,0.64,9.5,0.0,0
8.9,0.35,0.4,3.6,0.11,12.0,24.0,0.99549,3.23,0.7,12.0,0.0,2
6.9,0.25,0.35,9.2,0.034,42.0,150.0,0.9947,3.21,0.36,11.5,1.0,1
5.9,0.29,0.33,7.4,0.037,58.0,205.0,0.99495,3.26,0.41,9.6,1.0,0
6.2,0.28,0.27,10.3,0.03,26.0,108.0,0.99388,3.2,0.36,10.7,1.0,1
9.9,0.53,0.57,2.4,0.093,30.0,52.0,0.9971,3.19,0.76,11.6,0.0,2
7.8,0.19,0.32,7.4,0.015,47.0,124.0,0.99278,2.99,0.39,11.0,1.0,1
7.7,0.27,0.68,3.5,0.358,5.0,10.0,0.9972,3.25,1.08,9.9,0.0,2
9.5,0.39,0.41,8.9,0.069,18.0,39.0,0.99859,3.29,0.81,10.9,0.0,2
5.4,0.74,0.0,1.2,0.041,16.0,46.0,0.99258,4.01,0.59,12.5,0.0,1
9.0,0.4,0.43,2.4,0.068,29.0,46.0,0.9943,3.2,0.6,12.2,0.0,1
6.9,0.22,0.37,15.0,0.053,59.0,178.0,0.9992,3.37,0.82,9.5,1.0,2
7.4,0.25,0.28,7.25,0.028,14.0,78.0,0.99238,2.94,0.37,11.5,1.0,2
7.4,0.2,0.43,7.8,0.045,27.0,153.0,0.9964,3.19,0.55,9.0,1.0,2
7.5,0.33,0.38,8.7,0.126,49.0,199.0,0.99711,2.98,0.57,9.4,1.0,0
7.8,0.58,0.13,2.1,0.102,17.0,36.0,0.9944,3.24,0.53,11.2,0.0,1
11.3,0.37,0.41,2.3,0.088,6.0,16.0,0.9988,3.09,0.8,9.3,0.0,0
7.7,0.26,0.51,2.6,0.045,26.0,159.0,0.99126,3.0,0.5,11.2,1.0,1
8.5,0.21,0.41,4.3,0.036,24.0,99.0,0.9947,3.18,0.53,9.7,1.0,1
6.0,0.49,0.0,2.3,0.068,15.0,33.0,0.99292,3.58,0.59,12.5,0.0,1
6.0,0.16,0.27,12.0,0.03,39.0,98.0,0.99402,3.15,0.34,10.8,1.0,0
6.2,0.56,0.09,1.7,0.053,24.0,32.0,0.99402,3.54,0.6,11.3,0.0,0
7.2,0.21,0.34,11.9,0.043,37.0,213.0,0.9962,3.09,0.5,9.6,1.0,1
6.3,0.41,0.3,3.2,0.03,49.0,164.0,0.9927,3.53,0.79,11.7,1.0,2
7.0,0.21,0.34,8.5,0.033,31.0,253.0,0.9953,3.22,0.56,10.5,1.0,1
7.5,0.21,0.68,10.9,0.045,38.0,133.0,0.9978,3.0,0.36,8.7,1.0,0
7.5,0.38,0.33,9.2,0.043,19.0,116.0,0.99444,3.08,0.42,11.4,1.0,1
7.6,0.31,0.49,13.4,0.062,50.0,191.0,0.9989,3.22,0.53,9.0,1.0,0
8.6,0.16,0.49,7.3,0.043,9.0,63.0,0.9953,3.13,0.59,10.5,1.0,1
6.8,0.68,0.09,3.9,0.068,15.0,29.0,0.99524,3.41,0.52,11.1,0.0,0
12.3,0.27,0.49,3.1,0.079,28.0,46.0,0.9993,3.2,0.8,10.2,0.0,1
7.0,0.2,0.38,8.1,0.05,42.0,173.0,0.99585,3.3,0.54,9.8,1.0,1
7.1,0.46,0.2,1.9,0.077,28.0,54.0,0.9956,3.37,0.64,10.4,0.0,1
5.3,0.3,0.3,1.2,0.029,25.0,93.0,0.98742,3.31,0.4,13.6,1.0,2
6.9,0.4,0.17,12.9,0.033,59.0,186.0,0.99754,3.08,0.49,9.4,1.0,0
6.8,0.37,0.51,11.8,0.044,62.0,163.0,0.9976,3.19,0.44,8.8,1.0,0
8.2,0.68,0.3,2.1,0.047,17.0,138.0,0.995,3.22,0.71,10.8,1.0,0
11.5,0.18,0.51,4.0,0.104,4.0,23.0,0.9996,3.28,0.97,10.1,0.0,1
7.6,0.685,0.23,2.3,0.111,20.0,84.0,0.9964,3.21,0.61,9.3,0.0,0
6.8,0.21,0.37,7.0,0.038,27.0,107.0,0.99206,2.98,0.82,11.5,1.0,1
6.7,0.16,0.49,2.4,0.046,57.0,187.0,0.9952,3.62,0.81,10.4,1.0,1
6.9,0.37,0.28,13.8,0.031,34.0,137.0,0.9948,3.1,0.37,11.6,1.0,1
6.4,0.41,0.01,6.1,0.048,20.0,70.0,0.99362,3.19,0.42,10.0,1.0,0
6.8,0.35,0.53,10.1,0.053,37.0,151.0,0.9963,3.07,0.4,9.4,1.0,0
6.2,0.44,0.18,7.7,0.096,28.0,210.0,0.99771,3.56,0.72,9.2,1.0,0
5.7,0.28,0.3,3.9,0.026,36.0,105.0,0.98963,3.26,0.58,12.75,1.0,1
6.5,0.41,0.24,14.0,0.048,24.0,113.0,0.9982,3.44,0.53,9.8,1.0,1
5.6,0.12,0.26,4.3,0.038,18.0,97.0,0.99477,3.36,0.46,9.2,1.0,0
8.0,0.2,0.44,1.0,0.057,24.0,111.0,0.99158,3.09,0.32,11.2,1.0,1
7.8,0.28,0.32,9.0,0.036,34.0,115.0,0.9952,3.17,0.39,10.3,1.0,2
7.9,0.43,0.21,1.6,0.106,10.0,37.0,0.9966,3.17,0.91,9.5,0.0,0
6.1,0.38,0.2,6.6,0.033,25.0,137.0,0.9938,3.3,0.69,10.4,1.0,1
7.6,0.3,0.4,2.2,0.054,29.0,175.0,0.99445,3.19,0.53,9.8,1.0,0
6.6,0.16,0.25,9.8,0.049,59.5,137.0,0.995,3.16,0.38,10.0,1.0,1
6.2,0.2,0.49,1.6,0.065,17.0,143.0,0.9937,3.22,0.52,9.2,1.0,1
8.5,0.28,0.34,13.8,0.041,32.0,161.0,0.9981,3.13,0.4,9.9,1.0,1
6.1,0.38,0.15,1.8,0.072,6.0,19.0,0.9955,3.42,0.57,9.4,0.0,0
5.6,0.28,0.28,4.2,0.044,52.0,158.0,0.992,3.35,0.44,10.7,1.0,2
5.0,0.27,0.4,1.2,0.076,42.0,124.0,0.99204,3.32,0.47,10.1,1.0,1
6.7,0.18,0.28,10.2,0.039,29.0,115.0,0.99469,3.11,0.45,10.9,1.0,2
7.8,0.61,0.29,1.6,0.114,9.0,29.0,0.9974,3.26,1.56,9.1,0.0,0
6.6,0.43,0.24,11.9,0.04,54.0,159.0,0.99622,3.14,0.54,9.8,1.0,1
6.5,0.15,0.55,5.9,0.045,75.0,162.0,0.99482,2.97,0.4,9.3,1.0,0
6.7,0.48,0.08,2.1,0.064,18.0,34.0,0.99552,3.33,0.64,9.7,0.0,0
6.7,0.5,0.63,13.4,0.078,81.0,238.0,0.9988,3.08,0.44,9.2,1.0,0
7.6,0.52,0.49,14.0,0.034,37.0,156.0,0.9958,3.14,0.38,11.8,1.0,2
7.9,0.44,0.26,4.45,0.033,23.0,100.0,0.99117,3.17,0.52,12.7,1.0,1
5.8,0.2,0.3,1.5,0.031,21.0,57.0,0.99115,3.44,0.55,11.0,1.0,1
14.0,0.41,0.63,3.8,0.089,6.0,47.0,1.0014,3.01,0.81,10.8,0.0,1
5.5,0.18,0.22,5.5,0.037,10.0,86.0,0.99156,3.46,0.44,12.2,1.0,0
6.4,0.17,0.3,2.8,0.034,33.0,125.0,0.99152,3.03,0.49,10.4,1.0,1
6.2,0.46,0.17,1.6,0.073,7.0,11.0,0.99425,3.61,0.54,11.4,0.0,0
5.2,0.5,0.18,2.0,0.036,23.0,129.0,0.98949,3.36,0.77,13.4,1.0,2
7.5,0.19,0.4,7.1,0.056,50.0,110.0,0.9954,3.06,0.52,9.9,1.0,1
6.5,0.18,0.31,1.7,0.044,30.0,127.0,0.9928,3.49,0.5,10.2,1.0,2
7.0,0.12,0.28,6.3,0.057,17.0,103.0,0.9957,3.5,0.44,9.6,1.0,0
6.6,0.26,0.27,11.8,0.048,28.0,112.0,0.99606,2.87,0.49,9.7,1.0,1
5.9,0.12,0.27,4.8,0.03,40.0,110.0,0.99226,3.55,0.68,12.1,1.0,1
8.0,0.43,0.4,12.4,0.168,29.0,190.0,0.9991,3.07,0.64,9.2,1.0,0
9.9,0.63,0.24,2.4,0.077,6.0,33.0,0.9974,3.09,0.57,9.4,0.0,0
6.5,0.22,0.25,17.1,0.05,44.0,138.0,1.0001,3.3,0.37,8.8,1.0,0
5.5,0.49,0.03,1.8,0.044,28.0,87.0,0.9908,3.5,0.82,14.0,0.0,2
7.6,0.32,0.25,9.5,0.03,15.0,136.0,0.99367,3.1,0.44,12.1,1.0,1
6.4,0.57,0.14,3.9,0.07,27.0,73.0,0.99669,3.32,0.48,9.2,0.0,0
7.0,0.16,0.26,7.3,0.047,30.0,220.0,0.99622,3.38,0.58,10.1,1.0,1
6.6,0.25,0.51,8.0,0.047,61.0,189.0,0.99604,3.22,0.49,9.2,1.0,0
7.1,0.32,0.24,13.1,0.05,52.0,204.0,0.998,3.1,0.49,8.8,1.0,0
6.9,0.38,0.32,8.5,0.044,36.0,152.0,0.9932,3.38,0.35,12.0,1.0,2
7.4,0.785,0.19,5.2,0.094,19.0,98.0,0.99713,3.16,0.52,9.56666666666667,0.0,1
5.9,0.26,0.29,5.4,0.046,34.0,116.0,0.99224,3.24,0.41,11.4,1.0,1
7.2,0.21,0.31,10.5,0.035,36.0,122.0,0.99478,3.12,0.4,10.6,1.0,1
7.0,0.32,0.35,1.5,0.039,24.0,125.0,0.9918,3.17,0.64,12.2,1.0,1
7.5,0.58,0.2,2.0,0.073,34.0,44.0,0.99494,3.1,0.43,9.3,0.0,0
6.7,0.41,0.34,9.2,0.049,29.0,150.0,0.9968,3.22,0.51,9.1,1.0,0
8.5,0.21,0.52,1.9,0.09,9.0,23.0,0.99648,3.36,0.67,10.4,0.0,0
6.6,0.22,0.3,14.7,0.045,50.0,136.0,0.99704,3.14,0.37,10.6,1.0,1
7.2,0.26,0.24,7.0,0.023,19.0,130.0,0.99176,3.14,0.49,12.8,1.0,2
6.8,0.27,0.28,7.8,0.038,26.0,89.0,0.9915,3.24,0.34,12.5,1.0,1
7.2,0.34,0.2,5.8,0.062,52.0,203.0,0.99461,3.17,0.44,9.8,1.0,1
11.4,0.6,0.49,2.7,0.085,10.0,41.0,0.9994,3.15,0.63,10.5,0.0,1
6.6,0.24,0.29,2.0,0.023,19.0,86.0,0.99,3.25,0.45,12.5,1.0,1
5.7,0.22,0.28,1.3,0.027,26.0,101.0,0.98948,3.35,0.38,12.5,1.0,2
5.7,0.32,0.5,2.6,0.049,17.0,155.0,0.9927,3.22,0.64,10.0,1.0,1
7.1,0.68,0.0,2.2,0.073,12.0,22.0,0.9969,3.48,0.5,9.3,0.0,0
7.3,0.4,0.28,6.5,0.037,26.0,97.0,0.99148,3.16,0.58,12.6,1.0,2
7.4,0.635,0.1,2.4,0.08,16.0,33.0,0.99736,3.58,0.69,10.8,0.0,2
7.7,0.665,0.0,2.4,0.09,8.0,19.0,0.9974,3.27,0.73,9.3,0.0,0
7.2,0.3,0.3,8.7,0.022,14.0,111.0,0.99576,3.11,0.61,10.6,1.0,0
6.7,0.54,0.27,7.1,0.049,8.0,178.0,0.99502,3.16,0.38,9.4,1.0,0
7.8,0.48,0.68,1.7,0.415,14.0,32.0,0.99656,3.09,1.06,9.1,0.0,1
10.7,0.22,0.56,8.2,0.044,37.0,181.0,0.998,2.87,0.68,9.5,1.0,1
6.0,0.41,0.23,1.1,0.066,22.0,148.0,0.99266,3.3,0.47,9.63333333333333,1.0,0
7.3,0.43,0.37,4.6,0.028,17.0,114.0,0.991,3.23,0.43,13.2,1.0,1
7.9,0.53,0.24,2.0,0.072,15.0,105.0,0.996,3.27,0.54,9.4,0.0,1
5.7,0.12,0.26,5.5,0.034,21.0,99.0,0.99324,3.09,0.57,9.9,1.0,1
7.5,0.42,0.31,1.6,0.08,15.0,42.0,0.9978,3.31,0.64,9.0,0.0,0
7.0,0.3,0.38,14.9,0.032,60.0,181.0,0.9983,3.18,0.61,9.3,1.0,2
7.7,0.28,0.29,4.3,0.051,25.0,142.0,0.9939,3.16,0.39,10.2,1.0,0
7.6,0.62,0.32,2.2,0.082,7.0,54.0,0.9966,3.36,0.52,9.4,0.0,0
6.6,0.25,0.3,14.4,0.052,40.0,183.0,0.998,3.02,0.5,9.1,1.0,1
6.8,0.22,0.37,15.2,0.051,68.0,178.0,0.99935,3.4,0.85,9.3,1.0,1
6.0,0.27,0.15,1.5,0.056,35.0,128.0,0.9936,3.12,0.45,8.8,1.0,0
7.7,0.39,0.34,10.0,0.056,35.0,178.0,0.9974,3.26,0.6,10.2,1.0,0
6.5,0.28,0.35,15.4,0.042,55.0,195.0,0.9978,3.23,0.5,9.6,1.0,1
7.3,0.17,0.23,6.3,0.051,35.0,240.0,0.9963,3.36,0.54,10.0,1.0,1
7.3,0.51,0.18,2.1,0.07,12.0,28.0,0.99768,3.52,0.73,9.5,0.0,1
8.7,0.24,0.35,0.6,0.042,11.0,71.0,0.9926,3.08,0.38,10.6,1.0,0
6.3,0.17,0.32,4.2,0.04,37.0,117.0,0.99182,3.24,0.43,11.3,1.0,1
7.2,0.57,0.05,2.3,0.081,16.0,36.0,0.99564,3.38,0.6,10.3,0.0,1
6.0,0.26,0.33,4.35,0.04,15.0,80.0,0.98934,3.29,0.5,12.7,1.0,1
5.7,0.22,0.2,16.0,0.044,41.0,113.0,0.99862,3.22,0.46,8.9,1.0,1
7.0,0.28,0.33,14.6,0.043,47.0,168.0,0.9994,3.34,0.67,8.8,1.0,1
7.9,0.345,0.51,15.3,0.047,54.0,171.0,0.9987,3.09,0.51,9.1,1.0,0
6.2,0.28,0.45,7.5,0.045,46.0,203.0,0.99573,3.26,0.46,9.2,1.0,1
10.5,0.51,0.64,2.4,0.107,6.0,15.0,0.9973,3.09,0.66,11.8,0.0,2
8.1,0.27,0.33,1.3,0.045,26.0,100.0,0.99066,2.98,0.44,12.4,1.0,1
12.5,0.46,0.49,4.5,0.07,26.0,49.0,0.9981,3.05,0.57,9.6,0.0,0
5.7,0.15,0.28,3.7,0.045,57.0,151.0,0.9913,3.22,0.27,11.2,1.0,1
6.1,0.32,0.28,6.6,0.021,29.0,132.0,0.99188,3.15,0.36,11.45,1.0,2
5.8,0.36,0.5,1.0,0.127,63.0,178.0,0.99212,3.1,0.45,9.7,1.0,0
6.4,0.18,0.48,18.0,0.054,56.0,183.0,1.00038,2.98,0.61,8.5,1.0,1
7.8,0.57,0.31,1.8,0.069,26.0,120.0,0.99625,3.29,0.53,9.3,0.0,0
10.4,0.33,0.63,2.8,0.084,5.0,22.0,0.9998,3.26,0.74,11.2,0.0,2
6.4,0.41,0.24,14.0,0.048,24.0,113.0,0.9982,3.44,0.53,9.8,1.0,1
7.4,0.17,0.4,5.5,0.037,34.0,161.0,0.9935,3.05,0.62,11.5,1.0,0
10.8,0.32,0.44,1.6,0.063,16.0,37.0,0.9985,3.22,0.78,10.0,0.0,1
6.4,0.62,0.12,4.7,0.06,33.0,196.0,0.99556,3.22,0.48,8.9,1.0,0
9.1,0.3,0.41,2.0,0.068,10.0,24.0,0.99523,3.27,0.85,11.7,0.0,2
5.8,0.32,0.28,4.3,0.032,46.0,115.0,0.98946,3.16,0.57,13.0,1.0,2
6.7,0.41,0.34,9.2,0.049,29.0,150.0,0.9968,3.22,0.51,9.1,1.0,0
9.4,0.28,0.3,1.6,0.045,36.0,139.0,0.99534,3.11,0.49,9.3,1.0,0
7.2,0.49,0.18,2.7,0.069,13.0,34.0,0.9967,3.29,0.48,9.2,0.0,1
9.5,0.46,0.24,2.7,0.092,14.0,44.0,0.998,3.12,0.74,10.0,0.0,1
7.3,0.67,0.02,2.2,0.072,31.0,92.0,0.99566,3.32,0.68,11.0666666666667,0.0,1
6.6,0.28,0.36,1.7,0.038,22.0,101.0,0.9912,3.29,0.57,11.6,1.0,1
7.9,0.12,0.49,5.2,0.049,33.0,152.0,0.9952,3.18,0.47,10.6,1.0,1
6.4,0.17,0.34,13.4,0.044,45.0,139.0,0.99752,3.06,0.43,9.1,1.0,1
7.9,0.26,0.41,15.15,0.04,38.0,216.0,0.9976,2.96,0.6,10.0,1.0,1
7.9,0.35,0.21,1.9,0.073,46.0,102.0,0.9964,3.27,0.58,9.5,0.0,0
9.6,0.56,0.23,3.4,0.102,37.0,92.0,0.9996,3.3,0.65,10.1,0.0,0
5.2,0.38,0.26,7.7,0.053,20.0,103.0,0.9925,3.27,0.45,12.2,1.0,1
9.5,0.78,0.22,1.9,0.077,6.0,32.0,0.9988,3.26,0.56,10.6,0.0,1
6.4,0.21,0.34,16.05,0.04,56.0,142.0,0.99678,3.11,0.38,10.6,1.0,0
8.1,0.575,0.22,2.1,0.077,12.0,65.0,0.9967,3.29,0.51,9.2,0.0,0
8.0,0.25,0.49,1.2,0.061,27.0,117.0,0.9938,3.08,0.34,9.4,1.0,0
9.2,0.14,0.37,1.1,0.034,36.0,84.0,0.99136,3.05,0.55,11.6,1.0,1
7.4,0.41,0.66,10.8,0.051,77.0,194.0,0.9976,3.05,0.46,8.7,1.0,0
6.5,0.17,0.54,8.5,0.082,64.0,163.0,0.9959,2.89,0.39,8.8,1.0,1
7.0,0.62,0.08,1.8,0.076,8.0,24.0,0.9978,3.48,0.53,9.0,0.0,0
6.3,0.21,0.33,13.9,0.046,68.0,179.0,0.9971,3.36,0.5,10.4,1.0,1
6.8,0.17,0.74,2.4,0.053,61.0,182.0,0.9953,3.63,0.76,10.5,1.0,1
7.6,0.27,0.29,2.5,0.059,37.0,115.0,0.99328,3.09,0.37,9.8,1.0,0
6.3,0.12,0.36,2.1,0.044,47.0,146.0,0.9914,3.27,0.74,11.4,1.0,2
6.6,0.34,0.34,2.6,0.051,40.5,210.0,0.99314,3.15,0.61,10.0,1.0,0
8.4,0.57,0.44,10.7,0.051,46.0,195.0,0.9981,3.15,0.51,10.4,1.0,0
7.8,0.88,0.0,2.6,0.098,25.0,67.0,0.9968,3.2,0.68,9.8,0.0,0
6.9,0.615,0.42,12.0,0.067,24.0,131.0,0.99727,3.19,0.34,9.3,1.0,0
8.8,0.3,0.38,2.3,0.06,19.0,72.0,0.99543,3.39,0.72,11.8,0.0,1
4.9,0.345,0.34,1.0,0.068,32.0,143.0,0.99138,3.24,0.4,10.1,1.0,0
6.0,0.4,0.3,1.6,0.047,30.0,117.0,0.9931,3.17,0.48,10.1,1.0,1
6.6,0.39,0.49,1.7,0.07,23.0,149.0,0.9922,3.12,0.5,11.5,0.0,1
6.5,0.26,0.31,3.6,0.03,36.0,92.0,0.99026,3.22,0.62,12.6,1.0,2
6.7,0.18,0.3,6.4,0.048,40.0,251.0,0.9956,3.29,0.52,10.0,1.0,0
6.0,0.2,0.24,1.8,0.03,30.0,105.0,0.9909,3.31,0.47,11.5,1.0,1
8.0,0.3,0.63,1.6,0.081,16.0,29.0,0.99588,3.3,0.78,10.8,0.0,1
6.3,0.43,0.32,8.8,0.042,18.0,106.0,0.99172,3.28,0.33,12.9,1.0,2
8.2,0.57,0.26,2.2,0.06,28.0,65.0,0.9959,3.3,0.43,10.1,0.0,0
8.3,0.43,0.3,3.4,0.079,7.0,34.0,0.99788,3.36,0.61,10.5,0.0,0
7.5,0.29,0.67,8.1,0.037,53.0,166.0,0.9966,2.9,0.41,8.9,1.0,1
6.9,0.28,0.33,1.2,0.039,16.0,98.0,0.9904,3.07,0.39,11.7,1.0,1
6.9,0.24,0.36,20.8,0.031,40.0,139.0,0.9975,3.2,0.33,11.0,1.0,1
7.1,0.33,0.18,6.3,0.094,27.0,166.0,0.99474,2.9,0.49,9.5,1.0,0
7.2,0.695,0.13,2.0,0.076,12.0,20.0,0.99546,3.29,0.54,10.1,0.0,0
7.8,0.63,0.48,1.7,0.1,14.0,96.0,0.9961,3.19,0.62,9.5,0.0,0
7.0,0.25,0.45,2.3,0.045,40.0,118.0,0.99064,3.16,0.48,11.9,1.0,2
8.0,0.23,0.35,9.2,0.044,53.0,186.0,0.997,3.09,0.56,9.5,1.0,2
6.0,0.22,0.28,1.1,0.034,47.0,90.0,0.98862,3.22,0.38,12.6,1.0,1
5.9,0.3,0.29,1.1,0.036,23.0,56.0,0.9904,3.19,0.38,11.3,1.0,0
7.2,0.25,0.39,18.95,0.038,42.0,155.0,0.9999,2.97,0.47,9.0,1.0,1
8.4,0.715,0.2,2.4,0.076,10.0,38.0,0.99735,3.31,0.64,9.4,0.0,0
6.5,0.36,0.31,4.1,0.061,20.0,134.0,0.99475,3.18,0.45,9.0,1.0,1
6.8,0.28,0.36,7.0,0.043,60.0,207.0,0.99556,3.16,0.49,9.6,1.0,1
6.6,0.38,0.29,2.9,0.035,15.0,101.0,0.98916,3.04,0.37,12.5,1.0,1
7.1,0.18,0.32,12.2,0.048,36.0,125.0,0.9967,2.92,0.54,9.4,1.0,1
12.7,0.6,0.65,2.3,0.063,6.0,25.0,0.9997,3.03,0.57,9.9,0.0,0
12.0,0.28,0.49,1.9,0.074,10.0,21.0,0.9976,2.98,0.66,9.9,0.0,2
6.2,0.38,0.42,2.5,0.038,34.0,117.0,0.99132,3.36,0.59,11.6,1.0,2
5.5,0.16,0.31,1.2,0.026,31.0,68.0,0.9898,3.33,0.44,11.65,1.0,1
5.8,0.34,0.21,7.2,0.041,48.0,146.0,0.99441,3.16,0.49,9.8,1.0,0
9.8,0.25,0.49,2.7,0.088,15.0,33.0,0.9982,3.42,0.9,10.0,0.0,1
6.7,0.24,0.35,13.1,0.05,64.0,205.0,0.997,3.15,0.5,9.5,1.0,0
6.7,0.2,0.41,9.1,0.044,50.0,166.0,0.9954,3.14,0.58,9.8,1.0,1
7.4,0.33,0.44,7.6,0.05,40.0,227.0,0.99679,3.12,0.52,9.0,1.0,0
6.1,0.34,0.31,12.0,0.053,46.0,238.0,0.9977,3.16,0.48,8.6,1.0,0
6.5,0.21,0.37,2.5,0.048,70.0,138.0,0.9917,3.33,0.75,11.4,1.0,2
6.4,0.26,0.49,6.4,0.037,37.0,161.0,0.9954,3.38,0.53,9.7,1.0,1
7.3,0.365,0.49,2.5,0.088,39.0,106.0,0.9966,3.36,0.78,11.0,0.0,0
8.2,0.35,0.4,6.3,0.039,35.0,162.0,0.9936,3.15,0.34,11.9,1.0,2
5.4,0.23,0.36,1.5,0.03,74.0,121.0,0.98976,3.24,0.99,12.1,1.0,2
7.3,0.3,0.33,2.3,0.043,28.0,125.0,0.99084,3.34,0.44,12.6,1.0,2
8.6,0.49,0.51,2.0,0.422,16.0,62.0,0.9979,3.03,1.17,9.0,0.0,0
5.8,0.28,0.3,3.9,0.026,36.0,105.0,0.98963,3.26,0.58,12.75,1.0,1
6.5,0.22,0.29,7.4,0.028,16.0,87.0,0.99311,3.15,0.56,10.9,1.0,2
7.9,0.35,0.36,1.6,0.038,11.0,124.0,0.9928,3.25,0.48,11.0,1.0,0
7.1,0.43,0.17,1.8,0.082,27.0,51.0,0.99634,3.49,0.64,10.4,0.0,0
9.0,0.45,0.49,2.6,0.084,21.0,75.0,0.9987,3.35,0.57,9.7,0.0,0
7.3,0.365,0.49,2.5,0.088,39.0,106.0,0.9966,3.36,0.78,11.0,0.0,0
6.1,0.32,0.37,1.8,0.051,13.0,200.0,0.9945,3.49,0.44,10.5,1.0,0
7.0,0.22,0.39,2.1,0.055,39.0,198.0,0.9951,3.52,0.54,10.2,1.0,1
7.0,0.15,0.28,14.7,0.051,29.0,149.0,0.99792,2.96,0.39,9.0,1.0,2
6.3,0.3,0.34,1.6,0.049,14.0,132.0,0.994,3.3,0.49,9.5,1.0,1
7.2,0.15,0.39,1.8,0.043,21.0,159.0,0.9948,3.52,0.47,10.0,1.0,0
6.5,0.16,0.33,1.0,0.027,23.0,75.0,0.9908,3.3,0.39,11.4,1.0,2
5.6,0.245,0.25,9.7,0.032,12.0,68.0,0.994,3.31,0.34,10.5,1.0,0
8.8,0.64,0.17,2.9,0.084,25.0,130.0,0.99818,3.23,0.54,9.6,0.0,0
7.1,0.61,0.02,2.5,0.081,17.0,87.0,0.99745,3.48,0.6,9.7,0.0,1
7.0,0.24,0.24,1.8,0.047,29.0,91.0,0.99251,3.3,0.43,9.9,1.0,1
6.3,0.35,0.3,5.7,0.035,8.0,97.0,0.9927,3.27,0.41,11.0,1.0,2
7.2,0.28,0.26,12.5,0.046,48.0,179.0,0.9975,3.1,0.52,9.0,1.0,1
8.3,0.25,0.49,16.8,0.048,50.0,228.0,1.0001,3.03,0.52,9.2,1.0,1
7.3,0.18,0.31,17.3,0.055,32.0,197.0,1.0002,3.13,0.46,9.0,1.0,1
7.4,0.61,0.01,2.0,0.074,13.0,38.0,0.99748,3.48,0.65,9.8,0.0,0
6.6,0.32,0.24,1.3,0.06,42.5,204.0,0.99512,3.59,0.51,9.2,1.0,0
5.8,0.33,0.23,5.0,0.053,29.0,106.0,0.99458,3.13,0.52,9.0,1.0,0
6.1,0.31,0.34,2.8,0.042,59.5,162.0,0.99179,3.27,0.47,10.8,1.0,1
7.7,0.3,0.26,18.95,0.053,36.0,174.0,0.99976,3.2,0.5,10.4,1.0,0
8.1,0.34,0.28,7.5,0.04,70.0,230.0,0.99558,3.14,0.55,9.8,1.0,1
7.3,0.51,0.29,11.3,0.034,61.0,224.0,0.99683,3.14,0.56,9.5,1.0,1
7.7,0.39,0.12,1.7,0.097,19.0,27.0,0.99596,3.16,0.49,9.4,0.0,0
7.0,0.24,0.35,1.0,0.032,42.0,104.0,0.98988,3.16,0.37,11.7,1.0,2
6.8,0.24,0.35,6.4,0.048,44.0,172.0,0.9944,3.29,0.55,10.5,1.0,2
6.4,0.24,0.26,8.2,0.054,47.0,182.0,0.99538,3.12,0.5,9.5,1.0,0
7.7,0.24,0.31,1.3,0.047,33.0,106.0,0.993,3.22,0.55,10.8,1.0,1
7.5,0.26,0.31,1.6,0.032,36.0,109.0,0.99044,2.97,0.43,11.9,1.0,1
7.7,0.35,0.49,8.65,0.033,42.0,186.0,0.9931,3.14,0.38,12.4,1.0,2
7.6,0.23,0.49,10.0,0.036,45.0,182.0,0.9967,3.08,0.58,9.6,1.0,1
5.6,0.39,0.24,4.7,0.034,27.0,77.0,0.9906,3.28,0.36,12.7,1.0,0
6.5,0.21,0.51,17.6,0.045,34.0,125.0,0.99966,3.2,0.47,8.8,1.0,1
8.0,0.31,0.45,2.1,0.216,5.0,16.0,0.99358,3.15,0.81,12.5,0.0,2
6.6,0.26,0.52,8.2,0.047,52.0,191.0,0.99541,3.16,0.47,9.5,1.0,1
8.0,0.66,0.72,17.55,0.042,62.0,233.0,0.9999,2.92,0.68,9.4,1.0,0
9.0,0.8,0.12,2.4,0.083,8.0,28.0,0.99836,3.33,0.65,10.4,0.0,1
7.3,0.35,0.67,8.3,0.053,10.0,100.0,0.9959,3.19,0.5,10.9,1.0,0
7.1,0.18,0.39,14.5,0.051,48.0,156.0,0.99947,3.35,0.78,9.1,1.0,0
8.5,0.655,0.49,6.1,0.122,34.0,151.0,1.001,3.31,1.14,9.3,0.0,0
6.2,0.25,0.44,15.8,0.057,39.0,167.0,0.99804,3.14,0.51,9.2,1.0,0
7.6,0.49,0.33,1.9,0.074,27.0,85.0,0.99706,3.41,0.58,9.0,0.0,0
8.0,0.25,0.13,17.2,0.036,49.0,219.0,0.9996,2.96,0.46,9.7,1.0,0
7.0,0.25,0.56,2.0,0.035,20.0,95.0,0.9918,3.23,0.53,11.0,1.0,1
7.4,0.21,0.8,12.3,0.038,77.0,183.0,0.99778,2.95,0.48,9.0,1.0,0
7.1,0.25,0.39,2.1,0.036,30.0,124.0,0.9908,3.28,0.43,12.2,1.0,2
6.9,0.19,0.33,1.6,0.039,27.0,98.0,0.9898,3.09,0.46,12.3,1.0,2
9.2,0.19,0.42,2.0,0.047,16.0,104.0,0.99517,3.09,0.66,10.0,1.0,0
6.8,0.45,0.3,11.8,0.094,23.0,97.0,0.997,3.09,0.44,9.6,1.0,0
7.2,0.54,0.27,2.6,0.084,12.0,78.0,0.9964,3.39,0.71,11.0,0.0,0
7.1,0.71,0.0,1.9,0.08,14.0,35.0,0.9972,3.47,0.55,9.4,0.0,0
8.0,0.23,0.37,9.6,0.054,23.0,159.0,0.99795,3.32,0.47,9.8,1.0,0
7.1,0.16,0.36,1.2,0.043,21.0,90.0,0.9925,3.16,0.42,11.0,1.0,2
8.8,0.7,0.0,1.7,0.069,8.0,19.0,0.99701,3.31,0.53,10.0,0.0,1
7.1,0.33,0.64,13.2,0.056,12.0,105.0,0.9972,3.05,0.39,9.2,1.0,0
6.4,0.24,0.32,0.95,0.041,23.0,131.0,0.99033,3.25,0.35,11.8,1.0,0
9.9,0.59,0.07,3.4,0.102,32.0,71.0,1.00015,3.31,0.71,9.8,0.0,0
7.1,0.65,0.18,1.8,0.07,13.0,40.0,0.997,3.44,0.6,9.1,0.0,0
7.4,0.27,0.26,11.8,0.053,55.0,173.0,0.99699,3.11,0.6,9.8,1.0,0
5.9,0.35,0.47,2.2,0.11,14.0,138.0,0.9932,3.09,0.5,9.1,1.0,0
7.0,0.29,0.33,0.9,0.041,20.0,117.0,0.99048,3.21,0.5,11.4,1.0,0
6.4,0.26,0.26,1.1,0.052,22.0,176.0,0.99304,3.09,0.54,9.3,1.0,0
7.6,0.39,0.31,2.3,0.082,23.0,71.0,0.9982,3.52,0.65,9.7,0.0,0
5.3,0.395,0.07,1.3,0.035,26.0,102.0,0.992,3.5,0.35,10.6,1.0,1
8.9,0.75,0.14,2.5,0.086,9.0,30.0,0.99824,3.34,0.64,10.5,0.0,0
6.8,0.41,0.31,8.8,0.084,26.0,45.0,0.99824,3.38,0.64,10.1,0.0,1
7.4,0.965,0.0,2.2,0.088,16.0,32.0,0.99756,3.58,0.67,10.2,0.0,0
6.6,0.23,0.37,8.5,0.036,46.0,153.0,0.99576,3.2,0.48,9.4,1.0,1
7.2,0.57,0.05,2.3,0.081,16.0,36.0,0.99564,3.38,0.6,10.3,0.0,1
6.1,0.38,0.42,5.0,0.016,31.0,113.0,0.99007,3.15,0.31,12.4,1.0,2
5.9,0.54,0.0,0.8,0.032,12.0,82.0,0.99286,3.25,0.36,8.8,1.0,0
11.5,0.18,0.51,4.0,0.104,4.0,23.0,0.9996,3.28,0.97,10.1,0.0,1
6.2,0.18,0.38,1.5,0.028,36.0,117.0,0.993,3.47,0.54,9.7,1.0,1
7.4,0.55,0.19,1.8,0.082,15.0,34.0,0.99655,3.49,0.68,10.5,0.0,0
8.1,0.17,0.44,14.1,0.053,43.0,145.0,1.0006,3.28,0.75,8.8,1.0,2
6.2,0.36,0.24,2.2,0.095,19.0,42.0,0.9946,3.57,0.57,11.7,0.0,1
10.2,0.54,0.37,15.4,0.214,55.0,95.0,1.00369,3.18,0.77,9.0,0.0,1
6.9,0.44,0.18,11.8,0.051,26.0,126.0,0.9975,3.23,0.48,9.1,1.0,0
7.4,0.55,0.19,1.8,0.082,15.0,34.0,0.99655,3.49,0.68,10.5,0.0,0
6.0,0.35,0.51,1.2,0.029,10.0,102.0,0.9903,3.46,0.42,11.9,1.0,1
7.1,0.25,0.28,1.6,0.052,46.0,169.0,0.9926,3.05,0.41,10.5,1.0,0
5.6,0.29,0.05,0.8,0.038,11.0,30.0,0.9924,3.36,0.35,9.2,1.0,0
9.1,0.3,0.34,2.0,0.064,12.0,25.0,0.99516,3.26,0.84,11.7,0.0,2
7.3,0.2,0.39,2.3,0.048,24.0,87.0,0.99044,2.94,0.35,12.0,1.0,1
7.1,0.29,0.34,7.8,0.036,49.0,128.0,0.99397,3.21,0.4,10.7,1.0,1
6.5,0.32,0.3,2.3,0.051,20.0,127.0,0.98964,3.13,0.52,12.8,1.0,1
6.0,0.24,0.34,1.0,0.036,52.0,184.0,0.99097,3.44,0.44,11.45,1.0,1
6.3,0.21,0.58,10.0,0.081,34.0,126.0,0.9962,2.95,0.46,8.9,1.0,0
7.5,0.2,0.41,1.2,0.05,26.0,131.0,0.99133,3.19,0.52,11.1,1.0,0
6.1,0.27,0.43,7.5,0.049,65.0,243.0,0.9957,3.12,0.47,9.0,1.0,0
6.7,0.28,0.34,8.9,0.048,32.0,111.0,0.99455,3.25,0.54,11.0,1.0,2
5.0,0.17,0.56,1.5,0.026,24.0,115.0,0.9906,3.48,0.39,10.8,1.0,2
13.3,0.34,0.52,3.2,0.094,17.0,53.0,1.0014,3.05,0.81,9.5,0.0,1
6.3,0.6,0.1,1.6,0.048,12.0,26.0,0.99306,3.55,0.51,12.1,0.0,0
7.2,0.19,0.39,1.2,0.036,32.0,85.0,0.9918,3.16,0.5,10.5,1.0,0
5.0,0.42,0.24,2.0,0.06,19.0,50.0,0.9917,3.72,0.74,14.0,0.0,2
9.2,0.23,0.3,1.1,0.031,40.0,99.0,0.9929,2.94,0.3,10.4,1.0,1
7.3,0.32,0.34,6.6,0.032,24.0,112.0,0.99505,3.22,0.46,9.8,1.0,1
6.4,0.1,0.35,4.9,0.048,31.0,103.0,0.9947,3.43,0.79,9.7,1.0,1
6.1,0.16,0.24,1.4,0.046,17.0,77.0,0.99319,3.66,0.57,10.3,1.0,1
5.7,0.25,0.21,1.5,0.044,21.0,108.0,0.99142,3.3,0.59,11.0,1.0,1
7.5,0.26,0.52,13.2,0.047,64.0,179.0,0.9982,3.1,0.46,9.0,1.0,0
7.6,0.13,0.34,9.3,0.062,40.0,126.0,0.9966,3.21,0.39,9.6,1.0,0
6.7,0.105,0.32,12.4,0.051,34.0,106.0,0.998,3.54,0.45,9.2,1.0,1
6.5,0.44,0.47,5.45,0.014,44.0,137.0,0.98984,3.13,0.32,13.0,1.0,2
6.2,0.26,0.29,2.0,0.036,16.0,87.0,0.99081,3.33,0.61,11.8,1.0,1
6.7,0.41,0.24,5.4,0.035,33.0,115.0,0.9901,3.12,0.44,12.8933333333333,1.0,2
10.9,0.53,0.49,4.6,0.118,10.0,17.0,1.0002,3.07,0.56,11.7,0.0,1
6.4,0.22,0.38,9.1,0.044,35.0,127.0,0.99326,2.97,0.3,11.0,1.0,2
6.0,0.45,0.65,9.7,0.08,11.0,159.0,0.9956,3.04,0.48,9.4,1.0,0
7.1,0.33,0.64,13.2,0.056,12.0,105.0,0.9972,3.05,0.39,9.2,1.0,0
6.6,0.24,0.38,8.0,0.042,56.0,187.0,0.99577,3.21,0.46,9.2,1.0,0
7.0,0.15,0.28,14.7,0.051,29.0,149.0,0.99792,2.96,0.39,9.0,1.0,2
7.0,0.14,0.4,1.7,0.035,16.0,85.0,0.9911,3.19,0.42,11.8,1.0,1
6.6,0.18,0.28,3.3,0.044,18.0,91.0,0.993,3.42,0.64,10.8,1.0,1
6.0,0.3,0.33,2.1,0.042,31.0,127.0,0.98964,3.32,0.42,12.5,1.0,1
7.3,0.13,0.32,14.4,0.051,34.0,109.0,0.9974,3.2,0.35,9.2,1.0,1
6.7,0.31,0.31,9.9,0.04,10.0,175.0,0.9953,3.46,0.55,11.4,1.0,0
7.8,0.49,0.49,7.0,0.043,29.0,149.0,0.9952,3.21,0.33,10.0,1.0,0
7.2,0.23,0.19,13.7,0.052,47.0,197.0,0.99865,3.12,0.53,9.0,1.0,0
6.4,0.21,0.44,7.4,0.045,47.0,182.0,0.9957,3.24,0.46,9.1,1.0,0
11.3,0.37,0.5,1.8,0.09,20.0,47.0,0.99734,3.15,0.57,10.5,0.0,0
7.4,0.25,0.37,2.6,0.05,24.0,132.0,0.99138,3.04,0.53,11.2,1.0,1
5.8,0.3,0.09,6.3,0.042,36.0,138.0,0.99382,3.15,0.48,9.7,1.0,0
7.5,0.3,0.32,1.4,0.032,31.0,161.0,0.99154,2.95,0.42,10.5,1.0,0
6.3,0.19,0.29,2.0,0.022,33.0,96.0,0.98902,3.04,0.54,12.8,1.0,2
5.4,0.74,0.09,1.7,0.089,16.0,26.0,0.99402,3.67,0.56,11.6,0.0,1
6.8,0.28,0.29,11.9,0.052,51.0,149.0,0.99544,3.02,0.58,10.4,1.0,1
7.4,0.3,0.22,1.4,0.046,16.0,135.0,0.9928,3.08,0.77,10.4,1.0,2
6.9,0.24,0.33,12.5,0.046,47.0,153.0,0.9983,3.28,0.77,9.6,1.0,1
9.6,0.77,0.12,2.9,0.082,30.0,74.0,0.99865,3.3,0.64,10.4,0.0,1
6.1,0.38,0.14,3.9,0.06,27.0,113.0,0.99344,3.07,0.34,9.2,1.0,0
7.3,0.22,0.49,9.4,0.034,29.0,134.0,0.9939,2.99,0.32,11.0,1.0,2
7.5,0.3,0.21,6.55,0.026,33.0,143.0,0.99244,2.92,0.35,11.1,1.0,0
8.0,0.26,0.28,4.8,0.05,34.0,150.0,0.99437,3.13,0.5,10.0,1.0,1
10.8,0.89,0.3,2.6,0.132,7.0,60.0,0.99786,2.99,1.18,10.2,0.0,0
6.2,0.18,0.49,4.5,0.047,17.0,90.0,0.9919,3.27,0.37,11.6,1.0,1
7.2,0.31,0.5,13.3,0.056,68.0,195.0,0.9982,3.01,0.47,9.2,1.0,0
8.2,0.36,0.29,7.6,0.035,37.0,122.0,0.9939,3.16,0.34,12.0,1.0,0
7.8,0.6,0.14,2.4,0.086,3.0,15.0,0.9975,3.42,0.6,10.8,0.0,1
6.0,0.28,0.25,1.8,0.042,8.0,108.0,0.9929,3.08,0.55,9.0,1.0,0
9.4,0.395,0.46,4.6,0.094,3.0,10.0,0.99639,3.27,0.64,12.2,0.0,2
7.6,0.48,0.37,1.2,0.034,5.0,57.0,0.99256,3.05,0.54,10.4,1.0,0
6.8,0.23,0.3,1.7,0.043,19.0,95.0,0.99207,3.17,0.46,10.7,1.0,2
8.8,0.33,0.41,5.9,0.073,7.0,13.0,0.99658,3.3,0.62,12.1,0.0,2
9.1,0.5,0.3,1.9,0.065,8.0,17.0,0.99774,3.32,0.71,10.5,0.0,1
6.4,0.16,0.44,1.2,0.051,39.0,122.0,0.99058,3.11,0.75,11.3,1.0,2
7.8,0.53,0.01,1.6,0.077,3.0,19.0,0.995,3.16,0.46,9.8,0.0,0
7.8,0.6,0.26,2.0,0.08,31.0,131.0,0.99622,3.21,0.52,9.9,0.0,0
6.5,0.23,0.25,17.3,0.046,15.0,110.0,0.99828,3.15,0.42,9.2,1.0,1
8.0,0.25,0.27,9.7,0.036,15.0,85.0,0.99406,2.99,0.36,11.2,1.0,1
5.9,0.34,0.31,2.0,0.03,38.0,142.0,0.98892,3.4,0.41,12.9,1.0,2
6.1,0.32,0.25,1.8,0.086,5.0,32.0,0.99464,3.36,0.44,10.1,0.0,0
5.9,0.21,0.23,7.9,0.033,22.0,130.0,0.9944,3.38,0.59,10.9,1.0,1
7.1,0.36,0.3,1.6,0.08,35.0,70.0,0.99693,3.44,0.5,9.4,0.0,0
7.4,0.2,0.37,16.95,0.048,43.0,190.0,0.9995,3.03,0.42,9.2,1.0,1
6.7,0.24,0.39,2.9,0.173,63.0,157.0,0.9937,3.1,0.34,9.4,1.0,1
7.6,0.74,0.0,1.9,0.1,6.0,12.0,0.99521,3.36,0.59,11.0,0.0,0
7.5,0.33,0.32,11.1,0.036,25.0,119.0,0.9962,3.15,0.34,10.5,1.0,1
7.5,0.57,0.02,2.6,0.077,11.0,35.0,0.99557,3.36,0.62,10.8,0.0,1
5.6,0.26,0.26,5.7,0.031,12.0,80.0,0.9923,3.25,0.38,10.8,1.0,0
6.3,0.28,0.3,3.1,0.039,24.0,115.0,0.9942,3.05,0.43,8.6,1.0,0
6.1,0.21,0.3,6.3,0.039,47.0,136.0,0.99068,3.27,0.31,12.7,1.0,1
9.1,0.28,0.49,2.0,0.059,10.0,112.0,0.9958,3.15,0.46,10.1,1.0,0
6.4,0.34,0.1,1.1,0.048,19.0,84.0,0.9927,3.21,0.38,9.8,1.0,0
10.1,0.45,0.23,1.9,0.082,10.0,18.0,0.99774,3.22,0.65,9.3,0.0,1
6.4,0.16,0.25,1.4,0.057,21.0,125.0,0.99091,3.23,0.44,11.1,1.0,2
7.6,0.25,0.34,1.3,0.056,34.0,176.0,0.99434,3.1,0.51,9.5,1.0,0
7.1,0.23,0.24,5.4,0.039,60.0,196.0,0.9948,3.19,0.78,10.0,1.0,0
7.8,0.76,0.04,2.3,0.092,15.0,54.0,0.997,3.26,0.65,9.8,0.0,0
6.7,0.27,0.12,1.3,0.041,62.0,138.0,0.9921,3.21,0.42,10.0,1.0,1
6.4,0.63,0.21,1.6,0.08,12.0,32.0,0.99689,3.58,0.66,9.8,0.0,0
9.2,0.28,0.46,3.2,0.058,39.0,133.0,0.996,3.14,0.58,9.5,1.0,0
7.8,0.18,0.46,12.6,0.042,41.0,143.0,1.0,3.24,0.76,8.5,1.0,2
6.8,0.28,0.6,1.1,0.132,42.0,127.0,0.9934,3.09,0.44,9.1,1.0,1
6.3,0.51,0.13,2.3,0.076,29.0,40.0,0.99574,3.42,0.75,11.0,0.0,1
5.8,0.34,0.21,6.6,0.04,50.0,167.0,0.9941,3.29,0.62,10.0,1.0,0
6.8,0.17,0.17,5.1,0.049,26.0,82.0,0.993,3.0,0.38,9.8,1.0,1
6.1,0.31,0.37,8.4,0.031,70.0,170.0,0.9934,3.42,0.4,11.7,1.0,2
8.1,0.72,0.09,2.8,0.084,18.0,49.0,0.9994,3.43,0.72,11.1,0.0,1
8.6,0.38,0.36,3.0,0.081,30.0,119.0,0.997,3.2,0.56,9.4,0.0,0
6.8,0.26,0.24,7.8,0.052,54.0,214.0,0.9961,3.13,0.47,8.9,1.0,0
6.4,0.34,0.2,14.9,0.06,37.0,162.0,0.9983,3.13,0.45,9.0,1.0,0
7.6,0.22,0.34,9.7,0.035,26.0,143.0,0.9965,3.08,0.49,9.8,1.0,1
7.0,0.17,0.37,1.5,0.028,26.0,75.0,0.9922,3.3,0.46,10.8,1.0,2
8.8,0.3,0.38,2.3,0.06,19.0,72.0,0.99543,3.39,0.72,11.8,0.0,1
6.4,0.27,0.29,3.9,0.034,62.0,140.0,0.99237,3.1,0.59,11.1,1.0,1
7.1,0.48,0.28,2.8,0.068,6.0,16.0,0.99682,3.24,0.53,10.3,0.0,0
7.6,0.4,0.27,5.2,0.03,32.0,101.0,0.99172,3.22,0.62,12.3,1.0,2
6.8,0.23,0.29,15.4,0.073,56.0,173.0,0.9984,3.06,0.41,8.7,1.0,1
6.7,0.48,0.02,2.2,0.08,36.0,111.0,0.99524,3.1,0.53,9.7,0.0,0
6.8,0.27,0.28,13.3,0.076,50.0,163.0,0.9979,3.03,0.38,8.6,1.0,1
8.8,0.61,0.19,4.0,0.094,30.0,69.0,0.99787,3.22,0.5,10.0,0.0,1
7.5,0.33,0.36,2.6,0.051,26.0,126.0,0.99097,3.32,0.53,12.7,1.0,1
5.4,0.59,0.07,7.0,0.045,36.0,147.0,0.9944,3.34,0.57,9.7,1.0,1
6.7,0.58,0.08,1.8,0.097,15.0,65.0,0.9959,3.28,0.54,9.2,0.0,0
6.7,0.27,0.3,13.9,0.029,34.0,131.0,0.9953,3.36,0.5,12.0,1.0,2
6.9,0.63,0.01,2.4,0.076,14.0,39.0,0.99522,3.34,0.53,10.8,0.0,1
8.4,0.25,0.39,2.0,0.041,4.0,10.0,0.99386,3.27,0.71,12.5,0.0,2
7.0,0.22,0.26,9.2,0.027,37.0,122.0,0.99228,3.06,0.34,12.5,1.0,2
6.0,0.24,0.28,3.95,0.038,61.0,134.0,0.99146,3.3,0.54,11.3,1.0,2
6.8,0.34,0.1,1.4,0.049,29.0,118.0,0.9936,3.21,0.41,9.5,1.0,0
6.0,0.24,0.27,1.9,0.048,40.0,170.0,0.9938,3.64,0.54,10.0,1.0,2
6.1,0.22,0.28,16.55,0.059,54.0,135.0,0.99665,3.2,0.38,10.5,1.0,0
5.3,0.275,0.24,7.4,0.038,28.0,114.0,0.99313,3.38,0.51,11.0,1.0,1
5.9,0.14,0.25,4.5,0.027,34.0,140.0,0.9934,3.49,0.51,10.8,1.0,1
8.8,0.27,0.39,2.0,0.1,20.0,27.0,0.99546,3.15,0.69,11.2,0.0,1
6.4,0.44,0.26,2.0,0.054,20.0,180.0,0.9952,3.58,0.57,10.0,1.0,0
7.1,0.3,0.36,6.8,0.055,44.5,234.0,0.9972,3.49,0.64,10.2,1.0,1
9.1,0.765,0.04,1.6,0.078,4.0,14.0,0.998,3.29,0.54,9.7,0.0,0
7.8,0.55,0.35,2.2,0.074,21.0,66.0,0.9974,3.25,0.56,9.2,0.0,0
6.9,0.4,0.43,6.2,0.065,42.0,178.0,0.99552,3.11,0.53,9.4,1.0,0
8.1,0.67,0.55,1.8,0.117,32.0,141.0,0.9968,3.17,0.62,9.4,0.0,0
7.0,0.23,0.36,7.1,0.028,31.0,104.0,0.9922,3.35,0.47,12.1,1.0,2
7.8,0.27,0.33,2.4,0.053,36.0,175.0,0.992,3.2,0.55,11.0,1.0,1
8.5,0.44,0.5,1.9,0.369,15.0,38.0,0.99634,3.01,1.1,9.4,0.0,0
7.4,0.21,0.3,7.9,0.039,14.0,118.0,0.9942,2.96,0.34,10.4,1.0,0
6.1,0.2,0.25,1.2,0.038,34.0,128.0,0.9921,3.24,0.44,10.1,1.0,0
6.8,0.37,0.28,4.0,0.03,29.0,79.0,0.99,3.23,0.46,12.4,1.0,2
6.2,0.15,0.46,1.6,0.039,38.0,123.0,0.993,3.38,0.51,9.7,1.0,1
6.9,0.4,0.3,10.6,0.033,24.0,87.0,0.99265,3.15,0.45,12.8,1.0,1
6.5,0.22,0.45,8.0,0.053,52.0,196.0,0.9959,3.23,0.48,9.1,1.0,1
6.6,0.64,0.28,4.4,0.032,19.0,78.0,0.99036,3.11,0.62,12.9,1.0,1
7.1,0.17,0.4,14.55,0.047,47.0,156.0,0.99945,3.34,0.78,9.1,1.0,1
7.3,0.32,0.35,1.4,0.05,8.0,163.0,0.99244,3.24,0.42,10.7,1.0,0
7.0,0.21,0.37,7.2,0.042,36.0,167.0,0.9958,3.26,0.56,9.8,1.0,1
9.8,0.45,0.38,2.5,0.081,34.0,66.0,0.99726,3.15,0.58,9.8,0.0,0
7.6,0.48,0.37,0.8,0.037,4.0,100.0,0.9902,3.03,0.39,11.4,1.0,0
7.9,0.3,0.27,8.5,0.036,20.0,112.0,0.9939,2.96,0.46,11.7,1.0,1
11.5,0.18,0.51,4.0,0.104,4.0,23.0,0.9996,3.28,0.97,10.1,0.0,1
5.5,0.12,0.33,1.0,0.038,23.0,131.0,0.99164,3.25,0.45,9.8,1.0,0
5.3,0.6,0.34,1.4,0.031,3.0,60.0,0.98854,3.27,0.38,13.0,1.0,1
15.0,0.21,0.44,2.2,0.075,10.0,24.0,1.00005,3.07,0.84,9.2,0.0,2
7.0,0.27,0.74,1.3,0.173,34.0,121.0,0.99334,3.04,0.46,9.2,1.0,1
6.6,0.23,0.3,14.9,0.051,33.0,118.0,0.99835,3.04,0.54,9.0,1.0,1
7.2,0.55,0.09,1.5,0.108,16.0,151.0,0.9938,3.07,0.57,9.2,1.0,0
6.6,0.32,0.41,7.2,0.048,55.0,178.0,0.99537,3.2,0.46,9.4,1.0,0
6.9,0.39,0.24,2.1,0.102,4.0,7.0,0.99462,3.44,0.58,11.4,0.0,0
6.9,0.21,0.33,1.4,0.056,35.0,136.0,0.9938,3.63,0.78,10.3,1.0,1
6.8,0.21,0.26,11.7,0.038,61.0,152.0,0.99523,3.02,0.56,10.5,1.0,2
6.4,0.21,0.5,11.6,0.042,45.0,153.0,0.9972,3.15,0.43,8.8,1.0,0
6.7,0.31,0.3,2.4,0.038,30.0,83.0,0.98867,3.09,0.36,12.8,1.0,2
7.3,0.26,0.33,11.8,0.057,48.0,127.0,0.99693,3.1,0.55,10.0,1.0,1
4.8,0.34,0.0,6.5,0.028,33.0,163.0,0.9939,3.36,0.61,9.9,1.0,1
9.1,0.47,0.49,2.6,0.094,38.0,106.0,0.9982,3.08,0.59,9.1,0.0,0
7.3,0.19,0.49,15.55,0.058,50.0,134.0,0.9998,3.42,0.36,9.1,1.0,2
9.0,0.46,0.23,2.8,0.092,28.0,104.0,0.9983,3.1,0.56,9.2,0.0,0
10.3,0.53,0.48,2.5,0.063,6.0,25.0,0.9998,3.12,0.59,9.3,0.0,1
7.0,0.12,0.19,4.9,0.055,27.0,127.0,0.9953,3.29,0.41,9.4,1.0,0
5.9,0.19,0.21,1.7,0.045,57.0,135.0,0.99341,3.32,0.44,9.5,0.0,0
6.0,0.32,0.3,7.3,0.174,46.0,159.0,0.99519,3.18,0.49,9.4,1.0,0
5.6,0.175,0.29,0.8,0.043,20.0,67.0,0.99112,3.28,0.48,9.9,1.0,1
7.7,0.25,0.43,4.5,0.062,20.0,115.0,0.9966,3.38,0.5,9.9,1.0,1
9.6,0.41,0.37,2.3,0.091,10.0,23.0,0.99786,3.24,0.56,10.5,0.0,0
8.0,0.22,0.32,10.4,0.043,63.0,201.0,0.997,3.11,0.53,9.5,1.0,1
8.1,0.25,0.34,10.1,0.05,30.0,121.0,0.99724,3.17,0.49,10.1,1.0,1
5.7,1.13,0.09,1.5,0.172,7.0,19.0,0.994,3.5,0.48,9.8,0.0,0
7.3,0.21,0.33,1.0,0.037,66.0,144.0,0.9923,3.11,0.52,10.2,1.0,1
7.6,0.18,0.28,7.1,0.041,29.0,110.0,0.99652,3.2,0.42,9.2,1.0,1
6.8,0.23,0.4,1.6,0.047,5.0,133.0,0.993,3.23,0.7,11.4,1.0,1
5.0,0.235,0.27,11.75,0.03,34.0,118.0,0.9954,3.07,0.5,9.4,1.0,1
8.8,0.33,0.44,6.35,0.024,9.0,87.0,0.9917,2.96,0.4,12.6,1.0,2
9.0,0.17,0.49,1.0,0.039,46.0,131.0,0.993,3.09,0.51,10.5,1.0,2
10.2,0.4,0.4,2.5,0.068,41.0,54.0,0.99754,3.38,0.86,10.5,0.0,1
9.2,0.755,0.18,2.2,0.148,10.0,103.0,0.9969,2.87,1.36,10.2,0.0,1
5.8,0.27,0.4,1.2,0.076,47.0,130.0,0.99185,3.13,0.45,10.3,1.0,1
7.3,0.48,0.32,2.1,0.062,31.0,54.0,0.99728,3.3,0.65,10.0,0.0,2
8.6,0.18,0.28,0.8,0.032,25.0,78.0,0.99104,2.99,0.38,11.1,1.0,0
7.0,0.18,0.49,5.3,0.04,34.0,125.0,0.9914,3.24,0.4,12.2,1.0,1
6.6,0.61,0.01,1.9,0.08,8.0,25.0,0.99746,3.69,0.73,10.5,0.0,0
6.6,0.36,0.29,1.6,0.021,24.0,85.0,0.98965,3.41,0.61,12.4,1.0,2
7.5,0.29,0.24,9.9,0.058,25.0,115.0,0.99567,3.15,0.46,10.9,1.0,0
6.8,0.18,0.32,7.2,0.047,17.0,109.0,0.99498,3.42,0.44,10.4,1.0,1
8.2,0.3,0.44,12.4,0.043,52.0,154.0,0.99452,3.04,0.33,12.0,1.0,1
7.5,0.27,0.34,2.3,0.05,4.0,8.0,0.9951,3.4,0.64,11.0,0.0,2
6.9,0.48,0.2,1.9,0.082,9.0,23.0,0.99585,3.39,0.43,9.05,0.0,0
6.8,0.15,0.32,8.8,0.058,24.0,110.0,0.9972,3.4,0.4,8.8,1.0,1
7.2,0.24,0.27,11.4,0.034,40.0,174.0,0.99773,3.2,0.44,9.0,1.0,0
8.7,0.54,0.26,2.5,0.097,7.0,31.0,0.9976,3.27,0.6,9.3,0.0,1
6.6,0.45,0.43,7.2,0.064,31.0,186.0,0.9954,3.12,0.44,9.4,1.0,0
6.2,0.26,0.19,3.4,0.049,47.0,172.0,0.9924,3.14,0.43,10.4,1.0,1
5.6,0.85,0.05,1.4,0.045,12.0,88.0,0.9924,3.56,0.82,12.9,0.0,2
7.0,0.34,0.3,1.8,0.045,44.0,142.0,0.9914,2.99,0.45,10.8,1.0,1
7.9,0.3,0.6,1.85,0.048,13.0,106.0,0.99331,3.24,0.49,11.85,1.0,0
6.5,0.24,0.29,8.2,0.043,32.0,156.0,0.99453,3.13,0.7,10.1,1.0,1
6.6,0.735,0.02,7.9,0.122,68.0,124.0,0.9994,3.47,0.53,9.9,0.0,0
6.8,0.21,0.42,1.2,0.045,24.0,126.0,0.99234,3.09,0.87,10.9,1.0,1
6.9,0.33,0.31,7.7,0.04,29.0,135.0,0.99226,3.11,0.57,12.3,1.0,0
6.4,0.28,0.19,5.4,0.042,67.0,181.0,0.99435,3.31,0.35,10.2,1.0,1
7.7,0.935,0.43,2.2,0.114,22.0,114.0,0.997,3.25,0.73,9.2,0.0,0
6.1,0.19,0.37,2.6,0.041,24.0,99.0,0.99153,3.18,0.5,10.9,1.0,1
6.2,0.26,0.2,8.0,0.047,35.0,111.0,0.99445,3.11,0.42,10.4,1.0,1
7.4,0.18,0.34,2.7,0.03,30.0,107.0,0.992,2.97,0.53,11.0,1.0,1
9.1,0.33,0.38,1.7,0.062,50.5,344.0,0.9958,3.1,0.7,9.5,1.0,0
6.4,0.69,0.09,7.6,0.044,34.0,144.0,0.9948,3.26,0.38,10.1,1.0,1
6.8,0.18,0.21,5.4,0.053,34.0,104.0,0.99445,3.3,0.43,9.4,1.0,0
7.6,0.18,0.46,10.2,0.055,58.0,135.0,0.9968,3.14,0.43,9.9,1.0,1
6.5,0.25,0.32,9.9,0.045,41.0,128.0,0.99636,3.18,0.52,9.6,1.0,1
6.6,0.28,0.23,10.4,0.049,45.0,190.0,0.99754,3.12,0.51,8.8,1.0,0
7.0,0.26,0.26,10.8,0.039,37.0,184.0,0.99787,3.47,0.58,10.3,1.0,2
12.4,0.49,0.58,3.0,0.103,28.0,99.0,1.0008,3.16,1.0,11.5,0.0,1
7.0,0.49,0.49,5.6,0.06,26.0,121.0,0.9974,3.34,0.76,10.5,0.0,0
6.6,0.22,0.28,4.9,0.042,51.0,180.0,0.9952,3.3,0.75,9.5,1.0,1
7.5,0.51,0.02,1.7,0.084,13.0,31.0,0.99538,3.36,0.54,10.5,0.0,1
7.3,0.19,0.27,13.9,0.057,45.0,155.0,0.99807,2.94,0.41,8.8,1.0,2
7.5,0.42,0.19,6.9,0.041,62.0,150.0,0.99508,3.23,0.37,10.0,1.0,1
5.5,0.14,0.27,4.6,0.029,22.0,104.0,0.9949,3.34,0.44,9.0,1.0,0
10.7,0.46,0.39,2.0,0.061,7.0,15.0,0.9981,3.18,0.62,9.5,0.0,0
6.3,0.39,0.24,6.9,0.069,9.0,117.0,0.9942,3.15,0.35,10.2,1.0,0
5.0,0.33,0.18,4.6,0.032,40.0,124.0,0.99114,3.18,0.4,11.0,1.0,1
8.2,0.22,0.49,9.6,0.037,53.0,154.0,0.9951,3.02,0.33,10.6,1.0,1
6.4,0.28,0.45,8.6,0.057,47.0,223.0,0.99654,3.16,0.51,9.1,1.0,0
6.6,0.33,0.31,1.3,0.02,29.0,89.0,0.99035,3.26,0.44,12.4,1.0,2
7.8,0.28,0.31,2.1,0.046,28.0,208.0,0.99434,3.23,0.64,9.8,1.0,0
8.0,0.25,0.13,17.2,0.036,49.0,219.0,0.9996,2.96,0.46,9.7,1.0,0
8.4,0.29,0.4,1.7,0.067,8.0,20.0,0.99603,3.39,0.6,10.5,0.0,0
8.0,0.42,0.17,2.0,0.073,6.0,18.0,0.9972,3.29,0.61,9.2,0.0,1
6.7,0.3,0.29,2.8,0.025,37.0,107.0,0.99159,3.31,0.63,11.3,1.0,2
6.8,0.31,0.19,3.5,0.086,30.0,130.0,0.993,2.83,0.44,9.6,1.0,0
8.3,0.49,0.43,2.5,0.036,32.0,116.0,0.9944,3.23,0.47,10.7,1.0,1
7.8,0.17,0.23,1.7,0.029,39.0,128.0,0.99272,3.37,0.41,10.7,1.0,2
7.4,0.22,0.26,8.8,0.027,23.0,112.0,0.9931,2.98,0.41,11.4,1.0,1
7.0,0.15,0.28,14.7,0.051,29.0,149.0,0.99792,2.96,0.39,9.0,1.0,2
7.2,0.38,0.38,2.8,0.068,23.0,42.0,0.99356,3.34,0.72,12.9,0.0,2
8.8,0.4,0.4,2.2,0.079,19.0,52.0,0.998,3.44,0.64,9.2,0.0,0
7.5,0.61,0.2,1.7,0.076,36.0,60.0,0.99494,3.1,0.4,9.3,0.0,0
6.3,0.3,0.2,3.7,0.039,34.0,132.0,0.99158,3.0,0.38,10.7,1.0,0
7.9,0.19,0.26,2.1,0.039,8.0,143.0,0.9942,3.05,0.74,9.8,1.0,0
6.0,0.42,0.19,2.0,0.075,22.0,47.0,0.99522,3.39,0.78,10.0,0.0,1
7.5,0.6,0.03,1.8,0.095,25.0,99.0,0.995,3.35,0.54,10.1,0.0,0
9.4,0.3,0.56,2.8,0.08,6.0,17.0,0.9964,3.15,0.92,11.7,0.0,2
6.4,0.21,0.28,5.9,0.047,29.0,101.0,0.99278,3.15,0.4,11.0,1.0,1
4.6,0.445,0.0,1.4,0.053,11.0,178.0,0.99426,3.79,0.55,10.2,1.0,0
7.4,0.24,0.42,14.0,0.066,48.0,198.0,0.9979,2.89,0.42,8.9,1.0,1
8.3,0.65,0.1,2.9,0.089,17.0,40.0,0.99803,3.29,0.55,9.5,0.0,0
6.7,0.24,0.41,9.4,0.04,49.0,166.0,0.9954,3.12,0.61,9.9,1.0,1
6.2,0.36,0.14,8.9,0.036,38.0,155.0,0.99622,3.27,0.5,9.4,1.0,0
7.1,0.38,0.4,2.2,0.042,54.0,201.0,0.99177,3.03,0.5,11.4,1.0,0
6.5,0.22,0.34,12.0,0.053,55.0,177.0,0.9983,3.52,0.44,9.9,1.0,1
6.8,0.19,0.33,4.9,0.047,42.0,130.0,0.99283,3.12,0.56,11.0,1.0,1
5.4,0.5,0.13,5.0,0.028,12.0,107.0,0.99079,3.48,0.88,13.5,1.0,2
9.1,0.775,0.22,2.2,0.079,12.0,48.0,0.9976,3.18,0.51,9.6,0.0,0
6.8,0.34,0.27,5.2,0.06,14.0,169.0,0.99252,3.27,0.57,11.6,1.0,1
6.4,0.22,0.34,1.8,0.057,29.0,104.0,0.9959,3.81,0.57,10.3,1.0,1
7.4,0.39,0.48,2.0,0.082,14.0,67.0,0.9972,3.34,0.55,9.2,0.0,0
10.4,0.52,0.45,2.0,0.08,6.0,13.0,0.99774,3.22,0.76,11.4,0.0,1
6.1,0.43,0.35,9.1,0.059,83.0,249.0,0.9971,3.37,0.5,8.5,1.0,0
7.0,0.15,0.29,16.4,0.058,45.0,110.0,0.9978,3.15,0.37,9.7,1.0,1
6.9,0.49,0.1,2.3,0.074,12.0,30.0,0.9959,3.42,0.58,10.2,0.0,1
7.3,0.17,0.24,8.1,0.121,32.0,162.0,0.99508,3.17,0.38,10.4,1.0,2
7.8,0.25,0.37,1.0,0.043,10.0,80.0,0.99128,3.08,0.38,11.4,1.0,0
6.7,0.27,0.25,8.0,0.053,54.0,202.0,0.9961,3.22,0.43,9.3,1.0,0
6.6,0.19,0.33,1.8,0.035,42.0,148.0,0.99196,3.15,0.36,10.2,1.0,0
8.0,0.22,0.42,14.6,0.044,45.0,163.0,1.0003,3.21,0.69,8.6,1.0,2
6.0,0.34,0.24,5.4,0.06,23.0,126.0,0.9951,3.25,0.44,9.0,1.0,2
7.4,0.64,0.07,1.8,0.1,8.0,23.0,0.9961,3.3,0.58,9.6,0.0,0
8.3,0.18,0.37,1.2,0.049,6.0,94.0,0.9937,3.18,0.52,10.1,1.0,0
6.9,0.4,0.17,12.9,0.033,59.0,186.0,0.99754,3.08,0.49,9.4,1.0,0
9.5,0.42,0.41,2.3,0.034,22.0,145.0,0.9951,3.06,0.52,11.0,1.0,1
7.5,0.23,0.3,1.2,0.03,27.0,80.0,0.99192,3.05,0.68,10.5,1.0,0
6.4,0.22,0.38,9.1,0.044,35.0,127.0,0.99326,2.97,0.3,11.0,1.0,2
6.1,0.22,0.49,1.5,0.051,18.0,87.0,0.9928,3.3,0.46,9.6,1.0,0
7.6,0.28,0.39,1.9,0.052,23.0,116.0,0.9941,3.25,0.4,10.4,1.0,1
6.8,0.27,0.22,17.8,0.034,16.0,116.0,0.9989,3.07,0.53,9.2,1.0,0
6.9,0.33,0.28,1.3,0.051,37.0,187.0,0.9927,3.27,0.6,10.3,1.0,0
7.8,0.13,0.3,1.8,0.04,43.0,179.0,0.9955,3.43,0.41,9.0,1.0,0
7.0,0.23,0.4,1.6,0.063,21.0,67.0,0.9952,3.5,0.63,11.1,0.0,0
6.3,0.36,0.19,3.2,0.075,15.0,39.0,0.9956,3.56,0.52,12.7,0.0,1
6.2,0.21,0.34,6.6,0.03,36.0,91.0,0.9914,3.32,0.45,12.5,1.0,2
6.8,0.27,0.37,8.2,0.055,52.0,192.0,0.99586,3.11,0.52,9.5,1.0,1
7.0,0.25,0.33,2.1,0.021,17.0,76.0,0.99021,3.26,0.45,12.3,1.0,1
7.0,0.24,0.51,11.0,0.029,55.0,227.0,0.9965,3.03,0.61,9.5,1.0,0
6.3,0.2,0.26,1.6,0.027,36.0,141.0,0.99268,3.53,0.56,10.8,1.0,1
7.3,0.41,0.29,1.8,0.032,26.0,74.0,0.98889,2.96,0.35,13.0,1.0,2
7.6,0.67,0.14,1.5,0.074,25.0,168.0,0.9937,3.05,0.51,9.3,1.0,0
6.6,0.17,0.35,2.6,0.03,33.0,78.0,0.99146,3.22,0.72,11.3,1.0,1
5.4,0.265,0.28,7.8,0.052,27.0,91.0,0.99432,3.19,0.38,10.4,1.0,1
7.3,0.45,0.36,5.9,0.074,12.0,87.0,0.9978,3.33,0.83,10.5,0.0,0
7.0,0.28,0.36,1.0,0.035,8.0,70.0,0.9899,3.09,0.46,12.1,1.0,1
7.0,0.35,0.17,1.1,0.049,7.0,119.0,0.99297,3.13,0.36,9.7,1.0,1
8.2,0.23,0.29,1.8,0.047,47.0,187.0,0.9933,3.13,0.5,10.2,1.0,1
9.7,0.32,0.54,2.5,0.094,28.0,83.0,0.9984,3.28,0.82,9.6,0.0,0
6.8,0.19,0.71,17.5,0.042,21.0,114.0,0.99784,2.85,0.5,9.5,1.0,1
6.6,0.28,0.09,10.9,0.051,37.0,131.0,0.99566,2.93,0.62,9.5,1.0,1
7.5,0.21,0.34,1.2,0.06,26.0,111.0,0.9931,3.51,0.47,10.7,1.0,1
9.0,0.3,0.49,7.2,0.039,32.0,84.0,0.9938,2.94,0.32,11.5,1.0,1
7.0,0.22,0.28,1.5,0.037,29.0,115.0,0.9927,3.11,0.55,10.5,1.0,1
11.9,0.4,0.65,2.15,0.068,7.0,27.0,0.9988,3.06,0.68,11.3,0.0,1
5.9,0.46,0.14,2.7,0.042,27.0,160.0,0.9931,3.46,0.51,10.6,1.0,2
5.4,0.415,0.19,1.6,0.039,27.0,88.0,0.99265,3.54,0.41,10.0,1.0,2
6.7,0.86,0.07,2.0,0.1,20.0,57.0,0.99598,3.6,0.74,11.7,0.0,1
7.4,0.49,0.24,15.1,0.03,34.0,153.0,0.9953,3.13,0.51,12.0,1.0,2
7.6,0.79,0.21,2.3,0.087,21.0,68.0,0.9955,3.12,0.44,9.2,0.0,0
7.2,0.63,0.0,1.9,0.097,14.0,38.0,0.99675,3.37,0.58,9.0,0.0,1
8.3,0.18,0.3,1.1,0.033,20.0,57.0,0.99109,3.02,0.51,11.0,1.0,1
8.0,0.19,0.36,1.8,0.05,16.0,84.0,0.9936,3.15,0.45,9.8,1.0,2
5.9,0.34,0.3,3.8,0.035,57.0,135.0,0.99016,3.09,0.34,12.0,1.0,1
7.1,0.13,0.38,1.8,0.046,14.0,114.0,0.9925,3.32,0.9,11.7,1.0,1
6.3,0.31,0.3,10.0,0.046,49.0,212.0,0.9962,3.74,0.55,11.9,1.0,1
6.4,0.25,0.74,7.8,0.045,52.0,209.0,0.9956,3.21,0.42,9.2,1.0,1
6.5,0.21,0.28,1.4,0.046,26.0,66.0,0.99199,3.43,0.48,11.1,1.0,1
7.5,0.14,0.34,1.3,0.055,50.0,153.0,0.9945,3.29,0.8,9.6,1.0,1
6.7,0.31,0.32,14.5,0.038,6.0,79.0,0.99412,3.14,0.34,12.5,1.0,0
6.15,0.21,0.37,3.2,0.021,20.0,80.0,0.99076,3.39,0.47,12.0,1.0,0
6.0,0.24,0.27,1.9,0.048,40.0,170.0,0.9938,3.64,0.54,10.0,1.0,2
6.8,0.15,0.33,4.7,0.059,31.0,118.0,0.9956,3.43,0.39,9.0,1.0,2
6.6,0.25,0.41,7.4,0.043,29.0,151.0,0.9946,3.15,0.6,10.2,1.0,2
6.2,0.36,0.38,3.2,0.031,20.0,89.0,0.98956,3.06,0.33,12.0,1.0,2
7.4,0.64,0.07,1.8,0.1,8.0,23.0,0.9961,3.3,0.58,9.6,0.0,0
7.5,0.24,0.29,1.1,0.046,34.0,84.0,0.9902,3.04,0.39,11.45,1.0,1
6.9,0.42,0.2,15.4,0.043,57.0,201.0,0.99848,3.08,0.54,9.4,1.0,0
7.3,0.17,0.36,8.2,0.028,44.0,111.0,0.99272,3.14,0.41,12.4,1.0,1
8.8,0.19,0.3,5.0,0.028,34.0,120.0,0.99242,2.94,0.47,11.2,1.0,0
9.8,0.3,0.39,1.7,0.062,3.0,9.0,0.9948,3.14,0.57,11.5,0.0,2
5.9,0.24,0.34,2.0,0.037,40.0,108.0,0.98948,3.19,0.5,12.3,1.0,1
5.3,0.4,0.25,3.9,0.031,45.0,130.0,0.99072,3.31,0.58,11.75,1.0,2
7.0,0.56,0.17,1.7,0.065,15.0,24.0,0.99514,3.44,0.68,10.55,0.0,2
6.0,0.31,0.27,2.3,0.042,19.0,120.0,0.98952,3.32,0.41,12.7,1.0,2
6.4,0.12,0.49,6.4,0.042,49.0,161.0,0.9945,3.34,0.44,10.4,1.0,1
6.6,0.23,0.3,14.9,0.051,33.0,118.0,0.99835,3.04,0.54,9.0,1.0,1
6.4,0.22,0.38,9.1,0.044,35.0,127.0,0.99326,2.97,0.3,11.0,1.0,2
6.7,0.48,0.49,2.9,0.03,28.0,122.0,0.98926,3.13,0.4,13.0,1.0,1
7.0,0.29,0.35,1.4,0.036,42.0,109.0,0.99119,3.31,0.62,11.6,1.0,1
8.4,0.2,0.38,11.8,0.055,51.0,170.0,1.0004,3.34,0.82,8.9,1.0,1
6.6,0.24,0.35,7.7,0.031,36.0,135.0,0.9938,3.19,0.37,10.5,1.0,0
10.5,0.51,0.64,2.4,0.107,6.0,15.0,0.9973,3.09,0.66,11.8,0.0,2
5.8,0.3,0.27,1.7,0.014,45.0,104.0,0.98914,3.4,0.56,12.6,1.0,2
9.7,0.69,0.32,2.5,0.088,22.0,91.0,0.9979,3.29,0.62,10.1,0.0,0
7.3,0.305,0.39,1.2,0.059,7.0,11.0,0.99331,3.29,0.52,11.5,0.0,1
8.3,0.27,0.39,2.4,0.058,16.0,107.0,0.9955,3.28,0.59,10.3,1.0,0
6.8,0.32,0.34,6.0,0.05,5.0,129.0,0.9953,3.19,0.4,9.1,1.0,0
8.1,0.33,0.22,5.2,0.047,24.0,151.0,0.99527,3.22,0.47,10.3,1.0,0
7.9,0.18,0.49,5.2,0.051,36.0,157.0,0.9953,3.18,0.48,10.6,1.0,1
6.9,0.19,0.4,1.4,0.036,14.0,55.0,0.9909,3.08,0.68,11.5,1.0,2
7.9,0.4,0.3,1.8,0.157,2.0,45.0,0.99727,3.31,0.91,9.5,0.0,1
6.5,0.22,0.45,8.0,0.053,52.0,196.0,0.9959,3.23,0.48,9.1,1.0,1
9.8,0.5,0.34,2.3,0.094,10.0,45.0,0.99864,3.24,0.6,9.7,0.0,2
6.7,0.54,0.13,2.0,0.076,15.0,36.0,0.9973,3.61,0.64,9.8,0.0,0
5.6,0.32,0.33,7.4,0.037,25.0,95.0,0.99268,3.25,0.49,11.1,1.0,1
7.1,0.31,0.17,1.0,0.042,21.0,144.0,0.99304,3.13,0.4,9.6,1.0,0
7.3,0.59,0.26,7.2,0.07,35.0,121.0,0.9981,3.37,0.49,9.4,0.0,0
6.8,0.26,0.48,6.2,0.049,55.0,182.0,0.99582,3.21,0.45,9.4,1.0,1
6.9,0.15,0.28,4.4,0.029,14.0,107.0,0.99347,3.24,0.46,10.4,1.0,2
7.7,0.24,0.29,15.3,0.044,39.0,194.0,0.9982,3.06,0.47,9.6,1.0,2
6.7,0.53,0.29,4.3,0.069,20.0,114.0,0.99014,3.22,0.59,13.4,1.0,1
6.5,0.51,0.15,3.0,0.064,12.0,27.0,0.9929,3.33,0.59,12.8,0.0,1
7.0,0.16,0.25,14.3,0.044,27.0,149.0,0.998,2.91,0.46,9.2,1.0,1
7.0,0.2,0.35,8.8,0.037,31.0,103.0,0.99388,3.13,0.49,11.0,1.0,1
6.8,0.21,0.62,6.4,0.041,7.0,113.0,0.99358,2.96,0.59,10.2,1.0,0
6.6,0.22,0.23,17.3,0.047,37.0,118.0,0.99906,3.08,0.46,8.8,1.0,1
7.9,0.29,0.36,11.1,0.033,43.0,208.0,0.9969,3.14,0.46,10.3,1.0,0
7.0,0.2,0.3,6.1,0.037,31.0,120.0,0.9939,3.24,0.51,10.8,1.0,0
10.3,0.44,0.5,4.5,0.107,5.0,13.0,0.998,3.28,0.83,11.5,0.0,0
5.8,0.26,0.18,1.2,0.031,40.0,114.0,0.9908,3.42,0.4,11.0,1.0,2
6.2,0.3,0.33,3.5,0.037,37.0,155.0,0.98987,3.18,0.37,12.4,1.0,1
5.8,0.32,0.31,2.7,0.049,25.0,153.0,0.99067,3.44,0.73,12.2,1.0,2
10.4,0.44,0.42,1.5,0.145,34.0,48.0,0.99832,3.38,0.86,9.9,0.0,0
7.2,0.08,0.49,1.3,0.05,18.0,148.0,0.9945,3.46,0.44,10.2,1.0,1
6.6,0.28,0.3,7.8,0.049,57.0,202.0,0.9958,3.24,0.39,9.5,1.0,0
5.7,0.25,0.27,10.8,0.05,58.0,116.0,0.99592,3.1,0.5,9.8,1.0,1
7.6,0.51,0.15,2.8,0.11,33.0,73.0,0.9955,3.17,0.63,10.2,0.0,1
7.5,0.28,0.78,12.1,0.041,53.0,161.0,0.99838,2.98,0.44,8.7,1.0,0
6.4,0.18,0.31,1.6,0.049,36.0,127.0,0.9934,3.6,0.67,10.4,1.0,2
6.1,0.41,0.0,1.6,0.063,36.0,87.0,0.9914,3.27,0.67,10.8,1.0,1
8.2,0.28,0.6,3.0,0.104,10.0,22.0,0.99828,3.39,0.68,10.6,0.0,0
6.1,0.22,0.31,1.4,0.039,40.0,129.0,0.99193,3.45,0.59,10.9,1.0,0
6.6,0.28,0.42,8.2,0.044,60.0,196.0,0.99562,3.14,0.48,9.4,1.0,0
6.3,0.26,0.42,7.1,0.045,62.0,209.0,0.99544,3.2,0.53,9.5,1.0,1
6.1,0.22,0.23,3.1,0.052,15.0,104.0,0.9948,3.14,0.42,8.7,1.0,0
5.8,0.17,0.36,1.3,0.036,11.0,70.0,0.99202,3.43,0.68,10.4,1.0,2
10.2,0.44,0.58,4.1,0.092,11.0,24.0,0.99745,3.29,0.99,12.0,0.0,2
7.7,0.12,0.32,1.4,0.06,47.0,150.0,0.9952,3.37,0.42,9.2,1.0,1
7.7,0.34,0.27,8.8,0.063,39.0,184.0,0.9969,3.09,0.63,9.2,1.0,1
6.8,0.63,0.04,1.3,0.058,25.0,133.0,0.99271,3.17,0.39,10.2,1.0,0
6.2,0.37,0.24,6.1,0.032,19.0,86.0,0.98934,3.04,0.26,13.4,1.0,2
6.4,0.38,0.26,8.2,0.043,28.0,98.0,0.99234,2.99,0.31,11.4,1.0,1
7.1,0.22,0.74,2.7,0.044,42.0,144.0,0.991,3.31,0.41,12.2,1.0,1
7.1,0.59,0.02,2.3,0.082,24.0,94.0,0.99744,3.55,0.53,9.7,0.0,1
6.5,0.32,0.23,8.5,0.051,20.0,138.0,0.9943,3.03,0.42,10.7,1.0,0
7.5,0.29,0.67,8.1,0.037,53.0,166.0,0.9966,2.9,0.41,8.9,1.0,1
9.9,0.59,0.07,3.4,0.102,32.0,71.0,1.00015,3.31,0.71,9.8,0.0,0
6.1,0.41,0.2,12.6,0.032,54.0,136.0,0.99516,2.91,0.43,10.6,1.0,1
7.7,0.25,0.3,7.8,0.038,67.0,196.0,0.99555,3.1,0.5,10.1,1.0,0
6.0,0.19,0.26,1.4,0.039,30.0,104.0,0.98998,3.32,0.41,12.4,1.0,1
6.6,0.25,0.3,14.4,0.052,40.0,183.0,0.998,3.02,0.5,9.1,1.0,1
5.8,0.415,0.13,1.4,0.04,11.0,64.0,0.9922,3.29,0.52,10.5,1.0,0
6.7,0.47,0.34,8.9,0.043,31.0,172.0,0.9964,3.22,0.6,9.2,1.0,0
9.4,0.16,0.3,1.4,0.042,26.0,176.0,0.9954,3.15,0.46,9.1,1.0,0
7.6,0.42,0.08,2.7,0.084,15.0,48.0,0.9968,3.21,0.59,10.0,0.0,0
8.3,0.28,0.48,2.1,0.093,6.0,12.0,0.99408,3.26,0.62,12.4,0.0,2
6.8,0.16,0.36,1.3,0.034,32.0,98.0,0.99058,3.02,0.58,11.3,1.0,1
7.1,0.28,0.26,1.9,0.049,12.0,86.0,0.9934,3.15,0.38,9.4,1.0,0
9.7,0.295,0.4,1.5,0.073,14.0,21.0,0.99556,3.14,0.51,10.9,0.0,1
8.0,0.14,0.49,1.5,0.035,42.0,120.0,0.9928,3.26,0.4,10.6,1.0,2
6.1,0.32,0.24,1.5,0.036,38.0,124.0,0.9898,3.29,0.42,12.4,1.0,2
4.8,0.17,0.28,2.9,0.03,22.0,111.0,0.9902,3.38,0.34,11.3,1.0,2
7.6,0.27,0.34,5.0,0.04,18.0,56.0,0.99084,3.06,0.48,12.4,1.0,1
6.7,0.19,0.36,1.1,0.026,63.0,143.0,0.9912,3.27,0.48,11.0,1.0,1
7.7,0.24,0.3,1.4,0.041,15.0,102.0,0.9929,3.26,0.53,10.4,1.0,1
10.6,0.42,0.48,2.7,0.065,5.0,18.0,0.9972,3.21,0.87,11.3,0.0,1
6.2,0.34,0.3,11.1,0.047,28.0,237.0,0.9981,3.18,0.49,8.7,1.0,0
7.15,0.17,0.24,9.6,0.119,56.0,178.0,0.99578,3.15,0.44,10.2,1.0,1
7.7,0.66,0.04,1.6,0.039,4.0,9.0,0.9962,3.4,0.47,9.4,0.0,0
7.4,0.49,0.24,15.1,0.03,34.0,153.0,0.9953,3.13,0.51,12.0,1.0,2
7.4,0.36,0.23,1.9,0.017,31.0,69.0,0.9892,2.93,0.36,12.5,1.0,1
6.8,0.18,0.24,9.8,0.058,64.0,188.0,0.9952,3.13,0.51,10.6,1.0,1
9.0,0.38,0.41,2.4,0.103,6.0,10.0,0.99604,3.13,0.58,11.9,0.0,2
5.8,0.12,0.21,1.3,0.056,35.0,121.0,0.9908,3.32,0.33,11.4,1.0,1
6.3,0.26,0.49,1.5,0.052,34.0,134.0,0.9924,2.99,0.61,9.8,1.0,1
6.5,0.52,0.17,1.4,0.047,5.0,26.0,0.9932,3.26,0.32,10.0,1.0,0
7.1,0.36,0.37,4.8,0.019,39.0,114.0,0.99036,3.08,0.49,12.7,1.0,2
6.1,0.33,0.3,3.0,0.036,30.0,124.0,0.98922,3.31,0.4,13.1,1.0,2
7.6,0.4,0.27,1.2,0.053,23.0,193.0,0.99164,3.22,0.38,11.6,1.0,0
7.3,0.19,0.27,13.9,0.057,45.0,155.0,0.99807,2.94,0.41,8.8,1.0,2
7.0,0.22,0.26,9.2,0.027,37.0,122.0,0.99228,3.06,0.34,12.5,1.0,2
7.5,0.26,0.26,18.35,0.084,33.0,139.0,1.0011,3.17,0.39,8.8,1.0,0
6.6,0.29,0.39,6.75,0.031,22.0,98.0,0.9913,3.15,0.8,12.9,1.0,2
6.5,0.36,0.32,1.1,0.031,13.0,66.0,0.9916,3.1,0.46,10.6,1.0,0
6.5,0.18,0.33,1.4,0.029,35.0,138.0,0.99114,3.36,0.6,11.5,1.0,2
6.5,0.34,0.46,1.0,0.023,6.0,80.0,0.98865,3.15,0.54,12.9,1.0,1
7.4,0.31,0.26,8.6,0.048,47.0,206.0,0.9964,3.26,0.36,9.1,1.0,0
5.5,0.28,0.21,1.6,0.032,23.0,85.0,0.99027,3.42,0.42,12.5,1.0,0
5.6,0.15,0.26,5.55,0.051,51.0,139.0,0.99336,3.47,0.5,11.0,1.0,1
6.4,0.55,0.26,9.6,0.027,20.0,104.0,0.9924,3.22,0.73,13.1,1.0,1
6.5,0.24,0.28,1.1,0.034,26.0,83.0,0.98928,3.25,0.33,12.3,1.0,1
6.7,0.31,0.08,1.3,0.038,58.0,147.0,0.9922,3.18,0.46,10.0,1.0,0
7.7,0.28,0.24,2.4,0.044,29.0,157.0,0.99312,3.27,0.56,10.6,1.0,1
6.2,0.355,0.35,2.0,0.046,31.0,95.0,0.98822,3.06,0.46,13.6,1.0,1
7.4,0.27,0.28,1.8,0.04,45.0,121.0,0.99043,3.02,0.4,11.9,1.0,0
7.4,0.63,0.07,2.4,0.09,11.0,37.0,0.9979,3.43,0.76,9.7,0.0,1
6.8,0.3,0.27,11.6,0.028,22.0,97.0,0.99314,2.96,0.38,11.7,1.0,1
7.4,0.16,0.33,1.2,0.042,47.0,121.0,0.99198,3.04,0.68,10.5,1.0,2
9.9,0.63,0.24,2.4,0.077,6.0,33.0,0.9974,3.09,0.57,9.4,0.0,0
6.6,0.18,0.26,17.3,0.051,17.0,149.0,0.9984,3.0,0.43,9.4,1.0,1
6.2,0.255,0.27,1.3,0.037,30.0,86.0,0.98834,3.05,0.59,12.9,1.0,2
6.6,0.36,0.52,10.1,0.05,29.0,140.0,0.99628,3.07,0.4,9.4,1.0,0
7.2,0.36,0.36,5.7,0.038,26.0,98.0,0.9914,2.93,0.59,12.5,1.0,2
8.8,0.37,0.48,2.1,0.097,39.0,145.0,0.9975,3.04,1.03,9.3,0.0,0
8.4,0.39,0.1,1.7,0.075,6.0,25.0,0.99581,3.09,0.43,9.7,0.0,1
7.8,0.34,0.27,1.2,0.04,25.0,106.0,0.9932,3.01,0.55,10.4,1.0,0
9.2,0.22,0.4,2.4,0.054,18.0,151.0,0.9952,3.04,0.46,9.3,1.0,0
7.8,0.29,0.29,3.15,0.044,41.0,117.0,0.99153,3.24,0.35,11.5,1.0,0
6.2,0.25,0.54,7.0,0.046,58.0,176.0,0.99454,3.19,0.7,10.4,1.0,0
6.2,0.44,0.18,7.7,0.096,28.0,210.0,0.99771,3.56,0.72,9.2,1.0,0
6.7,0.26,0.39,1.1,0.04,45.0,147.0,0.9935,3.32,0.58,9.6,1.0,2
5.8,0.22,0.29,1.3,0.036,25.0,68.0,0.98865,3.24,0.35,12.6,1.0,1
8.1,0.5,0.47,1.1,0.037,23.0,126.0,0.9938,3.21,0.42,10.9,1.0,0
6.1,0.22,0.49,1.5,0.051,18.0,87.0,0.9928,3.3,0.46,9.6,1.0,0
7.2,0.36,0.46,2.1,0.074,24.0,44.0,0.99534,3.4,0.85,11.0,0.0,2
6.2,0.45,0.26,4.4,0.063,63.0,206.0,0.994,3.27,0.52,9.8,1.0,0
6.0,0.26,0.29,1.0,0.032,27.0,96.0,0.9896,3.38,0.44,12.3,1.0,1
8.0,0.2,0.36,1.2,0.032,21.0,78.0,0.9921,3.08,0.37,10.4,1.0,1
7.3,0.18,0.65,1.4,0.046,28.0,157.0,0.9946,3.33,0.62,9.4,1.0,1
6.6,0.15,0.34,5.1,0.055,34.0,125.0,0.9942,3.36,0.42,9.6,1.0,0
7.1,0.26,0.19,8.2,0.051,53.0,187.0,0.996,3.16,0.52,9.7,1.0,0
7.7,0.43,0.28,4.5,0.046,33.0,102.0,0.9918,3.16,0.56,12.2,1.0,2
6.6,0.37,0.07,1.4,0.048,58.0,144.0,0.9922,3.17,0.38,10.0,1.0,0
6.8,0.28,0.36,1.6,0.04,25.0,87.0,0.9924,3.23,0.66,10.3,1.0,1
6.5,0.21,0.42,1.1,0.059,33.0,101.0,0.9927,3.12,0.38,9.7,1.0,1
7.0,0.22,0.24,11.0,0.041,75.0,167.0,0.99508,2.98,0.56,10.5,1.0,1
7.1,0.25,0.25,1.6,0.046,50.0,181.0,0.9925,3.2,0.42,11.0,1.0,2
13.2,0.46,0.52,2.2,0.071,12.0,35.0,1.0006,3.1,0.56,9.0,0.0,1
8.3,0.2,0.74,4.45,0.044,33.0,130.0,0.9924,3.25,0.42,12.2,1.0,1
6.1,1.1,0.16,4.4,0.033,8.0,109.0,0.99058,3.35,0.47,12.4,1.0,0
8.2,1.33,0.0,1.7,0.081,3.0,12.0,0.9964,3.53,0.49,10.9,0.0,0
7.4,0.14,0.3,1.3,0.033,25.0,91.0,0.99268,3.53,0.39,10.6,1.0,1
7.8,0.29,0.36,7.0,0.042,38.0,161.0,0.9941,3.26,0.37,11.2,1.0,2
7.9,0.2,0.39,1.0,0.041,37.0,154.0,0.99093,3.08,0.43,11.9,1.0,0
9.2,0.71,0.23,6.2,0.042,15.0,93.0,0.9948,2.89,0.34,10.1,1.0,1
6.9,0.23,0.34,4.0,0.047,24.0,128.0,0.9944,3.2,0.52,9.7,1.0,1
7.1,0.46,0.14,2.8,0.076,15.0,37.0,0.99624,3.36,0.49,10.7,0.0,0
6.7,0.23,0.39,2.5,0.172,63.0,158.0,0.9937,3.11,0.36,9.4,1.0,1
12.2,0.45,0.49,1.4,0.075,3.0,6.0,0.9969,3.13,0.63,10.4,0.0,0
7.2,0.25,0.28,14.4,0.055,55.0,205.0,0.9986,3.12,0.38,9.0,1.0,2
7.1,0.23,0.39,13.7,0.058,26.0,172.0,0.99755,2.9,0.46,9.0,1.0,1
7.0,0.23,0.33,5.8,0.04,25.0,136.0,0.995,3.19,0.58,9.5,1.0,1
6.5,0.13,0.27,2.6,0.035,32.0,76.0,0.9914,3.21,0.76,11.3333333333333,1.0,1
7.3,0.21,0.29,1.6,0.034,29.0,118.0,0.9917,3.3,0.5,11.0,1.0,2
11.9,0.58,0.66,2.5,0.072,6.0,37.0,0.9992,3.05,0.56,10.0,0.0,0
7.2,0.29,0.4,7.6,0.024,56.0,177.0,0.9928,3.04,0.32,11.5,1.0,1
7.0,0.685,0.0,1.9,0.067,40.0,63.0,0.9979,3.6,0.81,9.9,0.0,0
12.6,0.41,0.54,2.8,0.103,19.0,41.0,0.99939,3.21,0.76,11.3,0.0,1
6.8,0.25,0.24,1.6,0.045,39.0,164.0,0.99402,3.53,0.58,10.8,1.0,0
7.5,0.32,0.49,1.7,0.031,44.0,109.0,0.9906,3.07,0.46,12.5,1.0,1
7.3,0.19,0.27,13.9,0.057,45.0,155.0,0.99807,2.94,0.41,8.8,1.0,2
6.6,0.4,0.3,5.3,0.038,20.0,125.0,0.99204,3.36,0.73,12.6,1.0,1
7.0,0.3,0.32,6.4,0.034,28.0,97.0,0.9924,3.23,0.44,11.8,1.0,1
7.1,0.34,0.31,5.2,0.032,36.0,140.0,0.99166,3.35,0.47,12.3,1.0,2
7.4,0.15,0.42,1.7,0.045,49.0,154.0,0.992,3.0,0.6,10.4,1.0,1
7.2,0.23,0.38,14.3,0.058,55.0,194.0,0.9979,3.09,0.44,9.0,1.0,1
7.7,0.6,0.0,2.6,0.055,7.0,13.0,0.99639,3.38,0.56,10.8,0.0,0
6.0,0.34,0.29,6.1,0.046,29.0,134.0,0.99462,3.48,0.57,10.7,1.0,1
6.4,0.4,0.19,3.2,0.033,28.0,124.0,0.9904,3.22,0.54,12.7,1.0,2
5.0,1.02,0.04,1.4,0.045,41.0,85.0,0.9938,3.75,0.48,10.5,0.0,0
8.0,0.24,0.26,1.7,0.033,36.0,136.0,0.99316,3.44,0.51,10.4,1.0,2
8.5,0.25,0.27,4.7,0.031,31.0,92.0,0.9922,3.01,0.33,12.0,1.0,1
6.2,0.17,0.3,1.1,0.037,14.0,79.0,0.993,3.5,0.54,10.3,1.0,1
6.6,0.21,0.6,1.1,0.135,61.0,144.0,0.9927,3.12,0.39,9.3,1.0,2
5.0,0.61,0.12,1.3,0.009,65.0,100.0,0.9874,3.26,0.37,13.5,1.0,0
6.8,0.26,0.29,11.9,0.052,54.0,160.0,0.99546,3.03,0.58,10.4,1.0,1
7.8,0.15,0.24,7.7,0.047,21.0,98.0,0.9951,2.94,0.31,9.6,1.0,1
5.8,0.28,0.18,1.2,0.058,7.0,108.0,0.99288,3.23,0.58,9.55,1.0,0
7.0,0.16,0.73,1.0,0.138,58.0,150.0,0.9936,3.08,0.3,9.2,1.0,0
5.7,0.29,0.16,7.9,0.044,48.0,197.0,0.99512,3.21,0.36,9.4,1.0,0
9.2,0.32,0.42,1.3,0.046,14.0,186.0,0.9949,3.08,0.48,9.6,1.0,0
6.9,0.32,0.26,8.3,0.053,32.0,180.0,0.9965,3.25,0.51,9.2,1.0,1
7.0,0.13,0.37,12.85,0.042,36.0,105.0,0.99581,3.05,0.55,10.7,1.0,1
6.4,0.23,0.39,1.8,0.032,23.0,118.0,0.9912,3.32,0.5,11.8,1.0,1
6.5,0.19,0.1,1.3,0.046,23.0,107.0,0.9937,3.29,0.45,10.0,1.0,0
6.4,0.24,0.29,11.4,0.051,32.0,166.0,0.9968,3.31,0.45,9.5,1.0,0
6.7,0.42,0.39,12.1,0.04,61.0,248.0,0.99794,3.31,0.58,9.7,1.0,0
6.9,0.38,0.25,9.8,0.04,28.0,191.0,0.9971,3.28,0.61,9.2,1.0,0
8.9,0.12,0.45,1.8,0.075,10.0,21.0,0.99552,3.41,0.76,11.9,0.0,2
7.2,0.4,0.49,1.1,0.048,11.0,138.0,0.9929,3.01,0.42,9.3,1.0,0
7.9,0.54,0.34,2.5,0.076,8.0,17.0,0.99235,3.2,0.72,13.1,0.0,2
8.0,0.24,0.3,17.45,0.056,43.0,184.0,0.9997,3.05,0.5,9.2,1.0,1
6.3,0.26,0.49,1.5,0.052,34.0,134.0,0.9924,2.99,0.61,9.8,1.0,1
6.8,0.77,0.0,1.8,0.066,34.0,52.0,0.9976,3.62,0.68,9.9,0.0,0
8.4,0.62,0.12,1.8,0.072,38.0,46.0,0.99504,3.38,0.89,11.8,0.0,1
7.8,0.7,0.06,1.9,0.079,20.0,35.0,0.99628,3.4,0.69,10.9,0.0,0
10.4,0.24,0.49,1.8,0.075,6.0,20.0,0.9977,3.18,1.06,11.0,0.0,1
6.1,0.28,0.32,2.5,0.042,23.0,218.5,0.9935,3.27,0.6,9.8,1.0,0
8.6,0.42,0.39,1.8,0.068,6.0,12.0,0.99516,3.35,0.69,11.7,0.0,2
8.0,0.55,0.17,8.2,0.04,13.0,60.0,0.9956,3.09,0.3,9.5,1.0,0
5.7,0.695,0.06,6.8,0.042,9.0,84.0,0.99432,3.44,0.44,10.2,1.0,0
7.7,0.29,0.48,2.3,0.049,36.0,178.0,0.9931,3.17,0.64,10.6,1.0,1
8.8,0.23,0.74,3.2,0.042,15.0,126.0,0.9934,3.02,0.51,11.2,1.0,1
6.1,0.36,0.41,19.35,0.07,67.0,207.0,1.00118,3.39,0.53,9.1,1.0,0
7.8,0.28,0.34,1.6,0.028,32.0,118.0,0.9901,3.0,0.38,12.1,1.0,2
8.7,0.15,0.3,1.6,0.046,29.0,130.0,0.9942,3.22,0.38,9.8,1.0,1
5.6,0.32,0.32,8.3,0.043,32.0,105.0,0.99266,3.24,0.47,11.2,1.0,1
5.9,0.26,0.27,18.2,0.048,52.0,168.0,0.9993,3.35,0.44,9.4,1.0,0
8.3,0.28,0.27,17.5,0.045,48.0,253.0,1.00014,3.02,0.56,9.1,1.0,1
6.6,0.19,0.25,1.2,0.052,34.0,181.0,0.99352,3.3,0.42,9.4,1.0,2
6.9,0.34,0.74,11.2,0.069,44.0,150.0,0.9968,3.0,0.81,9.2,1.0,0
6.9,0.41,0.33,2.2,0.081,22.0,36.0,0.9949,3.41,0.75,11.1,0.0,1
6.4,0.45,0.07,1.1,0.03,10.0,131.0,0.9905,2.97,0.28,10.8,1.0,0
7.4,0.18,0.4,1.6,0.047,22.0,102.0,0.9937,3.28,0.44,10.7,1.0,0
6.5,0.4,0.1,2.0,0.076,30.0,47.0,0.99554,3.36,0.48,9.4,0.0,1
7.3,0.2,0.37,1.2,0.037,48.0,119.0,0.992,3.32,0.49,10.9,1.0,1
6.5,0.36,0.38,10.2,0.028,20.0,82.0,0.99274,3.1,0.43,12.1,1.0,2
6.0,0.33,0.2,1.8,0.031,49.0,159.0,0.9919,3.41,0.53,11.0,1.0,1
8.5,0.25,0.27,4.7,0.031,31.0,92.0,0.9922,3.01,0.33,12.0,1.0,1
8.4,0.2,0.38,11.8,0.055,51.0,170.0,1.0004,3.34,0.82,8.9,1.0,1
7.6,0.23,0.34,1.6,0.043,24.0,129.0,0.99305,3.12,0.7,10.4,1.0,0
7.5,0.63,0.27,2.0,0.083,17.0,91.0,0.99616,3.26,0.58,9.8,0.0,1
6.2,0.24,0.35,1.2,0.038,22.0,167.0,0.9912,3.1,0.48,10.6,1.0,1
7.4,0.38,0.27,7.5,0.041,24.0,160.0,0.99535,3.17,0.43,10.0,1.0,0
6.9,0.19,0.35,1.7,0.036,33.0,101.0,0.99315,3.21,0.54,10.8,1.0,2
7.4,0.25,0.36,13.2,0.067,53.0,178.0,0.9976,3.01,0.48,9.0,1.0,1
7.7,0.61,0.18,2.4,0.083,6.0,20.0,0.9963,3.29,0.6,10.2,0.0,1
6.2,0.28,0.57,1.0,0.043,50.0,92.0,0.99004,3.17,0.36,11.5,1.0,1
7.0,0.24,0.24,9.0,0.03,42.0,219.0,0.99636,3.47,0.46,10.2,1.0,1
6.8,0.19,0.32,7.05,0.019,54.0,188.0,0.9935,3.25,0.37,11.1,1.0,2
6.8,0.785,0.0,2.4,0.104,14.0,30.0,0.9966,3.52,0.55,10.7,0.0,1
7.8,0.23,0.28,4.75,0.042,45.0,166.0,0.9928,2.96,0.4,11.5,1.0,0
6.6,0.24,0.38,12.75,0.034,8.0,74.0,0.99386,3.1,0.57,12.9,1.0,1
7.0,0.36,0.21,2.4,0.086,24.0,69.0,0.99556,3.4,0.53,10.1,0.0,1
6.9,0.19,0.35,13.5,0.038,49.0,118.0,0.99546,3.0,0.63,10.7,1.0,1
7.3,0.35,0.24,2.0,0.067,28.0,48.0,0.99576,3.43,0.54,10.0,0.0,0
7.4,0.18,0.29,1.4,0.042,34.0,101.0,0.99384,3.54,0.6,10.5,1.0,2
5.9,0.42,0.36,2.4,0.034,19.0,77.0,0.99184,3.25,0.48,10.9,1.0,0
7.0,0.14,0.41,0.9,0.037,22.0,95.0,0.9914,3.25,0.43,10.9,1.0,1
7.8,0.22,0.36,1.4,0.056,21.0,153.0,0.993,3.2,0.53,10.4,1.0,1
6.8,0.41,0.3,8.8,0.045,28.0,131.0,0.9953,3.12,0.59,9.9,1.0,0
8.0,0.42,0.36,5.0,0.037,34.0,101.0,0.992,3.13,0.57,12.3,1.0,2
6.5,0.2,0.35,3.9,0.04,27.0,140.0,0.99102,2.98,0.53,11.8,1.0,1
7.5,0.17,0.37,1.5,0.06,18.0,75.0,0.9936,3.54,0.88,10.7,1.0,0
5.7,0.15,0.47,11.4,0.035,49.0,128.0,0.99456,3.03,0.34,10.5,1.0,2
7.1,0.49,0.22,2.0,0.047,146.5,307.5,0.9924,3.24,0.37,11.0,1.0,0
11.5,0.54,0.71,4.4,0.124,6.0,15.0,0.9984,3.01,0.83,11.8,0.0,2
6.2,0.31,0.26,4.8,0.037,36.0,148.0,0.9928,3.21,0.41,10.4,1.0,1
6.6,0.22,0.34,11.6,0.05,59.0,140.0,0.99526,3.22,0.4,10.8,1.0,0
6.4,0.25,0.57,1.0,0.062,21.0,122.0,0.99238,3.0,0.4,9.5,1.0,0
6.9,0.38,0.28,8.3,0.062,22.0,166.0,0.99506,3.16,0.72,10.6,1.0,0
7.3,0.22,0.26,1.5,0.04,32.0,172.0,0.99194,3.27,0.48,11.2,1.0,1
8.1,0.28,0.4,6.9,0.05,30.0,97.0,0.9951,3.26,0.44,10.1,1.0,1
7.1,0.39,0.12,2.1,0.065,14.0,24.0,0.99252,3.3,0.53,13.3,0.0,1
5.9,0.17,0.3,1.4,0.042,25.0,119.0,0.9931,3.68,0.72,10.5,1.0,1
7.6,0.33,0.41,13.7,0.045,44.0,197.0,0.9989,3.18,0.64,9.1,1.0,0
6.1,0.22,0.4,1.85,0.031,25.0,111.0,0.98966,3.03,0.3,11.8,1.0,2
6.5,0.19,0.32,1.4,0.04,31.0,132.0,0.9922,3.36,0.54,10.8,1.0,2
6.8,0.27,0.12,1.3,0.04,87.0,168.0,0.992,3.18,0.41,10.0,1.0,0
6.5,0.28,0.38,7.8,0.031,54.0,216.0,0.99154,3.03,0.42,13.1,1.0,1
6.8,0.27,0.22,17.8,0.034,16.0,116.0,0.9989,3.07,0.53,9.2,1.0,0
7.2,0.23,0.19,13.7,0.052,47.0,197.0,0.99865,3.12,0.53,9.0,1.0,0
7.6,0.54,0.02,1.7,0.085,17.0,31.0,0.99589,3.37,0.51,10.4,0.0,1
9.8,0.66,0.39,3.2,0.083,21.0,59.0,0.9989,3.37,0.71,11.5,0.0,2
6.2,0.66,0.48,1.2,0.029,29.0,75.0,0.9892,3.33,0.39,12.8,1.0,2
7.7,0.23,0.31,10.7,0.038,59.0,186.0,0.9969,3.12,0.55,9.5,1.0,1
7.3,0.19,0.27,13.9,0.057,45.0,155.0,0.99807,2.94,0.41,8.8,1.0,2
7.0,0.25,0.29,15.2,0.047,40.0,171.0,0.9982,3.22,0.45,9.3,1.0,0
6.5,0.46,0.41,16.8,0.084,59.0,222.0,0.9993,3.18,0.58,9.0,1.0,0
6.7,0.23,0.31,2.1,0.046,30.0,96.0,0.9926,3.33,0.64,10.7,1.0,2
7.9,0.33,0.23,1.7,0.077,18.0,45.0,0.99625,3.29,0.65,9.3,0.0,0
6.6,0.44,0.32,3.0,0.095,13.0,75.0,0.98954,3.1,0.63,12.8,1.0,1
6.7,0.22,0.37,1.6,0.028,24.0,102.0,0.9913,3.29,0.59,11.6,1.0,2
8.7,0.3,0.59,1.7,0.046,10.0,70.0,0.99373,3.06,0.56,10.8,1.0,0
7.4,0.635,0.1,2.4,0.08,16.0,33.0,0.99736,3.58,0.69,10.8,0.0,2
7.2,0.2,0.31,10.0,0.054,49.0,165.0,0.997,3.4,0.42,9.9,1.0,1
6.8,0.29,0.5,13.3,0.053,48.0,194.0,0.9974,3.09,0.45,9.4,1.0,0
8.2,0.32,0.26,2.1,0.062,26.0,87.0,0.98974,3.1,0.47,12.8,1.0,1
5.9,0.3,0.47,7.85,0.03,19.0,133.0,0.9933,3.52,0.43,11.5,1.0,2
7.1,0.24,0.41,17.8,0.046,39.0,145.0,0.9998,3.32,0.39,8.7,1.0,0
6.0,0.58,0.2,2.4,0.075,15.0,50.0,0.99467,3.58,0.67,12.5,0.0,1
7.2,0.17,0.41,1.6,0.052,24.0,126.0,0.99228,3.19,0.49,10.8,1.0,0
5.8,0.39,0.47,7.5,0.027,12.0,88.0,0.9907,3.38,0.45,14.0,1.0,1
7.3,0.25,0.27,3.8,0.047,16.0,79.0,0.99173,3.07,0.46,11.3,1.0,1
6.3,0.25,0.44,1.7,0.024,36.0,116.0,0.98935,3.18,0.4,12.5,1.0,1
7.1,0.2,0.3,0.9,0.019,4.0,28.0,0.98931,3.2,0.36,12.0,1.0,1
7.5,0.18,0.37,6.2,0.05,21.0,138.0,0.99546,3.2,0.55,10.5,1.0,1
8.4,0.635,0.36,2.0,0.089,15.0,55.0,0.99745,3.31,0.57,10.4,0.0,0
7.1,0.31,0.3,2.2,0.053,36.0,127.0,0.9965,2.94,1.62,9.5,0.0,0
6.1,0.38,0.14,3.9,0.06,27.0,113.0,0.99344,3.07,0.34,9.2,1.0,0
8.2,0.38,0.32,2.5,0.08,24.0,71.0,0.99624,3.27,0.85,11.0,0.0,1
5.7,0.26,0.27,4.1,0.201,73.5,189.5,0.9942,3.27,0.38,9.4,1.0,1
6.4,0.64,0.21,1.8,0.081,14.0,31.0,0.99689,3.59,0.66,9.8,0.0,0
6.9,0.3,0.25,3.3,0.041,26.0,124.0,0.99428,3.18,0.5,9.3,1.0,1
6.0,0.16,0.22,1.6,0.042,36.0,106.0,0.9905,3.24,0.32,11.4,1.0,1
6.5,0.17,0.33,1.4,0.028,14.0,99.0,0.9928,3.23,0.55,10.1,1.0,1
8.4,0.19,0.43,2.1,0.052,20.0,104.0,0.994,2.85,0.46,9.5,1.0,0
7.8,0.56,0.12,2.0,0.082,7.0,28.0,0.997,3.37,0.5,9.4,0.0,1
7.8,0.64,0.1,6.0,0.115,5.0,11.0,0.9984,3.37,0.69,10.1,0.0,2
11.2,0.28,0.56,1.9,0.075,17.0,60.0,0.998,3.16,0.58,9.8,0.0,1
7.0,0.16,0.32,1.1,0.032,29.0,80.0,0.98972,3.23,0.36,12.1,1.0,1
8.8,0.46,0.45,2.6,0.065,7.0,18.0,0.9947,3.32,0.79,14.0,0.0,1
7.4,0.66,0.0,1.8,0.075,13.0,40.0,0.9978,3.51,0.56,9.4,0.0,0
7.0,0.15,0.28,14.7,0.051,29.0,149.0,0.99792,2.96,0.39,9.0,1.0,2
8.4,0.62,0.12,1.8,0.072,38.0,46.0,0.99504,3.38,0.89,11.8,0.0,1
6.0,0.26,0.34,1.3,0.046,6.0,29.0,0.9924,3.29,0.63,10.4,1.0,0
6.9,0.23,0.32,16.4,0.045,62.0,153.0,0.9972,3.22,0.42,10.5,1.0,0
10.2,0.29,0.65,2.4,0.075,6.0,17.0,0.99565,3.22,0.63,11.8,0.0,1
8.2,0.26,0.44,1.3,0.046,7.0,69.0,0.9944,3.14,0.62,10.2,1.0,0
7.7,0.58,0.1,1.8,0.102,28.0,109.0,0.99565,3.08,0.49,9.8,0.0,1
6.3,0.24,0.29,1.6,0.052,48.0,185.0,0.9934,3.21,0.5,9.4,1.0,0
10.6,0.36,0.57,2.3,0.087,6.0,20.0,0.99676,3.14,0.72,11.1,0.0,2
8.1,0.5,0.47,1.1,0.037,23.0,126.0,0.9938,3.21,0.42,10.9,1.0,0
7.9,0.18,0.36,5.9,0.058,31.0,132.0,0.995,3.25,0.52,10.9,1.0,1
5.4,0.18,0.24,4.8,0.041,30.0,113.0,0.99445,3.42,0.4,9.4,1.0,1
6.6,0.35,0.29,14.4,0.044,54.0,177.0,0.9991,3.17,0.58,8.9,1.0,1
8.2,0.42,0.29,4.1,0.03,31.0,100.0,0.9911,3.0,0.32,12.8,1.0,2
5.9,0.26,0.21,12.5,0.034,36.0,152.0,0.9972,3.28,0.43,9.5,1.0,1
6.2,0.32,0.16,7.0,0.045,30.0,136.0,0.9949,3.18,0.47,9.6,1.0,1
8.0,0.23,0.41,1.1,0.048,35.0,150.0,0.99168,3.09,0.47,11.2,1.0,0
6.4,0.39,0.21,1.2,0.041,35.0,136.0,0.99225,3.15,0.46,10.2,1.0,0
7.2,0.37,0.15,2.0,0.029,27.0,87.0,0.9903,3.3,0.59,12.6,1.0,2
6.4,0.25,0.28,4.9,0.03,29.0,98.0,0.99024,3.09,0.58,12.8,1.0,2
8.0,1.18,0.21,1.9,0.083,14.0,41.0,0.99532,3.34,0.47,10.5,0.0,0
7.0,0.24,0.25,1.7,0.042,48.0,189.0,0.992,3.25,0.42,11.4,1.0,1
7.4,0.17,0.29,1.4,0.047,23.0,107.0,0.9939,3.52,0.65,10.4,1.0,1
6.5,0.29,0.3,9.15,0.051,25.0,166.0,0.99339,3.24,0.56,11.35,1.0,1
5.0,0.44,0.04,18.6,0.039,38.0,128.0,0.9985,3.37,0.57,10.2,1.0,1
6.4,0.31,0.28,1.5,0.037,12.0,119.0,0.9919,3.32,0.51,10.4,1.0,2
7.2,0.36,0.36,5.7,0.038,26.0,98.0,0.9914,2.93,0.59,12.5,1.0,2
6.3,0.36,0.3,4.8,0.049,14.0,85.0,0.9932,3.28,0.39,10.6,1.0,0
7.9,0.21,0.39,2.0,0.057,21.0,138.0,0.99176,3.05,0.52,10.9,1.0,0
8.5,0.16,0.33,1.0,0.076,17.0,57.0,0.9921,3.14,0.46,10.6,1.0,1
5.0,0.35,0.25,7.8,0.031,24.0,116.0,0.99241,3.39,0.4,11.3,1.0,1
10.3,0.17,0.47,1.4,0.037,5.0,33.0,0.9939,2.89,0.28,9.6,1.0,0
7.5,0.705,0.1,13.0,0.044,44.0,214.0,0.99741,3.1,0.5,9.1,1.0,0
5.9,0.19,0.37,0.8,0.027,3.0,21.0,0.9897,3.09,0.31,10.8,1.0,0
7.7,0.54,0.26,1.9,0.089,23.0,147.0,0.99636,3.26,0.59,9.7,0.0,0
8.9,0.26,0.33,8.1,0.024,47.0,202.0,0.99558,3.13,0.46,10.8,1.0,1
7.2,0.34,0.44,4.2,0.047,51.0,144.0,0.991,3.01,0.76,12.3,1.0,1
7.6,0.5,0.29,2.3,0.086,5.0,14.0,0.99502,3.32,0.62,11.5,0.0,1
5.8,0.3,0.23,1.5,0.034,37.0,121.0,0.98871,2.96,0.34,12.1,1.0,1
8.5,0.37,0.2,2.8,0.09,18.0,58.0,0.998,3.34,0.7,9.6,0.0,1
7.5,0.52,0.11,1.5,0.079,11.0,39.0,0.9968,3.42,0.58,9.6,0.0,0
7.2,0.23,0.32,8.5,0.058,47.0,186.0,0.9956,3.19,0.4,9.9,1.0,1
7.3,0.26,0.33,17.85,0.049,41.5,195.0,1.0,3.06,0.44,9.1,1.0,2
8.4,0.2,0.38,11.8,0.055,51.0,170.0,1.0004,3.34,0.82,8.9,1.0,1
6.8,0.24,0.38,8.3,0.045,50.0,185.0,0.99578,3.15,0.5,9.5,1.0,1
9.0,0.62,0.04,1.9,0.146,27.0,90.0,0.9984,3.16,0.7,9.4,0.0,0
5.5,0.17,0.23,2.9,0.039,10.0,108.0,0.99243,3.28,0.5,10.0,1.0,0
6.6,0.63,0.0,4.3,0.093,51.0,77.5,0.99558,3.2,0.45,9.5,0.0,0
7.3,0.2,0.44,1.4,0.045,21.0,98.0,0.9924,3.15,0.46,10.0,1.0,2
3.8,0.31,0.02,11.1,0.036,20.0,114.0,0.99248,3.75,0.44,12.4,1.0,1
6.6,0.31,0.37,6.2,0.052,13.0,164.0,0.99602,3.24,0.39,8.8,1.0,0
7.4,0.28,0.36,1.1,0.028,42.0,105.0,0.9893,2.99,0.39,12.4,1.0,2
8.5,0.23,0.28,11.1,0.033,30.0,97.0,0.99507,3.03,0.39,10.5,1.0,2
6.1,0.25,0.18,10.5,0.049,41.0,124.0,0.9963,3.14,0.35,10.5,1.0,0
6.7,0.25,0.74,19.4,0.054,44.0,169.0,1.0004,3.51,0.45,9.8,1.0,1
7.0,0.23,0.42,1.1,0.062,35.0,100.0,0.99318,3.04,0.4,9.2,1.0,0
7.5,0.22,0.29,4.8,0.05,33.0,87.0,0.994,3.14,0.42,9.9,1.0,0
7.8,0.27,0.35,1.2,0.05,36.0,140.0,0.99138,3.09,0.45,11.2,1.0,0
7.1,0.26,0.32,14.45,0.074,29.0,107.0,0.998,2.96,0.42,9.2,1.0,1
8.4,0.36,0.32,2.2,0.081,32.0,79.0,0.9964,3.3,0.72,11.0,0.0,1
6.2,0.46,0.25,4.4,0.066,62.0,207.0,0.9939,3.25,0.52,9.8,1.0,0
6.0,0.23,0.15,9.7,0.048,101.0,207.0,0.99571,3.05,0.3,9.1,1.0,0
7.6,0.23,0.29,8.6,0.053,65.0,146.0,0.9963,3.11,0.32,9.8,1.0,1
7.6,0.36,0.49,11.3,0.046,87.0,221.0,0.9984,3.01,0.43,9.2,1.0,0
6.8,0.31,0.19,3.5,0.086,30.0,130.0,0.993,2.83,0.44,9.6,1.0,0
8.0,0.74,0.21,4.0,0.05,24.0,133.0,0.99418,3.06,0.38,9.7,1.0,0
12.8,0.615,0.66,5.8,0.083,7.0,42.0,1.0022,3.07,0.73,10.0,0.0,2
6.7,0.25,0.26,1.55,0.041,118.5,216.0,0.9949,3.55,0.63,9.4,1.0,0
7.2,0.31,0.46,5.0,0.04,3.0,29.0,0.9906,3.04,0.53,12.5,1.0,0
7.5,0.41,0.23,14.8,0.054,28.0,174.0,0.99898,3.18,0.49,9.7,1.0,0
8.4,0.31,0.31,0.95,0.021,52.0,148.0,0.99038,2.93,0.32,11.5,1.0,0
10.4,0.64,0.24,2.8,0.105,29.0,53.0,0.9998,3.24,0.67,9.9,0.0,0
6.6,0.16,0.34,1.1,0.037,41.0,115.0,0.9899,3.01,0.68,12.0,1.0,1
7.7,0.62,0.04,3.8,0.084,25.0,45.0,0.9978,3.34,0.53,9.5,0.0,0
7.7,0.915,0.12,2.2,0.143,7.0,23.0,0.9964,3.35,0.65,10.2,0.0,2
8.3,0.705,0.12,2.6,0.092,12.0,28.0,0.9994,3.51,0.72,10.0,0.0,0
7.4,0.23,0.43,1.4,0.044,22.0,113.0,0.9938,3.22,0.62,10.6,1.0,1
8.5,0.4,0.4,6.3,0.05,3.0,10.0,0.99566,3.28,0.56,12.0,0.0,0
7.6,0.23,0.34,1.6,0.043,24.0,129.0,0.99305,3.12,0.7,10.4,1.0,0
6.3,0.23,0.31,1.5,0.022,11.0,82.0,0.9892,3.3,0.4,12.9,1.0,2
6.5,0.33,0.28,6.1,0.018,41.0,103.0,0.99122,3.24,0.32,12.2,1.0,1
6.6,0.23,0.37,8.5,0.036,46.0,153.0,0.99576,3.2,0.48,9.4,1.0,1
7.2,0.44,0.28,3.4,0.048,22.0,112.0,0.99188,3.21,0.37,11.3,1.0,2
8.7,0.24,0.35,0.6,0.042,11.0,71.0,0.9926,3.08,0.38,10.6,1.0,0
6.9,0.32,0.3,1.8,0.036,28.0,117.0,0.99269,3.24,0.48,11.0,1.0,1
6.6,0.27,0.3,1.9,0.025,14.0,153.0,0.9928,3.29,0.62,10.5,1.0,1
6.7,0.3,0.29,2.8,0.025,37.0,107.0,0.99159,3.31,0.63,11.3,1.0,2
7.4,0.28,0.36,14.6,0.048,35.0,161.0,0.9968,3.14,0.56,10.6,1.0,0
6.8,0.67,0.3,13.0,0.29,22.0,193.0,0.9984,3.08,0.67,9.0,1.0,0
7.0,0.57,0.1,8.3,0.094,23.0,188.0,0.9972,3.4,0.47,9.2,1.0,0
6.0,0.25,0.4,5.7,0.052,56.0,152.0,0.99398,3.16,0.88,10.5,1.0,1
7.5,0.31,0.51,14.8,0.039,62.0,204.0,0.9982,3.06,0.6,9.5,1.0,0
8.2,0.23,0.4,7.5,0.049,12.0,76.0,0.9966,3.06,0.84,9.7,1.0,1
5.8,0.2,0.24,1.4,0.033,65.0,169.0,0.99043,3.59,0.56,12.3,1.0,2
7.1,0.39,0.35,12.5,0.044,26.0,72.0,0.9941,3.17,0.29,11.6,1.0,0
5.9,0.25,0.27,1.5,0.029,37.0,81.0,0.9892,3.2,0.46,12.2,1.0,1
8.4,0.23,0.49,7.8,0.035,22.0,95.0,0.9935,3.04,0.34,12.0,1.0,1
7.4,0.32,0.27,1.4,0.049,38.0,173.0,0.99335,3.03,0.52,9.3,1.0,0
9.3,0.4,0.49,2.5,0.085,38.0,142.0,0.9978,3.22,0.55,9.4,0.0,0
8.6,0.22,0.33,1.2,0.031,38.0,95.0,0.99239,2.83,0.31,10.3,1.0,0
6.6,0.22,0.28,12.05,0.058,25.0,125.0,0.99856,3.45,0.45,9.4,1.0,0
6.9,0.29,0.25,12.2,0.04,29.0,136.0,0.99552,3.05,0.65,10.4,1.0,1
6.7,0.14,0.51,4.3,0.028,57.0,124.0,0.99176,2.91,0.54,10.7,1.0,2
6.8,0.11,0.27,8.6,0.044,45.0,104.0,0.99454,3.2,0.37,9.9,1.0,1
6.5,0.4,0.31,3.5,0.046,22.0,147.0,0.99024,3.15,0.31,12.0,1.0,2
8.0,0.25,0.49,9.0,0.044,31.0,185.0,0.998,3.34,0.49,10.0,1.0,1
6.4,0.15,0.44,1.2,0.043,67.0,150.0,0.9907,3.14,0.73,11.2,1.0,2
6.9,0.33,0.21,1.0,0.053,39.0,148.0,0.9927,3.12,0.45,9.4,1.0,1
8.2,0.73,0.21,1.7,0.074,5.0,13.0,0.9968,3.2,0.52,9.5,0.0,0
7.2,0.615,0.1,1.4,0.068,25.0,154.0,0.99499,3.2,0.48,9.7,1.0,0
8.3,0.49,0.36,1.8,0.222,6.0,16.0,0.998,3.18,0.6,9.5,0.0,1
6.5,0.46,0.24,11.5,0.051,56.0,171.0,0.99588,3.08,0.56,9.8,1.0,1
7.2,0.23,0.39,14.2,0.058,49.0,192.0,0.9979,2.98,0.48,9.0,1.0,2
8.8,0.39,0.34,5.9,0.055,33.0,128.0,0.9927,2.95,0.51,11.8,1.0,1
11.4,0.26,0.44,3.6,0.071,6.0,19.0,0.9986,3.12,0.82,9.3,0.0,1
5.9,0.36,0.04,5.7,0.046,21.0,87.0,0.9934,3.22,0.51,10.2,1.0,0
7.8,0.29,0.36,7.0,0.042,38.0,161.0,0.9941,3.26,0.37,11.2,1.0,2
5.6,0.18,0.58,1.25,0.034,29.0,129.0,0.98984,3.51,0.6,12.0,1.0,2
8.3,1.02,0.02,3.4,0.084,6.0,11.0,0.99892,3.48,0.49,11.0,0.0,0
6.0,0.36,0.32,1.1,0.053,26.0,173.0,0.99414,3.38,0.54,8.8,1.0,0
9.0,0.58,0.25,2.8,0.075,9.0,104.0,0.99779,3.23,0.57,9.7,0.0,0
7.3,0.4,0.24,6.7,0.058,41.0,166.0,0.995,3.2,0.41,9.9,1.0,1
6.6,0.32,0.33,2.5,0.052,40.0,219.5,0.99316,3.15,0.6,10.0,1.0,0
8.0,0.45,0.28,10.8,0.051,25.0,157.0,0.9957,3.06,0.47,11.4,1.0,2
6.2,0.27,0.18,1.5,0.028,20.0,111.0,0.99228,3.41,0.5,10.0,1.0,0
6.5,0.24,0.36,2.2,0.027,36.0,134.0,0.9898,3.28,0.36,12.5,1.0,2
6.5,0.23,0.36,16.3,0.038,43.0,133.0,0.99924,3.26,0.41,8.8,1.0,0
6.7,0.18,0.31,10.6,0.035,42.0,143.0,0.99572,3.08,0.49,9.8,1.0,2
8.6,0.18,0.36,1.8,0.04,24.0,187.0,0.9956,3.25,0.55,9.5,1.0,1
7.3,0.37,0.16,14.9,0.048,59.0,240.0,0.99902,3.13,0.45,8.9,1.0,0
6.5,0.36,0.49,2.9,0.03,16.0,94.0,0.9902,3.1,0.49,12.1,1.0,2
7.6,0.2,0.3,14.2,0.056,53.0,212.5,0.999,3.14,0.46,8.9,1.0,2
7.7,0.39,0.3,5.2,0.037,29.0,131.0,0.9943,3.38,0.44,11.0,1.0,1
6.7,0.24,0.32,9.0,0.023,20.0,109.0,0.99262,3.34,0.35,12.6,1.0,1
5.8,0.33,0.2,16.05,0.047,26.0,166.0,0.9976,3.09,0.46,8.9,1.0,0
7.2,0.415,0.36,2.0,0.081,13.0,45.0,0.9972,3.48,0.64,9.2,0.0,0
6.8,0.17,0.35,1.8,0.04,29.0,84.0,0.98961,2.91,0.57,12.0,1.0,2
5.7,0.18,0.22,4.2,0.042,25.0,111.0,0.994,3.35,0.39,9.4,1.0,0
5.6,0.19,0.47,4.5,0.03,19.0,112.0,0.9922,3.56,0.45,11.2,1.0,1
6.4,0.18,0.74,11.9,0.046,54.0,168.0,0.9978,3.58,0.68,10.1,1.0,0
7.4,0.19,0.31,14.5,0.045,39.0,193.0,0.9986,3.1,0.5,9.2,1.0,1
6.5,0.23,0.45,2.1,0.027,43.0,104.0,0.99054,3.02,0.52,11.3,1.0,1
7.2,0.33,0.34,2.0,0.044,61.0,171.0,0.98947,3.25,0.53,13.3,1.0,2
7.4,0.16,0.27,15.5,0.05,25.0,135.0,0.9984,2.9,0.43,8.7,1.0,2
7.0,0.23,0.33,1.0,0.043,46.0,110.0,0.99118,3.04,0.65,10.8,1.0,1
6.7,0.44,0.22,4.3,0.032,19.0,99.0,0.99015,3.26,0.53,12.8,1.0,2
7.8,0.87,0.26,3.8,0.107,31.0,67.0,0.99668,3.26,0.46,9.2,0.0,0
7.4,0.21,0.27,1.2,0.041,27.0,99.0,0.9927,3.19,0.33,9.8,1.0,1
7.0,0.12,0.29,10.3,0.039,41.0,98.0,0.99564,3.19,0.38,9.8,1.0,2
7.4,0.26,0.43,6.0,0.022,22.0,125.0,0.9928,3.13,0.55,11.5,1.0,1
7.4,0.64,0.17,5.4,0.168,52.0,98.0,0.99736,3.28,0.5,9.5,0.0,0
7.4,0.6,0.26,2.1,0.083,17.0,91.0,0.99616,3.29,0.56,9.8,0.0,1
5.8,0.23,0.31,4.5,0.046,42.0,124.0,0.99324,3.31,0.64,10.8,1.0,1
9.2,0.25,0.34,1.2,0.026,31.0,93.0,0.9916,2.93,0.37,11.3,1.0,2
5.2,0.155,0.33,1.6,0.028,13.0,59.0,0.98975,3.3,0.84,11.9,1.0,2
5.8,0.36,0.32,1.7,0.033,22.0,96.0,0.9898,3.03,0.38,11.2,1.0,1
6.6,0.25,0.33,8.5,0.042,29.0,141.0,0.99546,3.28,0.6,10.4,1.0,0
6.9,0.15,0.28,4.4,0.029,14.0,107.0,0.99347,3.24,0.46,10.4,1.0,2
7.1,0.72,0.0,1.8,0.123,6.0,14.0,0.99627,3.45,0.58,9.8,0.0,0
6.4,0.35,0.2,5.7,0.034,18.0,117.0,0.9944,3.33,0.43,10.1,1.0,0
7.7,0.49,1.0,19.6,0.03,28.0,135.0,0.9973,3.24,0.4,12.0,1.0,1
8.0,0.28,0.42,7.1,0.045,41.0,169.0,0.9959,3.17,0.43,10.6,1.0,0
6.2,0.25,0.42,8.0,0.049,53.0,206.0,0.99586,3.16,0.47,9.1,1.0,1
6.1,0.41,0.14,10.4,0.037,18.0,119.0,0.996,3.38,0.45,10.0,1.0,0
7.4,0.19,0.31,14.5,0.045,39.0,193.0,0.9986,3.1,0.5,9.2,1.0,1
6.3,0.23,0.49,7.1,0.05,67.0,210.0,0.9951,3.23,0.34,9.5,1.0,0
7.8,0.46,0.26,1.9,0.088,23.0,53.0,0.9981,3.43,0.74,9.2,0.0,1
7.2,0.63,0.0,1.9,0.097,14.0,38.0,0.99675,3.37,0.58,9.0,0.0,1
8.6,0.37,0.65,6.4,0.08,3.0,8.0,0.99817,3.27,0.58,11.0,0.0,0
5.1,0.33,0.22,1.6,0.027,18.0,89.0,0.9893,3.51,0.38,12.5,1.0,2
7.9,0.16,0.3,7.4,0.05,58.0,152.0,0.99612,3.12,0.37,9.5,1.0,1
6.7,0.24,0.26,12.6,0.053,44.0,182.0,0.99802,3.42,0.42,9.7,1.0,0
7.1,0.59,0.02,2.3,0.082,24.0,94.0,0.99744,3.55,0.53,9.7,0.0,1
7.2,0.35,0.34,12.4,0.051,6.0,37.0,0.9944,3.13,0.39,11.5,1.0,1
5.3,0.21,0.29,0.7,0.028,11.0,66.0,0.99215,3.3,0.4,9.8,1.0,0
8.2,0.73,0.21,1.7,0.074,5.0,13.0,0.9968,3.2,0.52,9.5,0.0,0
7.3,0.66,0.0,2.0,0.084,6.0,23.0,0.9983,3.61,0.96,9.9,0.0,1
5.6,0.31,0.78,13.9,0.074,23.0,92.0,0.99677,3.39,0.48,10.5,0.0,1
6.8,0.3,0.35,2.8,0.038,10.0,164.0,0.9912,3.09,0.53,12.0,1.0,1
5.8,0.25,0.24,13.3,0.044,41.0,137.0,0.9972,3.34,0.42,9.5,1.0,0
6.3,0.495,0.22,1.8,0.046,31.0,140.0,0.9929,3.39,0.54,10.4,1.0,1
5.9,0.29,0.16,7.9,0.044,48.0,197.0,0.99512,3.21,0.36,9.4,1.0,0
5.9,0.44,0.36,2.5,0.03,12.0,73.0,0.99201,3.22,0.48,10.8,1.0,1
4.9,0.33,0.31,1.2,0.016,39.0,150.0,0.98713,3.33,0.59,14.0,1.0,2
5.4,0.185,0.19,7.1,0.048,36.0,110.0,0.99438,3.26,0.41,9.5,1.0,1
8.0,0.43,0.36,2.3,0.075,10.0,48.0,0.9976,3.34,0.46,9.4,0.0,0
7.5,0.38,0.56,9.7,0.055,15.0,170.0,0.99605,3.13,0.65,9.9,1.0,1
6.0,0.28,0.29,19.3,0.051,36.0,174.0,0.99911,3.14,0.5,9.0,1.0,0
6.4,0.28,0.29,1.6,0.052,34.0,127.0,0.9929,3.48,0.56,10.5,1.0,2
5.4,0.53,0.16,2.7,0.036,34.0,128.0,0.98856,3.2,0.53,13.2,1.0,2
6.4,0.28,0.56,1.7,0.156,49.0,106.0,0.99354,3.1,0.37,9.2,1.0,1
5.8,0.33,0.23,5.0,0.053,29.0,106.0,0.99458,3.13,0.52,9.0,1.0,0
6.3,0.55,0.45,13.0,0.047,33.0,182.0,0.9974,3.2,0.46,9.2,1.0,1
7.0,0.55,0.05,8.0,0.036,19.0,164.0,0.99269,3.26,0.46,12.2,1.0,1
6.4,0.42,0.09,2.3,0.054,34.0,64.0,0.99724,3.41,0.68,10.4,0.0,1
7.4,0.24,0.29,10.1,0.05,21.0,105.0,0.9962,3.13,0.35,9.5,1.0,0
7.8,0.3,0.29,16.85,0.054,23.0,135.0,0.9998,3.16,0.38,9.0,1.0,1
6.8,0.37,0.51,11.8,0.044,62.0,163.0,0.9976,3.19,0.44,8.8,1.0,0
6.3,0.22,0.22,5.6,0.039,31.0,128.0,0.99296,3.12,0.46,10.4,1.0,1
7.0,0.45,0.34,19.8,0.04,12.0,67.0,0.9976,3.07,0.38,11.0,1.0,1
7.7,0.69,0.05,2.7,0.075,15.0,27.0,0.9974,3.26,0.61,9.1,0.0,0
7.7,0.51,0.28,2.1,0.087,23.0,54.0,0.998,3.42,0.74,9.2,0.0,0
5.4,0.22,0.35,6.5,0.029,26.0,87.0,0.99092,3.29,0.44,12.5,1.0,2
7.0,0.3,0.51,13.6,0.05,40.0,168.0,0.9976,3.07,0.52,9.6,1.0,2
5.8,0.27,0.2,14.95,0.044,22.0,179.0,0.9962,3.37,0.37,10.2,1.0,0
7.1,0.2,0.35,3.2,0.034,21.0,107.0,0.99195,3.11,0.54,11.1,1.0,1
6.3,0.22,0.27,4.5,0.036,81.0,157.0,0.9928,3.05,0.76,10.7,1.0,2
6.5,0.21,0.4,7.3,0.041,49.0,115.0,0.99268,3.21,0.43,11.0,1.0,1
6.9,0.35,0.55,11.95,0.038,22.0,111.0,0.99687,3.11,0.29,9.7,1.0,0
7.1,0.21,0.72,1.6,0.167,65.0,120.0,0.99324,2.97,0.51,9.2,1.0,0
5.7,0.255,0.65,1.2,0.079,17.0,137.0,0.99307,3.2,0.42,9.4,1.0,0
6.4,0.17,0.27,9.9,0.047,26.0,101.0,0.99596,3.34,0.5,9.9,1.0,1
7.8,0.19,0.32,7.4,0.015,47.0,124.0,0.99278,2.99,0.39,11.0,1.0,1
8.6,0.645,0.25,2.0,0.083,8.0,28.0,0.99815,3.28,0.6,10.0,0.0,1
6.4,0.475,0.06,1.0,0.03,9.0,131.0,0.9904,2.97,0.29,10.8,1.0,0
8.1,0.28,0.49,1.0,0.04,32.0,148.0,0.9936,3.13,0.41,10.0,1.0,1
6.7,0.48,0.32,1.4,0.021,22.0,121.0,0.9889,3.15,0.53,12.7,1.0,2
7.1,0.24,0.41,17.8,0.046,39.0,145.0,0.9998,3.32,0.39,8.7,1.0,0
6.5,0.2,0.33,1.5,0.039,36.0,110.0,0.99008,3.22,0.65,12.0,1.0,1
5.3,0.36,0.27,6.3,0.028,40.0,132.0,0.99186,3.37,0.4,11.6,1.0,1
6.9,0.28,0.24,2.1,0.034,49.0,121.0,0.98882,2.98,0.43,13.2,1.0,2
9.3,0.37,0.44,1.6,0.038,21.0,42.0,0.99526,3.24,0.81,10.8,0.0,2
7.0,0.39,0.31,5.3,0.169,32.0,162.0,0.9965,3.2,0.48,9.4,1.0,0
7.5,0.5,0.36,6.1,0.071,17.0,102.0,0.9978,3.35,0.8,10.5,0.0,0
7.1,0.145,0.33,4.6,0.05,33.0,131.0,0.9942,3.28,0.4,9.6,1.0,1
6.2,0.25,0.21,15.55,0.039,28.0,159.0,0.9982,3.48,0.64,9.6,1.0,1
6.8,0.45,0.36,5.0,0.033,28.0,156.0,0.991,3.11,0.4,12.4,1.0,2
8.0,0.57,0.23,3.2,0.073,17.0,119.0,0.99675,3.26,0.57,9.3,0.0,0
7.5,0.21,0.29,1.5,0.046,35.0,107.0,0.99123,3.15,0.45,11.3,1.0,1
6.6,0.41,0.31,1.6,0.042,18.0,101.0,0.99195,3.13,0.41,10.5,1.0,0
7.6,0.35,0.47,13.3,0.037,42.0,116.0,0.99822,3.04,0.5,9.2,1.0,0
6.2,0.56,0.09,1.7,0.053,24.0,32.0,0.99402,3.54,0.6,11.3,0.0,0
6.3,0.29,0.4,6.5,0.039,43.0,167.0,0.9953,3.15,0.44,9.3,1.0,1
8.6,0.47,0.27,2.3,0.055,14.0,28.0,0.99516,3.18,0.8,11.2,0.0,0
5.9,0.27,0.27,9.0,0.051,43.0,136.0,0.9941,3.25,0.53,10.7,1.0,1
7.5,0.24,0.31,13.0,0.049,46.0,217.0,0.9985,3.08,0.53,8.8,1.0,0
7.1,0.17,0.4,14.55,0.047,47.0,156.0,0.99945,3.34,0.78,9.1,1.0,1
7.7,0.3,0.23,2.0,0.068,28.0,138.0,0.99382,3.11,0.62,9.8,1.0,0
6.9,0.32,0.13,7.8,0.042,11.0,117.0,0.996,3.23,0.37,9.2,1.0,0
6.9,0.22,0.39,6.0,0.035,44.0,141.0,0.99123,3.11,0.33,12.5,1.0,1
5.9,0.28,0.14,8.6,0.032,30.0,142.0,0.99542,3.28,0.44,9.5,1.0,1
7.6,0.2,0.26,4.8,0.033,26.0,76.0,0.99076,2.98,0.49,12.3,1.0,2
8.2,0.61,0.45,5.4,0.03,15.0,118.0,0.9954,3.14,0.34,9.6,1.0,0
11.2,0.5,0.74,5.15,0.1,5.0,17.0,0.9996,3.22,0.62,11.2,0.0,0
9.1,0.27,0.32,1.1,0.031,15.0,151.0,0.9936,3.03,0.41,10.6,1.0,0
7.5,0.35,0.37,2.5,0.066,29.0,89.0,0.98964,3.14,0.42,12.7,1.0,1
5.9,0.2,0.28,1.0,0.043,45.0,100.0,0.99033,3.4,0.41,11.4,1.0,1
6.0,0.22,0.25,11.1,0.056,112.0,177.0,0.9961,3.08,0.36,9.4,1.0,1
8.2,0.2,0.43,2.5,0.076,31.0,51.0,0.99672,3.53,0.81,10.4,0.0,1
6.9,0.75,0.13,6.3,0.036,19.0,50.0,0.99312,3.09,0.25,11.1,1.0,0
6.0,0.17,0.29,5.0,0.028,25.0,108.0,0.99076,3.14,0.34,12.3,1.0,1
11.3,0.34,0.45,2.0,0.082,6.0,15.0,0.9988,2.94,0.66,9.2,0.0,1
9.2,0.28,0.49,11.8,0.042,29.0,137.0,0.998,3.1,0.34,10.1,1.0,0
10.5,0.42,0.66,2.95,0.116,12.0,29.0,0.997,3.24,0.75,11.7,0.0,2
6.9,0.29,0.41,7.8,0.046,52.0,171.0,0.99537,3.12,0.51,9.6,1.0,0
7.9,0.44,0.37,5.85,0.033,27.0,93.0,0.992,3.16,0.54,12.6,1.0,2
7.9,0.46,0.32,4.1,0.033,40.0,138.0,0.9912,3.18,0.44,12.8,1.0,2
7.6,0.645,0.03,1.9,0.086,14.0,57.0,0.9969,3.37,0.46,10.3,0.0,0
7.2,0.23,0.46,6.4,0.036,17.0,85.0,0.99279,3.1,0.78,11.7,1.0,1
13.0,0.32,0.65,2.6,0.093,15.0,47.0,0.9996,3.05,0.61,10.6,0.0,0
7.3,0.31,0.69,10.2,0.041,58.0,160.0,0.9977,3.06,0.45,8.6,1.0,0
8.7,0.34,0.46,13.8,0.055,68.0,198.0,0.9988,3.36,0.37,9.5,1.0,1
5.5,0.14,0.27,4.6,0.029,22.0,104.0,0.9949,3.34,0.44,9.0,1.0,0
8.7,0.675,0.1,1.6,0.09,4.0,11.0,0.99745,3.31,0.65,9.55,0.0,0
8.1,0.19,0.58,16.65,0.049,48.0,181.0,1.0006,3.2,0.62,9.1,1.0,1
8.0,0.33,0.32,4.6,0.041,31.0,180.0,0.99184,2.92,0.74,12.2,1.0,1
6.5,0.26,0.31,1.3,0.034,59.0,145.0,0.98944,3.16,0.54,12.4,1.0,1
7.2,0.17,0.28,17.55,0.05,33.0,154.0,0.99971,2.94,0.43,9.0,1.0,2
6.5,0.18,0.26,1.4,0.041,40.0,141.0,0.9941,3.34,0.72,9.5,1.0,1
7.5,0.59,0.22,1.8,0.082,43.0,60.0,0.99499,3.1,0.42,9.2,0.0,0
8.3,0.23,0.3,2.1,0.049,21.0,153.0,0.9953,3.09,0.5,9.6,1.0,1
6.2,0.24,0.22,7.9,0.053,45.0,149.0,0.99545,3.23,0.52,9.3,1.0,0
7.1,0.6,0.01,2.3,0.079,24.0,37.0,0.99514,3.4,0.61,10.9,0.0,1
6.3,0.28,0.29,6.8,0.051,40.0,143.0,0.99374,3.43,0.59,11.0,1.0,1
6.5,0.51,0.25,1.7,0.048,39.0,177.0,0.99212,3.28,0.57,10.6,1.0,0
6.9,0.3,0.25,3.3,0.041,26.0,124.0,0.99428,3.18,0.5,9.3,1.0,1
7.2,0.25,0.28,14.4,0.055,55.0,205.0,0.9986,3.12,0.38,9.0,1.0,2
9.0,0.24,0.5,1.2,0.048,26.0,107.0,0.9918,3.21,0.34,12.4,1.0,1
6.5,0.27,0.4,10.0,0.039,74.0,227.0,0.99582,3.18,0.5,9.4,1.0,0
5.9,0.37,0.32,1.6,0.029,41.0,102.0,0.98916,3.41,0.55,12.7,1.0,2
6.0,0.19,0.29,1.1,0.047,67.0,152.0,0.9916,3.54,0.59,11.1,1.0,2
5.8,0.24,0.44,3.5,0.029,5.0,109.0,0.9913,3.53,0.43,11.7,1.0,0
7.0,0.28,0.28,1.4,0.039,12.0,83.0,0.99173,3.18,0.65,11.1,1.0,0
6.6,0.27,0.32,1.3,0.044,18.0,93.0,0.99044,3.11,0.56,12.25,1.0,0
7.3,0.51,0.26,3.3,0.09,7.0,135.0,0.9944,3.01,0.52,8.8,1.0,0
6.6,0.5,0.01,1.5,0.06,17.0,26.0,0.9952,3.4,0.58,9.8,0.0,1
8.7,0.3,0.34,4.8,0.018,23.0,127.0,0.99474,3.12,0.49,11.2,1.0,2
7.1,0.17,0.4,14.55,0.047,47.0,156.0,0.99945,3.34,0.78,9.1,1.0,1
8.6,0.47,0.27,2.3,0.055,14.0,28.0,0.99516,3.18,0.8,11.2,0.0,0
6.7,0.54,0.13,2.0,0.076,15.0,36.0,0.9973,3.61,0.64,9.8,0.0,0
5.9,0.27,0.32,2.0,0.034,31.0,102.0,0.98952,3.16,0.56,12.3,1.0,1
6.1,0.705,0.1,2.8,0.081,13.0,28.0,0.99631,3.6,0.66,10.2,0.0,0
10.2,0.33,0.46,1.9,0.081,6.0,9.0,0.99628,3.1,0.48,10.4,0.0,1
10.5,0.24,0.42,1.8,0.077,6.0,22.0,0.9976,3.21,1.05,10.8,0.0,2
8.0,0.17,0.29,2.4,0.029,52.0,119.0,0.98944,3.03,0.33,12.9,1.0,1
6.3,0.2,0.4,1.5,0.037,35.0,107.0,0.9917,3.46,0.5,11.4,1.0,1
7.0,0.2,0.49,5.9,0.038,39.0,128.0,0.9938,3.21,0.48,10.8,1.0,1
6.9,0.24,0.34,4.7,0.04,43.0,161.0,0.9935,3.2,0.59,10.6,1.0,1
7.1,0.755,0.15,1.8,0.107,20.0,84.0,0.99593,3.19,0.5,9.5,0.0,0
7.2,0.63,0.03,2.2,0.08,17.0,88.0,0.99745,3.53,0.58,9.8,0.0,1
6.8,0.25,0.28,5.0,0.035,42.0,126.0,0.99048,3.12,0.38,12.6,1.0,2
11.3,0.62,0.67,5.2,0.086,6.0,19.0,0.9988,3.22,0.69,13.4,0.0,2
6.5,0.31,0.61,13.0,0.053,31.0,123.0,0.99708,3.09,0.5,9.3,1.0,1
5.8,0.3,0.38,4.9,0.039,22.0,86.0,0.98963,3.23,0.58,13.1,1.0,2
6.5,0.22,0.25,17.1,0.05,44.0,138.0,1.0001,3.3,0.37,8.8,1.0,0
6.7,0.26,0.29,7.1,0.036,28.0,100.0,0.99534,3.08,0.36,9.3,1.0,1
6.7,0.13,0.45,4.2,0.043,52.0,131.0,0.99162,3.06,0.54,11.3,1.0,1
7.2,0.32,0.4,8.7,0.038,45.0,154.0,0.99568,3.2,0.47,10.4,1.0,1
6.8,0.26,0.4,7.5,0.046,45.0,179.0,0.99583,3.2,0.49,9.3,1.0,0
8.2,0.37,0.27,1.7,0.028,10.0,59.0,0.9923,2.97,0.48,10.4,1.0,0
9.0,0.26,0.34,6.7,0.029,21.0,162.0,0.99497,3.08,0.5,10.6,1.0,1
7.4,0.3,0.22,5.25,0.053,33.0,180.0,0.9926,3.13,0.45,11.6,1.0,1
8.0,0.43,0.36,2.3,0.075,10.0,48.0,0.9976,3.34,0.46,9.4,0.0,0
5.1,0.14,0.25,0.7,0.039,15.0,89.0,0.9919,3.22,0.43,9.2,1.0,1
7.5,0.23,0.68,11.0,0.047,37.0,133.0,0.9978,2.99,0.38,8.8,1.0,0
7.5,0.24,0.31,13.1,0.05,26.0,180.0,0.99884,3.05,0.53,9.1,1.0,1
6.9,0.16,0.35,1.3,0.043,21.0,182.0,0.9927,3.25,0.62,10.8,1.0,1
6.8,0.18,0.38,1.4,0.038,35.0,111.0,0.9918,3.32,0.59,11.2,1.0,2
7.3,0.24,0.41,13.6,0.05,41.0,178.0,0.9988,3.37,0.43,9.7,1.0,0
7.2,0.16,0.49,1.3,0.037,27.0,104.0,0.9924,3.23,0.57,10.6,1.0,1
6.4,0.17,0.32,2.4,0.048,41.0,200.0,0.9938,3.5,0.5,9.7,1.0,1
8.3,0.6,0.25,2.2,0.118,9.0,38.0,0.99616,3.15,0.53,9.8,0.0,0
6.7,0.46,0.24,1.7,0.077,18.0,34.0,0.9948,3.39,0.6,10.6,0.0,1
6.8,0.23,0.42,7.4,0.044,56.0,189.0,0.9958,3.22,0.48,9.3,1.0,1
12.4,0.42,0.49,4.6,0.073,19.0,43.0,0.9978,3.02,0.61,9.5,0.0,0
7.1,0.2,0.34,16.0,0.05,51.0,166.0,0.9985,3.21,0.6,9.2,1.0,1
8.7,0.69,0.31,3.0,0.086,23.0,81.0,1.0002,3.48,0.74,11.6,0.0,1
6.0,0.2,0.26,6.8,0.049,22.0,93.0,0.9928,3.15,0.42,11.0,1.0,1
6.3,0.35,0.3,5.7,0.035,8.0,97.0,0.9927,3.27,0.41,11.0,1.0,2
6.6,0.64,0.31,6.1,0.083,7.0,49.0,0.99718,3.35,0.68,10.3,0.0,0
7.2,0.4,0.24,8.5,0.055,45.0,151.0,0.99626,3.2,0.52,9.2,1.0,0
6.8,0.25,0.27,10.7,0.076,47.0,154.0,0.9967,3.05,0.38,9.0,1.0,0
7.7,0.34,0.28,11.0,0.04,31.0,117.0,0.99815,3.27,0.29,9.2,1.0,1
7.2,0.23,0.39,1.5,0.053,26.0,106.0,0.99166,3.18,0.47,11.1,1.0,1
8.1,0.12,0.49,1.2,0.042,43.0,160.0,0.9934,3.13,0.48,9.7,1.0,1
6.2,0.52,0.08,4.4,0.071,11.0,32.0,0.99646,3.56,0.63,11.6,0.0,1
8.2,0.34,0.37,1.9,0.057,43.0,74.0,0.99408,3.23,0.81,12.0,0.0,1
6.3,0.27,0.25,5.8,0.038,52.0,155.0,0.995,3.28,0.38,9.4,1.0,1
5.6,0.49,0.13,4.5,0.039,17.0,116.0,0.9907,3.42,0.9,13.7,1.0,2
7.2,0.25,0.32,1.5,0.054,24.0,105.0,0.99154,3.17,0.48,11.1,1.0,1
6.5,0.885,0.0,2.3,0.166,6.0,12.0,0.99551,3.56,0.51,10.8,0.0,0
7.1,0.34,0.86,1.4,0.174,36.0,99.0,0.99288,2.92,0.5,9.3,1.0,0
7.2,0.23,0.25,18.8,0.085,19.0,111.0,1.00044,3.1,0.51,8.7,1.0,0
6.7,0.855,0.02,1.9,0.064,29.0,38.0,0.99472,3.3,0.56,10.75,0.0,1
6.5,0.27,0.19,4.2,0.046,6.0,114.0,0.9955,3.25,0.35,8.6,1.0,0
6.9,0.17,0.22,4.6,0.064,55.0,152.0,0.9952,3.29,0.37,9.3,1.0,1
6.2,0.34,0.28,7.5,0.034,40.0,197.0,0.99485,3.14,0.6,9.7,1.0,0
10.2,0.34,0.48,2.1,0.052,5.0,9.0,0.99458,3.2,0.69,12.1,0.0,2
7.7,0.27,0.49,3.8,0.037,46.0,139.0,0.99116,3.04,0.38,11.6,1.0,1
7.9,0.51,0.36,6.2,0.051,30.0,173.0,0.9984,3.09,0.53,9.7,1.0,0
7.3,0.835,0.03,2.1,0.092,10.0,19.0,0.9966,3.39,0.47,9.6,0.0,0
6.8,0.22,0.36,1.2,0.052,38.0,127.0,0.9933,3.04,0.54,9.2,1.0,0
8.5,0.18,0.51,1.75,0.071,45.0,88.0,0.99524,3.33,0.76,11.8,0.0,2
7.1,0.27,0.27,10.4,0.041,26.0,114.0,0.99335,3.04,0.52,11.5,1.0,2
7.2,0.21,0.33,3.0,0.036,35.0,132.0,0.9928,3.25,0.4,11.0,1.0,1
7.1,0.36,0.56,1.3,0.046,25.0,102.0,0.9923,3.24,0.33,10.5,1.0,1
6.6,0.15,0.34,1.0,0.037,45.0,79.0,0.98949,2.96,0.5,11.7,1.0,1
7.6,0.37,0.34,3.2,0.028,42.0,162.0,0.9903,3.01,0.33,12.4,1.0,1
6.1,0.41,0.24,1.6,0.049,16.0,137.0,0.993,3.32,0.5,10.4,1.0,1
8.0,0.38,0.44,1.9,0.098,6.0,15.0,0.9956,3.3,0.64,11.4,0.0,1
7.6,0.16,0.44,1.4,0.043,25.0,109.0,0.9932,3.11,0.75,10.3,1.0,1
8.2,0.33,0.39,2.5,0.074,29.0,48.0,0.99528,3.32,0.88,12.4,0.0,2
7.0,0.14,0.49,5.9,0.053,22.0,118.0,0.9954,3.36,0.36,9.4,1.0,1
7.6,0.29,0.26,6.5,0.042,32.0,160.0,0.9944,3.14,0.47,10.7,1.0,0
6.8,0.11,0.27,8.6,0.044,45.0,104.0,0.99454,3.2,0.37,9.9,1.0,1
8.4,0.58,0.27,12.15,0.033,37.0,116.0,0.9959,2.99,0.39,10.8,1.0,1
6.7,0.42,0.46,9.7,0.054,67.0,234.0,0.99848,3.23,0.5,9.0,1.0,0
7.1,0.53,0.24,0.8,0.029,29.0,86.0,0.993,3.16,0.32,9.1,1.0,0
6.9,0.19,0.35,6.9,0.045,51.0,125.0,0.9933,3.1,0.44,10.7,1.0,2
6.3,0.39,0.08,1.7,0.066,3.0,20.0,0.9954,3.34,0.58,9.4,0.0,0
5.6,0.33,0.28,1.2,0.031,33.0,97.0,0.99126,3.49,0.58,10.9,1.0,1
7.9,0.33,0.26,1.2,0.044,23.0,103.0,0.9932,3.19,0.54,10.5,1.0,1
6.6,0.16,0.21,6.7,0.055,43.0,157.0,0.99384,3.15,0.52,10.8,1.0,1
6.4,0.26,0.3,2.2,0.025,33.0,134.0,0.992,3.21,0.47,10.6,1.0,1
7.6,0.46,0.11,2.6,0.079,12.0,49.0,0.9968,3.21,0.57,10.0,0.0,0
7.5,0.27,0.36,7.0,0.036,45.0,164.0,0.9939,3.03,0.33,11.0,1.0,0
5.9,0.31,0.3,7.7,0.047,60.0,206.0,0.995,3.2,0.39,9.6,1.0,1
6.0,0.26,0.15,1.3,0.06,51.0,154.0,0.99354,3.14,0.51,8.7,1.0,0
7.0,0.14,0.28,1.3,0.026,10.0,56.0,0.99352,3.46,0.45,9.9,1.0,0
12.0,0.37,0.76,4.2,0.066,7.0,38.0,1.0004,3.22,0.6,13.0,0.0,2
7.4,0.31,0.26,8.6,0.048,47.0,206.0,0.9964,3.26,0.36,9.1,1.0,0
5.7,0.21,0.37,4.5,0.04,58.0,140.0,0.99332,3.29,0.62,10.6,1.0,1
6.2,0.16,0.34,1.7,0.038,85.0,153.0,0.9909,3.33,0.86,12.0,1.0,2
7.8,0.5,0.09,2.2,0.115,10.0,42.0,0.9971,3.18,0.62,9.5,0.0,0
5.6,0.225,0.24,9.8,0.054,59.0,140.0,0.99545,3.17,0.39,10.2,1.0,1
8.9,0.595,0.41,7.9,0.086,30.0,109.0,0.9998,3.27,0.57,9.3,0.0,0
7.0,0.18,0.26,1.4,0.044,46.0,89.0,0.99256,3.39,0.48,10.7,1.0,2
6.3,0.32,0.26,12.0,0.049,63.0,170.0,0.9961,3.14,0.55,9.9,1.0,1
7.0,0.22,0.28,10.6,0.039,32.0,117.0,0.99355,3.05,0.55,11.5,1.0,2
8.1,0.2,0.36,9.7,0.044,63.0,162.0,0.997,3.1,0.46,10.0,1.0,1
7.0,0.21,0.34,8.0,0.057,19.0,101.0,0.9954,2.99,0.59,9.4,1.0,0
7.4,0.16,0.27,15.5,0.05,25.0,135.0,0.9984,2.9,0.43,8.7,1.0,2
7.4,0.19,0.3,12.8,0.053,48.5,229.0,0.9986,3.14,0.49,9.1,1.0,2
7.2,0.24,0.29,2.2,0.037,37.0,102.0,0.992,3.27,0.64,11.0,1.0,2
7.2,0.29,0.2,7.7,0.046,51.0,174.0,0.99582,3.16,0.52,9.5,1.0,0
6.4,0.22,0.3,11.2,0.046,53.0,149.0,0.99479,3.21,0.34,10.8,1.0,0
6.6,0.22,0.23,17.3,0.047,37.0,118.0,0.99906,3.08,0.46,8.8,1.0,1
6.8,0.28,0.17,13.9,0.047,49.0,162.0,0.9983,3.21,0.51,9.0,1.0,1
6.4,0.26,0.21,8.2,0.05,51.0,182.0,0.99542,3.23,0.48,9.5,1.0,0
6.5,0.22,0.19,1.1,0.064,36.0,191.0,0.99297,3.05,0.5,9.5,1.0,1
6.4,0.38,0.14,2.2,0.038,15.0,25.0,0.99514,3.44,0.65,11.1,0.0,1
6.8,0.32,0.3,1.0,0.049,22.0,113.0,0.99289,3.24,0.61,10.2,1.0,0
6.3,0.47,0.0,1.4,0.055,27.0,33.0,0.9922,3.45,0.48,12.3,0.0,1
6.6,0.21,0.38,2.2,0.026,40.0,104.0,0.9914,3.25,0.4,11.1,1.0,2
7.3,0.22,0.41,15.4,0.05,55.0,191.0,1.0,3.32,0.59,8.9,1.0,1
8.4,0.19,0.42,1.6,0.047,9.0,101.0,0.994,3.06,0.65,11.1,1.0,0
7.6,0.27,0.25,13.9,0.05,45.0,199.0,0.9984,3.34,0.5,9.8,1.0,1
9.3,0.41,0.39,2.2,0.064,12.0,31.0,0.9984,3.26,0.65,10.2,0.0,0
8.0,0.23,0.46,1.5,0.03,30.0,125.0,0.9907,3.23,0.47,12.5,1.0,1
6.1,0.17,0.27,1.5,0.056,45.0,135.0,0.9924,3.2,0.43,10.2,1.0,1
6.4,0.57,0.02,1.8,0.067,4.0,11.0,0.997,3.46,0.68,9.5,0.0,0
7.1,0.735,0.16,1.9,0.1,15.0,77.0,0.9966,3.27,0.64,9.3,0.0,0
6.7,0.3,0.49,4.8,0.034,36.0,158.0,0.9945,3.12,0.45,9.9,1.0,1
6.1,0.32,0.25,2.3,0.071,23.0,58.0,0.99633,3.42,0.97,10.6,0.0,0
7.1,0.13,0.29,15.5,0.064,56.0,115.5,0.99737,3.16,0.41,9.7,1.0,2
7.1,0.46,0.14,2.8,0.076,15.0,37.0,0.99624,3.36,0.49,10.7,0.0,0
7.9,0.18,0.33,1.2,0.033,20.0,72.0,0.9922,3.12,0.38,10.5,1.0,2
7.0,0.32,0.29,4.9,0.036,41.0,150.0,0.99168,3.38,0.43,12.2,1.0,1
9.6,0.6,0.5,2.3,0.079,28.0,71.0,0.9997,3.5,0.57,9.7,0.0,0
7.8,0.56,0.19,1.8,0.104,12.0,47.0,0.9964,3.19,0.93,9.5,0.0,0
7.0,0.58,0.12,1.9,0.091,34.0,124.0,0.9956,3.44,0.48,10.5,0.0,0
7.6,0.52,0.49,14.0,0.034,37.0,156.0,0.9958,3.14,0.38,11.8,1.0,2
6.9,0.24,0.35,1.0,0.052,35.0,146.0,0.993,3.45,0.44,10.0,1.0,1
5.8,0.29,0.27,1.6,0.062,17.0,140.0,0.99138,3.23,0.35,11.1,1.0,1
6.8,0.18,0.3,12.8,0.062,19.0,171.0,0.99808,3.0,0.52,9.0,1.0,2
7.3,0.42,0.38,6.8,0.045,29.0,122.0,0.9925,3.19,0.37,12.6,1.0,2
6.6,0.18,0.26,17.3,0.051,17.0,149.0,0.9984,3.0,0.43,9.4,1.0,1
6.7,0.47,0.34,8.9,0.043,31.0,172.0,0.9964,3.22,0.6,9.2,1.0,0
8.3,0.65,0.1,2.9,0.089,17.0,40.0,0.99803,3.29,0.55,9.5,0.0,0
8.5,0.16,0.35,1.6,0.039,24.0,147.0,0.9935,2.96,0.36,10.0,1.0,0
6.3,0.1,0.24,6.0,0.039,25.0,107.0,0.99511,3.59,0.49,10.5,1.0,2
6.9,0.19,0.28,3.0,0.054,33.0,99.0,0.9924,3.16,0.4,10.8,1.0,1
6.7,0.31,0.34,6.8,0.059,51.0,215.0,0.99538,3.33,0.56,10.3,1.0,0
6.6,0.26,0.25,11.6,0.045,45.0,178.0,0.99691,3.33,0.43,9.8,1.0,1
7.3,0.21,0.29,1.6,0.034,29.0,118.0,0.9917,3.3,0.5,11.0,1.0,2
7.8,0.965,0.6,65.8,0.074,8.0,160.0,1.03898,3.39,0.69,11.7,1.0,1
6.6,0.52,0.08,2.4,0.07,13.0,26.0,0.99358,3.4,0.72,12.5,0.0,2
7.0,0.19,0.33,6.3,0.032,42.0,127.0,0.99182,3.31,0.38,12.2,1.0,1
7.1,0.21,0.35,2.5,0.04,41.0,186.0,0.99128,3.32,0.56,12.5,1.0,1
6.5,0.36,0.36,6.7,0.185,51.5,151.0,0.99528,3.17,0.42,9.3,1.0,0
6.6,0.27,0.52,8.1,0.044,53.0,202.0,0.99548,3.18,0.48,9.5,1.0,0
5.7,0.25,0.27,11.5,0.04,24.0,120.0,0.99411,3.33,0.31,10.8,1.0,1
6.7,0.44,0.31,1.9,0.03,41.0,104.0,0.99,3.29,0.62,12.6,1.0,2
9.0,0.31,0.49,6.9,0.034,26.0,91.0,0.9937,2.99,0.34,11.5,1.0,0
5.6,0.34,0.3,6.9,0.038,23.0,89.0,0.99266,3.25,0.49,11.1,1.0,1
9.2,0.16,0.49,2.0,0.044,18.0,107.0,0.99514,3.1,0.53,10.2,1.0,0
7.0,0.56,0.13,1.6,0.077,25.0,42.0,0.99629,3.34,0.59,9.2,0.0,0
7.1,0.16,0.36,10.7,0.044,20.0,90.0,0.9959,3.16,0.44,10.9,1.0,2
6.4,0.29,0.2,15.6,0.04,20.0,142.0,0.9962,3.1,0.54,10.6,1.0,0
6.0,0.26,0.26,2.2,0.035,10.0,72.0,0.989465,3.11,0.48,12.15,1.0,1
7.1,0.43,0.61,11.8,0.045,54.0,155.0,0.9974,3.11,0.45,8.7,1.0,0
9.3,0.43,0.44,1.9,0.085,9.0,22.0,0.99708,3.28,0.55,9.5,0.0,0
5.7,0.45,0.42,1.1,0.051,61.0,197.0,0.9932,3.02,0.4,9.0,1.0,0
7.1,0.59,0.01,2.3,0.08,27.0,43.0,0.9955,3.42,0.58,10.7,0.0,1
6.8,0.18,0.28,9.8,0.039,29.0,113.0,0.99406,3.11,0.45,10.9,1.0,2
6.2,0.24,0.27,16.8,0.04,48.0,129.0,0.99691,3.23,0.38,10.5,1.0,1
11.9,0.695,0.53,3.4,0.128,7.0,21.0,0.9992,3.17,0.84,12.2,0.0,2
7.9,0.14,0.28,1.8,0.041,44.0,178.0,0.9954,3.45,0.43,9.2,1.0,1
6.5,0.26,0.74,13.3,0.044,68.0,224.0,0.9972,3.18,0.54,9.5,1.0,1
6.8,0.25,0.37,3.1,0.026,29.0,93.0,0.99035,3.14,0.45,12.2,1.0,1
7.2,0.655,0.03,1.8,0.078,7.0,12.0,0.99587,3.34,0.39,9.5,0.0,0
10.5,0.39,0.46,2.2,0.075,14.0,27.0,0.99598,3.06,0.84,11.4,0.0,1
8.0,0.61,0.38,12.1,0.301,24.0,220.0,0.9993,2.94,0.48,9.2,1.0,0
7.4,0.25,0.36,2.05,0.05,31.0,100.0,0.992,3.19,0.44,10.8,1.0,1
5.0,0.31,0.0,6.4,0.046,43.0,166.0,0.994,3.3,0.63,9.9,1.0,1
7.1,0.22,0.32,16.9,0.056,49.0,158.0,0.9998,3.37,0.38,9.6,1.0,1
8.2,0.29,0.49,1.0,0.044,29.0,118.0,0.9928,3.24,0.36,10.9,1.0,0
5.7,0.24,0.47,6.3,0.069,35.0,182.0,0.99391,3.11,0.46,9.73333333333333,1.0,0
5.6,0.18,0.29,2.3,0.04,5.0,47.0,0.99126,3.07,0.45,10.1,1.0,0
5.7,0.26,0.24,17.8,0.059,23.0,124.0,0.99773,3.3,0.5,10.1,1.0,0
6.5,0.38,0.34,3.4,0.036,34.0,200.0,0.9937,3.14,0.76,10.0,1.0,0
5.3,0.16,0.39,1.0,0.028,40.0,101.0,0.99156,3.57,0.59,10.6,1.0,1
5.5,0.3,0.25,1.9,0.029,33.0,118.0,0.98972,3.36,0.66,12.5,1.0,1
7.2,0.17,0.34,6.4,0.042,16.0,111.0,0.99278,2.99,0.4,10.8,1.0,1
6.5,0.39,0.23,5.4,0.051,25.0,149.0,0.9934,3.24,0.35,10.0,1.0,0
7.7,0.18,0.53,1.2,0.041,42.0,167.0,0.9908,3.11,0.44,11.9,1.0,0
7.1,0.21,0.32,2.2,0.037,28.0,141.0,0.993,3.2,0.57,10.0,1.0,2
6.8,0.22,0.37,1.7,0.036,38.0,195.0,0.9908,3.35,0.72,12.5,1.0,1
6.2,0.12,0.26,5.7,0.044,56.0,158.0,0.9951,3.52,0.37,10.5,1.0,1
5.4,0.255,0.33,1.2,0.051,29.0,122.0,0.99048,3.37,0.66,11.3,1.0,1
7.1,0.09,0.3,6.2,0.032,24.0,134.0,0.993,2.99,0.39,10.9,1.0,1
8.5,0.17,0.74,3.6,0.05,29.0,128.0,0.9928,3.28,0.4,12.4,1.0,1
5.8,0.54,0.0,1.4,0.033,40.0,107.0,0.98918,3.26,0.35,12.4,1.0,0
6.6,0.21,0.3,9.9,0.041,64.0,174.0,0.995,3.07,0.5,10.1,1.0,1
5.5,0.35,0.35,1.1,0.045,14.0,167.0,0.992,3.34,0.68,9.9,1.0,1
6.0,0.2,0.32,3.0,0.031,26.0,118.0,0.99134,3.38,0.68,11.2,1.0,2
8.3,0.2,0.49,1.7,0.04,34.0,169.0,0.9938,3.05,0.37,10.1,1.0,0
6.8,0.19,0.71,17.5,0.042,21.0,114.0,0.99784,2.85,0.5,9.5,1.0,1
7.3,0.28,0.54,12.9,0.049,62.0,162.5,0.9984,3.06,0.45,9.1,1.0,1
6.6,0.32,0.33,2.5,0.052,40.0,210.0,0.99316,3.15,0.6,10.0,1.0,0
6.9,0.29,0.23,8.6,0.056,56.0,215.0,0.9967,3.17,0.44,8.8,1.0,0
6.8,0.32,0.18,7.5,0.041,71.0,223.0,0.9959,3.14,0.41,8.9,1.0,0
6.0,0.28,0.27,15.5,0.036,31.0,134.0,0.99408,3.19,0.44,13.0,1.0,2
7.9,0.37,0.3,2.7,0.029,64.0,158.0,0.9916,3.12,0.59,12.0,1.0,2
6.8,0.22,0.31,1.4,0.053,34.0,114.0,0.9929,3.39,0.77,10.6,1.0,1
7.0,0.34,0.39,6.9,0.066,43.0,162.0,0.99561,3.11,0.53,9.5,1.0,0
7.1,0.36,0.24,1.8,0.025,32.0,102.0,0.9903,3.34,0.59,12.8,1.0,1
6.3,0.34,0.28,14.7,0.047,49.0,198.0,0.9977,3.23,0.46,9.5,1.0,0
12.3,0.5,0.49,2.2,0.089,5.0,14.0,1.0002,3.19,0.44,9.6,0.0,0
10.0,0.69,0.11,1.4,0.084,8.0,24.0,0.99578,2.88,0.47,9.7,0.0,0
5.2,0.31,0.36,5.1,0.031,46.0,145.0,0.9897,3.14,0.31,12.4,1.0,2
5.6,0.35,0.4,6.3,0.022,23.0,174.0,0.9922,3.54,0.5,11.6,1.0,2
6.7,0.31,0.09,1.4,0.039,53.0,141.0,0.99206,3.12,0.44,10.1,1.0,0
6.6,0.22,0.58,1.1,0.133,52.0,136.0,0.9932,3.1,0.3,9.1,1.0,0
8.0,0.28,0.3,8.4,0.03,35.0,115.0,0.99192,2.93,0.42,12.3,1.0,1
6.9,0.3,0.3,10.55,0.037,4.0,28.0,0.99184,3.07,0.32,12.7,1.0,1
6.6,0.27,0.29,5.3,0.045,57.0,189.0,0.9953,3.31,0.79,9.8,1.0,0
13.0,0.47,0.49,4.3,0.085,6.0,47.0,1.0021,3.3,0.68,12.7,0.0,1
6.4,0.29,0.32,2.4,0.014,34.0,89.0,0.99008,3.24,0.66,12.5,1.0,2
7.7,0.32,0.61,11.8,0.041,66.0,188.0,0.99794,3.0,0.54,9.3,1.0,0
5.3,0.26,0.23,5.15,0.034,48.0,160.0,0.9952,3.82,0.51,10.5,1.0,2
10.7,0.4,0.48,2.1,0.125,15.0,49.0,0.998,3.03,0.81,9.7,0.0,1
6.5,0.33,0.38,2.5,0.047,30.0,148.0,0.98964,3.17,0.43,12.7,1.0,1
7.9,0.3,0.68,8.3,0.05,37.5,289.0,0.99316,3.01,0.51,12.3,0.0,2
6.2,0.35,0.03,1.2,0.064,29.0,120.0,0.9934,3.22,0.54,9.1,1.0,0
7.7,1.005,0.15,2.1,0.102,11.0,32.0,0.99604,3.23,0.48,10.0,0.0,0
6.3,0.23,0.3,1.8,0.033,16.0,91.0,0.9906,3.28,0.4,11.8,1.0,1
8.2,0.33,0.32,2.8,0.067,4.0,12.0,0.99473,3.3,0.76,12.8,0.0,2
10.3,0.25,0.48,2.2,0.042,28.0,164.0,0.998,3.19,0.59,9.7,1.0,0
7.0,0.36,0.25,5.7,0.015,14.0,73.0,0.98963,2.82,0.59,13.2,1.0,1
8.3,0.54,0.28,1.9,0.077,11.0,40.0,0.9978,3.39,0.61,10.0,0.0,1
8.3,0.76,0.29,4.2,0.075,12.0,16.0,0.9965,3.45,0.68,11.5,0.0,1
5.9,0.37,0.3,1.5,0.033,35.0,95.0,0.98986,3.36,0.56,12.0,1.0,2
6.7,0.22,0.22,1.2,0.038,5.0,124.0,0.99098,3.1,0.37,11.2,1.0,0
6.8,0.36,0.32,1.6,0.039,10.0,124.0,0.9948,3.3,0.67,9.6,1.0,0
6.5,0.22,0.27,1.6,0.039,36.0,116.0,0.99178,3.38,0.57,11.0,1.0,2
7.5,0.685,0.07,2.5,0.058,5.0,9.0,0.99632,3.38,0.55,10.9,0.0,0
7.0,0.69,0.08,1.8,0.097,22.0,89.0,0.9959,3.34,0.54,9.2,0.0,1
5.8,0.29,0.33,3.7,0.029,30.0,88.0,0.98994,3.25,0.42,12.3,1.0,1
8.3,0.22,0.34,1.1,0.043,20.0,116.0,0.9927,3.0,0.47,10.2,1.0,1
6.4,0.46,0.22,14.7,0.047,51.0,183.0,0.998275,3.39,0.6,10.5,1.0,0
6.0,0.27,0.4,1.7,0.021,18.0,82.0,0.9891,3.24,0.95,13.1333333333333,1.0,1
8.7,0.84,0.0,1.4,0.065,24.0,33.0,0.9954,3.27,0.55,9.7,0.0,0
5.6,0.18,0.58,1.25,0.034,29.0,129.0,0.98984,3.51,0.6,12.0,1.0,2
6.4,0.27,0.29,10.8,0.028,17.0,118.0,0.99356,3.18,0.37,11.2,1.0,1
6.5,0.23,0.25,17.3,0.046,15.0,110.0,0.99828,3.15,0.42,9.2,1.0,1
7.1,0.34,0.28,2.0,0.082,31.0,68.0,0.99694,3.45,0.48,9.4,0.0,0
7.1,0.47,0.0,2.2,0.067,7.0,14.0,0.99517,3.4,0.58,10.9,0.0,0
6.4,0.15,0.29,1.8,0.044,21.0,115.0,0.99166,3.1,0.38,10.2,1.0,0
6.8,0.22,0.26,1.2,0.041,29.0,182.0,0.99104,3.04,0.35,11.2,1.0,0
6.8,0.45,0.28,26.05,0.031,27.0,122.0,1.00295,3.06,0.42,10.6,1.0,1
7.4,0.7,0.0,1.9,0.076,11.0,34.0,0.9978,3.51,0.56,9.4,0.0,0
7.8,0.43,0.49,13.0,0.033,37.0,158.0,0.9955,3.14,0.35,11.3,1.0,1
6.4,0.5,0.2,2.4,0.059,19.0,112.0,0.99314,3.18,0.4,9.2,1.0,1
7.2,0.27,0.74,12.5,0.037,47.0,156.0,0.9981,3.04,0.44,8.7,1.0,0
7.0,0.21,0.28,7.5,0.07,45.0,185.0,0.9966,3.34,0.55,9.4,1.0,0
5.9,0.26,0.3,1.0,0.036,38.0,114.0,0.9928,3.58,0.48,9.4,1.0,0
8.1,0.17,0.21,1.6,0.036,24.0,119.0,0.99396,3.18,0.52,10.1,1.0,1
7.3,0.21,0.21,1.6,0.046,35.0,133.0,0.99466,3.38,0.46,10.0,1.0,1
6.6,0.425,0.25,2.35,0.034,23.0,87.0,0.99082,3.05,0.41,11.4,1.0,1
7.6,0.15,0.35,4.3,0.051,23.0,98.0,0.99422,3.1,0.44,9.5,1.0,1
6.0,0.31,0.24,3.3,0.041,25.0,143.0,0.9914,3.31,0.44,11.3,1.0,1
7.8,0.39,0.42,2.0,0.086,9.0,21.0,0.99526,3.39,0.66,11.6,0.0,1
6.7,0.21,0.49,1.4,0.047,30.0,114.0,0.9914,2.92,0.42,10.8,1.0,2
10.6,0.34,0.49,3.2,0.078,20.0,78.0,0.9992,3.19,0.7,10.0,0.0,1
7.4,0.19,0.3,12.8,0.053,48.5,229.0,0.9986,3.14,0.49,9.1,1.0,2
7.2,0.16,0.26,7.1,0.054,41.0,224.0,0.9966,3.38,0.55,10.1,1.0,0
6.2,0.33,0.14,4.8,0.052,27.0,128.0,0.99475,3.21,0.48,9.4,1.0,0
9.3,0.36,0.39,1.5,0.08,41.0,55.0,0.99652,3.47,0.73,10.9,0.0,1
7.2,0.27,0.27,2.4,0.048,30.0,149.0,0.9936,3.1,0.51,9.2,1.0,1
6.4,0.25,0.41,8.6,0.042,57.0,173.0,0.9965,3.0,0.44,9.1,1.0,0
6.4,0.26,0.35,7.7,0.056,45.0,191.0,0.99527,3.16,0.5,9.5,1.0,0
6.7,0.23,0.33,8.1,0.048,45.0,176.0,0.99472,3.11,0.52,10.1,1.0,1
6.8,0.16,0.18,1.8,0.046,31.0,114.0,0.99226,3.27,0.55,10.8,1.0,1
9.9,0.54,0.26,2.0,0.111,7.0,60.0,0.99709,2.94,0.98,10.2,0.0,0
5.2,0.22,0.46,6.2,0.066,41.0,187.0,0.99362,3.19,0.42,9.73333333333333,1.0,0
10.4,0.26,0.48,1.9,0.066,6.0,10.0,0.99724,3.33,0.87,10.9,0.0,1
6.3,0.16,0.4,1.6,0.033,59.0,148.0,0.9914,3.44,0.53,11.4,1.0,0
7.0,0.31,0.39,7.5,0.055,42.0,218.0,0.99652,3.37,0.54,10.3,1.0,0
7.4,0.2,0.29,1.7,0.047,16.0,100.0,0.99243,3.28,0.45,10.6,1.0,1
6.7,0.11,0.34,8.8,0.043,41.0,113.0,0.9962,3.42,0.4,9.3,1.0,2
7.1,0.32,0.29,4.0,0.038,33.0,170.0,0.99463,3.27,0.64,10.2,1.0,1
8.3,0.16,0.37,7.9,0.025,38.0,107.0,0.99306,2.93,0.37,11.9,1.0,1
6.7,0.54,0.27,7.1,0.049,8.0,178.0,0.99502,3.16,0.38,9.4,1.0,0
6.5,0.37,0.33,3.9,0.027,40.0,130.0,0.9906,3.28,0.39,12.7,1.0,2
7.6,0.19,0.37,13.1,0.033,52.0,151.0,0.99726,3.18,0.79,10.4,1.0,1
9.2,0.43,0.49,2.4,0.086,23.0,116.0,0.9976,3.23,0.64,9.5,0.0,0
8.2,0.38,0.49,13.6,0.042,58.0,166.0,0.99855,3.1,0.54,9.4,1.0,0
6.7,0.64,0.3,1.2,0.03,18.0,76.0,0.9892,3.16,0.6,12.9,1.0,0
7.1,0.21,0.37,2.4,0.026,23.0,100.0,0.9903,3.15,0.38,11.4,1.0,2
7.1,0.21,0.33,1.2,0.039,34.0,97.0,0.99112,3.11,0.75,11.2,1.0,1
8.1,0.825,0.24,2.1,0.084,5.0,13.0,0.9972,3.37,0.77,10.7,0.0,1
6.4,0.3,0.38,7.8,0.046,35.0,192.0,0.9955,3.1,0.37,9.0,1.0,0
6.7,0.24,0.31,2.3,0.044,37.0,113.0,0.99013,3.29,0.46,12.9,1.0,1
6.0,0.26,0.29,3.1,0.041,37.0,144.0,0.98944,3.22,0.39,12.8,1.0,2
8.0,0.23,0.28,2.7,0.048,49.0,165.0,0.9952,3.26,0.72,9.5,1.0,1
6.2,0.27,0.49,1.4,0.05,20.0,74.0,0.9931,3.32,0.44,9.8,1.0,1
7.1,0.59,0.01,2.5,0.077,20.0,85.0,0.99746,3.55,0.59,9.8,0.0,0
7.8,0.32,0.33,10.4,0.031,47.0,194.0,0.99692,3.07,0.58,9.6,1.0,1
6.0,0.51,0.0,2.1,0.064,40.0,54.0,0.995,3.54,0.93,10.7,0.0,1
6.2,0.35,0.29,7.3,0.044,56.0,244.0,0.9956,3.36,0.55,10.0,1.0,1
7.1,0.43,0.42,5.5,0.07,29.0,129.0,0.9973,3.42,0.72,10.5,0.0,0
7.1,0.26,0.32,5.9,0.037,39.0,97.0,0.9934,3.31,0.4,11.6,1.0,1
6.8,0.25,0.31,13.3,0.05,69.0,202.0,0.9972,3.22,0.48,9.7,1.0,1
7.4,0.19,0.42,6.4,0.067,39.0,212.0,0.9958,3.3,0.33,9.6,1.0,1
6.0,0.32,0.33,9.9,0.032,22.0,90.0,0.99258,3.1,0.43,12.1,1.0,2
5.6,0.18,0.27,1.7,0.03,31.0,103.0,0.98892,3.35,0.37,12.9,1.0,1
6.6,0.19,0.43,10.9,0.045,53.0,154.0,0.99752,3.52,0.77,10.4,1.0,1
7.4,0.41,0.34,4.7,0.042,19.0,127.0,0.9953,3.25,0.42,10.4,1.0,0
8.3,0.39,0.7,10.6,0.045,33.0,169.0,0.9976,3.09,0.57,9.4,1.0,0
7.5,0.34,0.28,4.0,0.028,46.0,100.0,0.98958,3.2,0.5,13.2,1.0,2
6.2,0.36,0.24,2.2,0.095,19.0,42.0,0.9946,3.57,0.57,11.7,0.0,1
6.0,0.33,0.26,5.1,0.051,16.0,119.0,0.99416,3.15,0.41,9.2,1.0,0
5.8,0.26,0.24,9.2,0.044,55.0,152.0,0.9961,3.31,0.38,9.4,1.0,0
7.0,0.14,0.32,9.0,0.039,54.0,141.0,0.9956,3.22,0.43,9.4,1.0,1
8.1,1.33,0.0,1.8,0.082,3.0,12.0,0.9964,3.54,0.48,10.9,0.0,0
6.7,0.37,0.41,6.3,0.061,22.0,149.0,0.9953,3.16,0.47,9.6,1.0,1
6.8,0.3,0.24,6.6,0.123,35.0,116.0,0.9953,3.07,0.48,9.4,1.0,0
6.0,0.42,0.41,12.4,0.032,50.0,179.0,0.99622,3.14,0.6,9.7,1.0,0
5.8,0.61,0.01,8.4,0.041,31.0,104.0,0.9909,3.26,0.72,14.05,1.0,2
6.9,0.27,0.41,1.7,0.047,6.0,134.0,0.9929,3.15,0.69,11.4,1.0,1
9.1,0.5,0.3,1.9,0.065,8.0,17.0,0.99774,3.32,0.71,10.5,0.0,1
5.9,0.34,0.22,2.4,0.03,19.0,135.0,0.9894,3.41,0.78,13.9,1.0,2
8.2,0.5,0.35,2.9,0.077,21.0,127.0,0.9976,3.23,0.62,9.4,0.0,0
8.2,0.51,0.24,2.0,0.079,16.0,86.0,0.99764,3.34,0.64,9.5,0.0,1
6.7,0.28,0.31,7.4,0.041,7.0,81.0,0.99254,3.04,0.47,11.4,1.0,2
11.8,0.38,0.55,2.1,0.071,5.0,19.0,0.9986,3.11,0.62,10.8,0.0,1
6.9,0.23,0.35,6.9,0.03,45.0,116.0,0.99244,2.8,0.54,11.0,1.0,1
9.4,0.41,0.48,4.6,0.072,10.0,20.0,0.9973,3.34,0.79,12.2,0.0,2
6.2,0.25,0.31,3.2,0.03,32.0,150.0,0.99014,3.18,0.31,12.0,1.0,1
11.1,0.18,0.48,1.5,0.068,7.0,15.0,0.9973,3.22,0.64,10.1,0.0,1
7.4,0.29,0.31,1.7,0.035,23.0,110.0,0.9926,3.07,0.38,10.9,1.0,0
5.7,0.39,0.25,4.9,0.033,49.0,113.0,0.98966,3.26,0.58,13.1,1.0,2
11.6,0.23,0.57,1.8,0.074,3.0,8.0,0.9981,3.14,0.7,9.9,0.0,1
6.3,0.36,0.5,8.3,0.053,51.0,202.0,0.9955,3.2,0.51,9.6,1.0,1
6.5,0.34,0.28,1.8,0.041,43.0,188.0,0.9928,3.13,0.37,9.6,1.0,1
6.5,0.33,0.38,8.3,0.048,68.0,174.0,0.99492,3.14,0.5,9.6,1.0,0
8.0,0.62,0.35,2.8,0.086,28.0,52.0,0.997,3.31,0.62,10.8,0.0,0
6.3,0.27,0.23,2.9,0.047,13.0,100.0,0.9936,3.28,0.43,9.8,1.0,0
7.3,0.25,0.29,7.5,0.049,38.0,158.0,0.9965,3.43,0.38,9.6,1.0,0
8.3,0.56,0.22,2.4,0.082,10.0,86.0,0.9983,3.37,0.62,9.5,0.0,0
8.5,0.28,0.56,1.8,0.092,35.0,103.0,0.9969,3.3,0.75,10.5,0.0,2
6.6,0.3,0.24,1.2,0.034,17.0,121.0,0.9933,3.13,0.36,9.2,1.0,0
7.4,0.22,0.26,1.2,0.035,18.0,97.0,0.99245,3.12,0.41,9.7,1.0,1
7.2,0.21,1.0,1.1,0.154,46.0,114.0,0.9931,2.95,0.43,9.2,1.0,1
6.8,0.39,0.34,7.4,0.02,38.0,133.0,0.99212,3.18,0.44,12.0,1.0,2
10.8,0.45,0.33,2.5,0.099,20.0,38.0,0.99818,3.24,0.71,10.8,0.0,0
6.5,0.24,0.24,1.6,0.046,15.0,60.0,0.9928,3.19,0.39,9.8,1.0,0
6.9,0.29,0.32,5.8,0.04,16.0,112.0,0.993,3.04,0.58,11.2,1.0,0
6.4,0.25,0.57,1.0,0.062,21.0,122.0,0.99238,3.0,0.4,9.5,1.0,0
8.0,0.59,0.05,2.0,0.089,12.0,32.0,0.99735,3.36,0.61,10.0,0.0,0
7.3,0.25,0.28,1.5,0.043,19.0,113.0,0.99338,3.38,0.56,10.1,1.0,1
7.7,0.43,0.25,2.6,0.073,29.0,63.0,0.99615,3.37,0.58,10.5,0.0,1
6.3,0.25,0.23,14.9,0.039,47.0,142.0,0.99705,3.14,0.35,9.7,1.0,1
6.9,0.22,0.32,5.8,0.041,20.0,119.0,0.99296,3.17,0.55,11.2,1.0,1
7.3,0.26,0.31,1.6,0.04,39.0,173.0,0.9918,3.19,0.51,11.4,1.0,1
9.0,0.54,0.49,2.9,0.094,41.0,110.0,0.9982,3.08,0.61,9.2,0.0,0
7.2,0.24,0.29,2.2,0.037,37.0,102.0,0.992,3.27,0.64,11.0,1.0,2
7.5,0.17,0.32,1.7,0.04,51.0,148.0,0.9916,3.21,0.44,11.5,1.0,2
6.9,0.44,0.0,1.4,0.07,32.0,38.0,0.99438,3.32,0.58,11.4,0.0,1
7.4,0.44,0.2,11.5,0.049,44.0,157.0,0.998,3.27,0.44,9.0,1.0,0
6.6,0.23,0.3,14.9,0.051,33.0,118.0,0.99835,3.04,0.54,9.0,1.0,1
7.6,0.43,0.4,2.7,0.082,6.0,11.0,0.99538,3.44,0.54,12.2,0.0,1
5.0,0.2,0.4,1.9,0.015,20.0,98.0,0.9897,3.37,0.55,12.05,1.0,1
6.0,0.26,0.42,5.2,0.027,70.0,178.0,0.9914,3.4,0.4,12.3,1.0,2
6.8,0.27,0.3,13.0,0.047,69.0,160.0,0.99705,3.16,0.5,9.6,1.0,1
5.6,0.19,0.27,0.9,0.04,52.0,103.0,0.99026,3.5,0.39,11.2,1.0,0
6.0,0.29,0.41,10.8,0.048,55.0,149.0,0.9937,3.09,0.59,10.9666666666667,1.0,2
8.2,0.4,0.31,1.9,0.082,8.0,24.0,0.996,3.24,0.69,10.6,0.0,1
6.8,0.52,0.26,5.7,0.038,27.0,130.0,0.99,3.11,0.27,13.0,1.0,2
6.5,0.33,0.3,3.8,0.036,34.0,88.0,0.99028,3.25,0.63,12.5,1.0,2
4.8,0.13,0.32,1.2,0.042,40.0,98.0,0.9898,3.42,0.64,11.8,1.0,2
7.1,0.53,0.07,1.7,0.071,15.0,24.0,0.9951,3.29,0.66,10.8,0.0,1
7.6,0.21,0.35,1.2,0.041,7.0,106.0,0.9914,3.06,0.45,11.3,1.0,0
6.0,0.26,0.24,1.3,0.053,66.0,150.0,0.9924,3.21,0.62,10.4,1.0,1
5.2,0.645,0.0,2.15,0.08,15.0,28.0,0.99444,3.78,0.61,12.5,0.0,1
7.3,0.36,0.62,7.1,0.033,48.0,185.0,0.99472,3.14,0.62,10.6,1.0,1
6.3,0.29,0.23,14.2,0.037,24.0,99.0,0.99528,3.08,0.38,10.6,1.0,1
7.6,0.95,0.03,2.0,0.09,7.0,20.0,0.9959,3.2,0.56,9.6,0.0,0
5.2,0.16,0.34,0.8,0.029,26.0,77.0,0.99155,3.25,0.51,10.1,1.0,1
6.7,0.41,0.27,2.6,0.033,25.0,85.0,0.99086,3.05,0.34,11.7,1.0,1
9.0,0.36,0.52,2.1,0.111,5.0,10.0,0.99568,3.31,0.62,11.3,0.0,1
7.9,0.28,0.41,4.9,0.058,31.0,153.0,0.9966,3.27,0.51,9.7,1.0,1
7.5,0.14,0.74,1.6,0.035,21.0,126.0,0.9933,3.26,0.45,10.2,1.0,1
8.0,0.22,0.42,14.6,0.044,45.0,163.0,1.0003,3.21,0.69,8.6,1.0,2
7.6,0.32,0.58,16.75,0.05,43.0,163.0,0.9999,3.15,0.54,9.2,1.0,0
6.2,0.15,0.27,1.4,0.041,51.0,117.0,0.9909,3.28,0.38,11.2,1.0,1
5.9,0.19,0.21,1.7,0.045,57.0,135.0,0.99341,3.32,0.44,9.5,1.0,0
5.7,0.24,0.47,6.3,0.069,35.0,182.0,0.99391,3.11,0.46,9.75,1.0,0
6.4,0.25,0.33,1.4,0.04,42.0,115.0,0.9906,3.19,0.48,11.3,1.0,2
6.4,0.3,0.27,5.0,0.058,27.0,151.0,0.99198,3.22,0.49,12.2,1.0,1
7.2,0.24,0.4,1.4,0.045,31.0,106.0,0.9914,2.88,0.38,10.8,1.0,1
7.6,0.9,0.06,2.5,0.079,5.0,10.0,0.9967,3.39,0.56,9.8,0.0,0
6.4,0.28,0.28,3.0,0.04,19.0,98.0,0.99216,3.25,0.47,11.1,1.0,1
6.6,0.2,0.32,1.1,0.039,25.0,78.0,0.9926,3.39,0.54,10.2,1.0,2
6.4,0.25,0.74,7.8,0.045,52.0,209.0,0.9956,3.21,0.42,9.2,1.0,1
7.7,0.775,0.42,1.9,0.092,8.0,86.0,0.9959,3.23,0.59,9.5,0.0,0
6.9,0.3,0.21,7.2,0.045,54.0,190.0,0.99595,3.22,0.48,9.4,1.0,0
6.8,0.11,0.42,1.1,0.042,51.0,132.0,0.99059,3.18,0.74,11.3,1.0,2
7.4,0.785,0.19,5.2,0.094,19.0,98.0,0.99713,3.16,0.52,9.6,0.0,1
6.9,0.4,0.37,8.9,0.053,36.0,148.0,0.996,3.16,0.5,9.3,1.0,0
6.9,0.19,0.35,5.0,0.067,32.0,150.0,0.995,3.36,0.48,9.8,1.0,0
5.8,0.31,0.32,4.5,0.024,28.0,94.0,0.98906,3.25,0.52,13.7,1.0,2
6.5,0.24,0.39,17.3,0.052,22.0,126.0,0.99888,3.11,0.47,9.2,1.0,1
6.4,0.17,0.34,1.5,0.091,42.0,135.0,0.9938,3.25,0.49,9.6,1.0,2
8.6,0.265,0.36,1.2,0.034,15.0,80.0,0.9913,2.95,0.36,11.4,1.0,2
6.8,0.21,0.74,1.2,0.047,25.0,111.0,0.9916,3.13,0.41,10.7,1.0,1
6.1,0.16,0.37,1.1,0.031,37.0,97.0,0.9922,3.4,0.58,10.5,1.0,1
6.6,0.58,0.0,2.2,0.1,50.0,63.0,0.99544,3.59,0.68,11.4,0.0,1
9.0,0.27,0.35,4.9,0.028,27.0,95.0,0.9932,3.04,0.4,11.3,1.0,1
7.3,0.22,0.3,8.2,0.047,42.0,207.0,0.9966,3.33,0.46,9.5,1.0,1
7.4,0.3,0.49,8.2,0.055,49.0,188.0,0.9974,3.52,0.58,9.7,1.0,1
7.1,0.21,0.27,8.6,0.056,26.0,111.0,0.9956,2.95,0.52,9.5,1.0,0
6.0,0.2,0.24,5.3,0.075,49.0,201.0,0.99466,3.21,0.43,9.5,1.0,0
5.2,0.185,0.22,1.0,0.03,47.0,123.0,0.99218,3.55,0.44,10.15,1.0,1
7.9,0.2,0.49,1.6,0.053,15.0,144.0,0.993,3.16,0.47,10.5,1.0,0
6.0,0.28,0.52,5.0,0.078,30.0,139.0,0.99494,3.1,0.36,9.0,1.0,1
7.7,0.39,0.28,4.9,0.035,36.0,109.0,0.9918,3.19,0.58,12.2,1.0,2
7.3,0.24,0.3,2.5,0.042,31.0,104.0,0.9911,3.05,0.56,11.3,1.0,2
7.2,0.6,0.2,9.9,0.07,21.0,174.0,0.9971,3.03,0.54,9.1,1.0,0
7.0,0.4,0.25,1.8,0.05,51.0,189.0,0.99174,3.0,0.55,11.4,1.0,1
5.7,0.385,0.04,12.6,0.034,22.0,115.0,0.9964,3.28,0.63,9.9,1.0,1
6.0,0.35,0.46,0.9,0.033,9.0,65.0,0.98934,3.24,0.35,12.1,1.0,0
7.9,0.51,0.25,2.9,0.077,21.0,45.0,0.9974,3.49,0.96,12.1,0.0,1
6.0,0.2,0.26,6.8,0.049,22.0,93.0,0.9928,3.15,0.42,11.0,1.0,1
8.0,0.52,0.03,1.7,0.07,10.0,35.0,0.99575,3.34,0.57,10.0,0.0,0
7.4,0.31,0.26,8.6,0.048,47.0,206.0,0.9964,3.26,0.36,9.1,1.0,0
7.8,0.39,0.26,9.9,0.059,33.0,181.0,0.9955,3.04,0.42,10.9,1.0,1
8.3,0.25,0.33,2.5,0.053,12.0,72.0,0.99404,2.89,0.48,9.5,1.0,0
7.0,0.46,0.2,16.7,0.046,50.0,184.0,0.99898,3.08,0.56,9.4,1.0,0
6.2,0.32,0.24,4.1,0.051,34.0,149.0,0.99306,3.36,0.52,11.0,1.0,0
6.8,0.26,0.34,13.9,0.034,39.0,134.0,0.9949,3.33,0.53,12.0,1.0,1
6.2,0.25,0.39,1.3,0.051,42.0,135.0,0.9906,3.23,0.4,11.1,1.0,1
5.5,0.32,0.13,1.3,0.037,45.0,156.0,0.99184,3.26,0.38,10.7,1.0,0
7.7,0.34,0.28,11.0,0.04,31.0,117.0,0.99815,3.27,0.29,9.2,1.0,1
7.4,0.16,0.3,13.7,0.056,33.0,168.0,0.99825,2.9,0.44,8.7,1.0,2
6.4,0.24,0.32,14.9,0.047,54.0,162.0,0.9968,3.28,0.5,10.2,1.0,1
6.9,0.28,0.41,1.7,0.05,10.0,136.0,0.993,3.16,0.71,11.4,1.0,1
11.6,0.32,0.55,2.8,0.081,35.0,67.0,1.0002,3.32,0.92,10.8,0.0,2
6.9,0.4,0.56,11.2,0.043,40.0,142.0,0.9975,3.14,0.46,8.7,1.0,0
6.7,0.27,0.31,15.7,0.036,44.0,179.0,0.9979,3.26,0.56,9.6,1.0,0
9.6,0.25,0.54,1.3,0.04,16.0,160.0,0.9938,2.94,0.43,10.5,1.0,0
7.8,0.26,0.49,3.2,0.027,28.0,87.0,0.9919,3.03,0.32,11.3,1.0,2
5.8,0.68,0.02,1.8,0.087,21.0,94.0,0.9944,3.54,0.52,10.0,0.0,0
6.4,0.29,0.57,1.0,0.06,15.0,120.0,0.9924,3.06,0.41,9.5,1.0,0
6.3,0.39,0.35,5.9,0.04,82.5,260.0,0.9941,3.12,0.66,10.1,1.0,0
6.6,0.61,0.0,1.6,0.069,4.0,8.0,0.99396,3.33,0.37,10.4,0.0,0
6.3,0.39,0.22,2.8,0.048,53.0,173.0,0.99304,3.24,0.45,9.8,1.0,0
7.6,0.32,0.36,1.6,0.04,32.0,155.0,0.993,3.23,0.52,11.3,1.0,1
7.1,0.84,0.02,4.4,0.096,5.0,13.0,0.997,3.41,0.57,11.0,0.0,0
6.4,0.3,0.45,3.5,0.197,76.0,180.0,0.9942,3.02,0.39,9.1,1.0,1
6.3,0.34,0.19,5.8,0.041,22.0,145.0,0.9943,3.15,0.63,9.9,1.0,0
6.8,0.23,0.29,15.4,0.073,56.0,173.0,0.9984,3.06,0.41,8.7,1.0,1
7.1,0.31,0.17,1.0,0.042,21.0,144.0,0.99304,3.13,0.4,9.6,1.0,0
10.0,0.41,0.45,6.2,0.071,6.0,14.0,0.99702,3.21,0.49,11.8,0.0,2
6.6,0.27,0.31,5.3,0.137,35.0,163.0,0.9951,3.2,0.38,9.3,1.0,0
10.1,0.65,0.37,5.1,0.11,11.0,65.0,1.0026,3.32,0.64,10.4,0.0,1
7.6,0.2,0.3,14.2,0.056,53.0,212.5,0.999,3.14,0.46,8.9,1.0,2
6.8,0.24,0.34,4.6,0.032,37.0,135.0,0.9927,3.2,0.39,10.6,1.0,0
11.5,0.3,0.6,2.0,0.067,12.0,27.0,0.9981,3.11,0.97,10.1,0.0,1
7.9,0.16,0.64,17.0,0.05,69.0,210.0,1.0004,3.15,0.51,9.3,1.0,2
6.4,0.16,0.31,5.3,0.043,42.0,157.0,0.99455,3.35,0.47,10.5,1.0,0
7.1,0.2,0.31,6.85,0.053,32.0,211.0,0.99587,3.31,0.59,10.4,1.0,1
8.8,0.59,0.18,2.9,0.089,12.0,74.0,0.99738,3.14,0.54,9.4,0.0,0
6.7,0.42,0.46,9.7,0.054,67.0,234.0,0.99848,3.23,0.5,9.0,1.0,0
6.6,0.35,0.35,6.0,0.063,31.0,150.0,0.99537,3.1,0.47,9.4,1.0,1
5.8,0.15,0.49,1.1,0.048,21.0,98.0,0.9929,3.19,0.48,9.2,1.0,0
6.8,0.5,0.11,1.5,0.075,16.0,49.0,0.99545,3.36,0.79,9.5,0.0,0
7.1,0.18,0.26,1.3,0.041,20.0,71.0,0.9926,3.04,0.74,9.9,1.0,1
6.5,0.22,0.28,3.7,0.059,29.0,151.0,0.99177,3.23,0.41,12.1,1.0,2
5.7,0.23,0.25,7.95,0.042,16.0,108.0,0.99486,3.44,0.61,10.3,1.0,1
6.8,0.27,0.22,8.1,0.034,55.0,203.0,0.9961,3.19,0.52,8.9,1.0,0
6.7,0.2,0.24,6.5,0.044,28.0,100.0,0.99348,3.12,0.33,10.2,1.0,1
9.8,0.44,0.4,2.8,0.036,35.0,167.0,0.9956,2.97,0.39,9.2,1.0,0
7.1,0.23,0.35,16.5,0.04,60.0,171.0,0.999,3.16,0.59,9.1,1.0,1
7.8,0.31,0.4,1.6,0.027,20.0,87.0,0.9911,3.15,0.48,11.9,1.0,1
6.9,0.19,0.6,4.0,0.037,6.0,122.0,0.99255,2.92,0.59,10.4,1.0,0
7.4,0.16,0.3,13.7,0.056,33.0,168.0,0.99825,2.9,0.44,8.7,1.0,2
6.6,0.31,0.38,16.05,0.058,16.0,165.0,0.9997,3.38,0.6,9.2,1.0,0
6.0,0.33,0.26,5.1,0.051,16.0,119.0,0.99416,3.15,0.41,9.2,1.0,0
9.3,0.36,0.39,1.5,0.08,41.0,55.0,0.99652,3.47,0.73,10.9,0.0,1
7.0,0.2,0.4,1.1,0.058,30.0,93.0,0.99322,3.03,0.38,9.2,1.0,1
6.9,0.22,0.43,6.4,0.042,34.0,115.0,0.99293,3.05,0.51,10.8,1.0,1
6.8,0.21,0.36,18.1,0.046,32.0,133.0,1.0,3.27,0.48,8.8,1.0,0
5.9,0.37,0.1,1.6,0.057,39.0,128.0,0.9924,3.24,0.48,10.1,1.0,0
9.4,0.615,0.28,3.2,0.087,18.0,72.0,1.0001,3.31,0.53,9.7,0.0,0
6.0,0.34,0.29,6.1,0.046,29.0,134.0,0.99462,3.48,0.57,10.7,1.0,1
7.3,0.25,0.36,13.1,0.05,35.0,200.0,0.9986,3.04,0.46,8.9,1.0,2
6.7,0.24,0.33,12.3,0.046,31.0,145.0,0.9983,3.36,0.4,9.5,1.0,0
7.0,0.33,0.32,1.2,0.053,38.0,138.0,0.9906,3.13,0.28,11.2,1.0,1
8.9,0.33,0.34,1.4,0.056,14.0,171.0,0.9946,3.13,0.47,9.7,1.0,0
7.6,0.2,0.3,14.2,0.056,53.0,212.5,0.999,3.14,0.46,8.9,1.0,2
8.2,0.635,0.1,2.1,0.073,25.0,60.0,0.99638,3.29,0.75,10.9,0.0,1
6.2,0.25,0.54,7.0,0.046,58.0,176.0,0.99454,3.19,0.7,10.4,1.0,0
5.9,0.23,0.24,1.6,0.037,32.0,115.0,0.99076,3.21,0.51,11.4,1.0,1
5.8,0.24,0.39,1.5,0.054,37.0,158.0,0.9932,3.21,0.52,9.3,1.0,1
6.6,0.3,0.25,8.0,0.036,21.0,124.0,0.99362,3.06,0.38,10.8,1.0,1
8.4,0.22,0.28,18.8,0.028,55.0,130.0,0.998,2.96,0.35,11.6,1.0,0
6.6,0.25,0.31,1.5,0.035,32.0,127.0,0.9921,3.41,0.47,11.3,1.0,1
6.4,0.31,0.31,12.9,0.045,55.0,161.0,0.99546,3.02,0.59,10.2,1.0,0
6.6,0.33,0.32,15.6,0.054,62.0,227.0,0.99734,3.25,0.56,10.4,1.0,0
8.2,0.21,0.32,10.65,0.053,53.0,145.0,0.9972,3.17,0.48,10.2,1.0,1
7.6,0.26,0.58,7.9,0.041,62.0,180.0,0.9966,3.07,0.38,9.0,1.0,0
6.4,0.19,0.42,2.9,0.032,32.0,83.0,0.9908,3.3,0.41,11.7,1.0,1
10.1,0.28,0.46,1.8,0.05,5.0,13.0,0.9974,3.04,0.79,10.2,0.0,1
6.5,0.24,0.38,1.0,0.027,31.0,90.0,0.98926,3.24,0.36,12.3,1.0,1
5.4,0.46,0.15,2.1,0.026,29.0,130.0,0.98953,3.39,0.77,13.4,1.0,2
6.8,0.24,0.34,5.1,0.038,31.0,99.0,0.9921,3.24,0.46,11.8,1.0,1
6.7,0.19,0.39,1.0,0.032,14.0,71.0,0.98912,3.31,0.38,13.0,1.0,2
6.2,0.23,0.36,17.2,0.039,37.0,130.0,0.99946,3.23,0.43,8.8,1.0,1
6.2,0.3,0.28,1.6,0.036,28.0,106.0,0.988245,3.14,0.41,13.3,1.0,1
7.0,0.32,0.29,7.6,0.025,35.0,124.0,0.99162,3.15,0.65,12.8,1.0,2
9.7,0.31,0.47,1.6,0.062,13.0,33.0,0.9983,3.27,0.66,10.0,0.0,1
7.9,0.765,0.0,2.0,0.084,9.0,22.0,0.99619,3.33,0.68,10.9,0.0,1
6.2,0.36,0.22,5.25,0.038,44.0,145.0,0.99184,3.22,0.4,11.2,1.0,1
7.6,0.22,0.28,12.0,0.056,68.0,143.0,0.9983,2.99,0.3,9.2,1.0,1
7.5,0.28,0.33,7.7,0.048,42.0,180.0,0.9974,3.37,0.59,10.1,1.0,1
6.4,0.28,0.17,8.3,0.042,61.0,195.0,0.99577,3.22,0.46,9.4,1.0,0
9.7,0.69,0.32,2.5,0.088,22.0,91.0,0.9979,3.29,0.62,10.1,0.0,0
7.0,0.24,0.3,12.3,0.035,72.0,172.0,0.9954,2.99,0.57,10.4,1.0,1
6.5,0.33,0.3,3.8,0.036,34.0,88.0,0.99028,3.25,0.63,12.5,1.0,2
5.6,0.35,0.14,5.0,0.046,48.0,198.0,0.9937,3.3,0.71,10.3,1.0,0
6.7,0.33,0.42,6.4,0.058,27.0,151.0,0.9954,3.16,0.44,9.6,1.0,0
6.7,0.28,0.34,8.9,0.048,32.0,111.0,0.99455,3.25,0.54,11.0,1.0,2
6.2,0.35,0.04,1.2,0.06,23.0,108.0,0.9934,3.26,0.54,9.2,1.0,0
7.1,0.69,0.08,2.1,0.063,42.0,52.0,0.99608,3.42,0.6,10.2,0.0,1
7.2,0.24,0.27,1.4,0.038,31.0,122.0,0.9927,3.15,0.46,10.3,1.0,1
5.9,0.17,0.29,3.1,0.03,32.0,123.0,0.98913,3.41,0.33,13.7,1.0,2
7.0,0.17,0.42,1.0,0.075,19.0,71.0,0.99103,3.32,0.62,11.4,1.0,1
5.6,0.295,0.26,1.1,0.035,40.0,102.0,0.99154,3.47,0.56,10.6,1.0,1
8.9,0.21,0.34,7.1,0.037,33.0,150.0,0.9962,3.1,0.45,9.7,1.0,1
6.8,0.28,0.29,11.9,0.052,51.0,149.0,0.99544,3.02,0.58,10.4,1.0,1
6.2,0.47,0.19,8.3,0.029,24.0,142.0,0.992,3.22,0.45,12.3,1.0,1
6.6,0.28,0.41,7.0,0.046,59.0,194.0,0.99558,3.14,0.48,9.4,1.0,0
7.4,0.24,0.31,8.4,0.045,52.0,183.0,0.9963,3.09,0.32,8.8,1.0,0
6.4,0.145,0.49,5.4,0.048,54.0,164.0,0.9946,3.56,0.44,10.8,1.0,1
5.9,0.645,0.12,2.0,0.075,32.0,44.0,0.99547,3.57,0.71,10.2,0.0,0
6.9,0.2,0.28,1.2,0.048,36.0,159.0,0.9936,3.19,0.43,9.1,1.0,1
6.6,0.14,0.44,1.6,0.042,47.0,140.0,0.993,3.32,0.51,10.2,1.0,1
7.2,0.585,0.2,10.4,0.086,17.0,94.0,0.99681,3.13,0.4,9.4,1.0,0
6.2,0.43,0.49,6.4,0.045,12.0,115.0,0.9963,3.27,0.57,9.0,1.0,0
6.5,0.18,0.34,1.6,0.04,43.0,148.0,0.9912,3.32,0.59,11.5,1.0,2
6.9,0.19,0.28,5.0,0.058,14.0,146.0,0.9952,3.29,0.36,9.1,1.0,1
6.8,0.15,0.41,12.9,0.044,79.5,183.0,0.99742,3.24,0.78,10.2,1.0,1
8.9,0.48,0.53,4.0,0.101,3.0,10.0,0.99586,3.21,0.59,12.1,0.0,2
6.3,0.33,0.42,17.2,0.037,57.0,170.0,0.99884,3.26,0.57,9.4,1.0,1
8.1,0.3,0.49,12.3,0.049,50.0,144.0,0.9971,3.09,0.57,10.2,1.0,2
6.7,0.54,0.28,5.4,0.06,21.0,105.0,0.9949,3.27,0.37,9.0,1.0,0
5.2,0.44,0.04,1.4,0.036,43.0,119.0,0.9894,3.36,0.33,12.1,1.0,2
6.6,0.22,0.23,17.3,0.047,37.0,118.0,0.99906,3.08,0.46,8.8,1.0,1
7.3,0.32,0.29,1.5,0.038,32.0,144.0,0.99296,3.2,0.55,10.8,1.0,0
6.6,0.29,0.29,1.8,0.036,38.0,102.0,0.98819,3.08,0.42,13.7,1.0,2
7.6,0.29,0.49,2.7,0.092,25.0,60.0,0.9971,3.31,0.61,10.1,0.0,1
6.9,0.25,0.26,5.2,0.024,36.0,135.0,0.9948,3.16,0.72,10.7,1.0,2
7.2,0.62,0.06,2.5,0.078,17.0,84.0,0.99746,3.51,0.53,9.7,0.0,0
6.8,0.91,0.06,2.0,0.06,4.0,11.0,0.99592,3.53,0.64,10.9,0.0,0
6.5,0.315,0.2,6.6,0.041,9.0,126.0,0.99494,2.94,0.51,8.8,1.0,0
6.4,0.28,0.44,7.1,0.048,49.0,179.0,0.99528,3.15,0.48,9.2,1.0,0
12.8,0.3,0.74,2.6,0.095,9.0,28.0,0.9994,3.2,0.77,10.8,0.0,2
8.4,0.36,0.36,11.1,0.032,21.0,132.0,0.99313,2.95,0.39,13.0,1.0,1
7.7,0.715,0.01,2.1,0.064,31.0,43.0,0.99371,3.41,0.57,11.8,0.0,1
6.4,0.125,0.36,1.4,0.044,22.0,68.0,0.99014,3.15,0.5,11.7,1.0,2
10.4,0.44,0.73,6.55,0.074,38.0,76.0,0.999,3.17,0.85,12.0,0.0,2
7.2,0.34,0.21,2.5,0.075,41.0,68.0,0.99586,3.37,0.54,10.1,0.0,1
7.1,0.28,0.19,7.8,0.04,48.0,184.0,0.99579,3.16,0.5,9.4,1.0,0
7.2,0.21,0.35,14.5,0.048,35.0,178.0,0.9982,3.05,0.47,8.9,1.0,1
6.1,0.24,0.26,1.7,0.033,61.0,134.0,0.9903,3.19,0.81,11.9,1.0,2
6.1,0.105,0.31,1.3,0.037,55.0,145.0,0.9912,3.41,0.41,11.1,1.0,2
6.4,0.36,0.53,2.2,0.23,19.0,35.0,0.9934,3.37,0.93,12.4,0.0,1
7.2,0.26,0.26,12.7,0.036,49.0,214.0,0.9986,3.41,0.5,10.0,1.0,1
6.2,0.25,0.44,15.8,0.057,39.0,167.0,0.99804,3.14,0.51,9.2,1.0,0
6.8,0.39,0.31,14.35,0.043,28.0,162.0,0.9988,3.17,0.54,9.1,1.0,0
6.5,0.21,0.35,5.7,0.043,47.0,197.0,0.99392,3.24,0.5,10.1,1.0,1
8.4,0.52,0.22,2.7,0.084,4.0,18.0,0.99682,3.26,0.57,9.9,0.0,1
5.9,0.14,0.2,1.6,0.04,26.0,114.0,0.99105,3.25,0.45,11.4,1.0,1
8.3,0.33,0.43,9.2,0.046,22.0,126.0,0.9982,3.38,0.47,9.3,1.0,0
7.4,0.2,0.35,2.1,0.038,30.0,116.0,0.9949,3.49,0.77,10.3,1.0,2
6.8,0.18,0.28,9.8,0.039,29.0,113.0,0.99406,3.11,0.45,10.9,1.0,2
9.2,0.18,0.49,1.5,0.041,39.0,130.0,0.9945,3.04,0.49,9.8,1.0,2
6.6,0.23,0.3,4.6,0.06,29.0,154.0,0.99142,3.23,0.49,12.2,1.0,2
7.3,0.28,0.35,1.6,0.054,31.0,148.0,0.99178,3.18,0.47,10.7,1.0,0
9.6,0.32,0.47,1.4,0.056,9.0,24.0,0.99695,3.22,0.82,10.3,0.0,2
4.7,0.335,0.14,1.3,0.036,69.0,168.0,0.99212,3.47,0.46,10.5,1.0,0
7.4,0.19,0.49,9.3,0.03,26.0,132.0,0.994,2.99,0.32,11.0,1.0,2
5.0,0.33,0.23,11.8,0.03,23.0,158.0,0.99322,3.41,0.64,11.8,1.0,1
5.7,0.32,0.38,4.75,0.033,23.0,94.0,0.991,3.42,0.42,11.8,1.0,2
8.2,0.21,0.48,1.4,0.041,11.0,99.0,0.9958,3.17,0.57,9.9,1.0,0
7.2,0.21,0.36,15.7,0.045,68.0,183.0,0.99922,3.25,0.76,9.4,1.0,0
6.7,0.15,0.38,1.7,0.037,20.0,84.0,0.99046,3.09,0.53,11.4,1.0,1
6.9,0.14,0.38,1.0,0.041,22.0,81.0,0.99043,3.03,0.54,11.4,1.0,1
7.1,0.45,0.24,2.7,0.04,24.0,87.0,0.98862,2.94,0.38,13.4,1.0,2
13.7,0.415,0.68,2.9,0.085,17.0,43.0,1.0014,3.06,0.8,10.0,0.0,1
6.2,0.32,0.12,4.8,0.054,6.0,97.0,0.99424,3.16,0.5,9.3,1.0,0
5.4,0.53,0.16,2.7,0.036,34.0,128.0,0.98856,3.2,0.53,13.2,1.0,2
7.0,0.43,0.02,1.9,0.08,15.0,28.0,0.99492,3.35,0.81,10.6,0.0,1
6.5,0.28,0.26,8.8,0.04,44.0,139.0,0.9956,3.32,0.37,10.2,1.0,1
7.8,0.21,0.27,1.2,0.051,20.0,89.0,0.9936,3.06,0.46,9.1,1.0,0
7.0,0.29,0.37,1.6,0.035,34.0,126.0,0.99058,3.26,0.47,12.3,1.0,1
6.6,0.39,0.22,4.0,0.038,17.0,98.0,0.99018,3.25,0.53,13.0,1.0,2
5.5,0.42,0.09,1.6,0.019,18.0,68.0,0.9906,3.33,0.51,11.4,1.0,2
7.2,0.725,0.05,4.65,0.086,4.0,11.0,0.9962,3.41,0.39,10.9,0.0,0
7.4,0.33,0.26,15.6,0.049,67.0,210.0,0.99907,3.06,0.68,9.5,1.0,0
6.8,0.32,0.21,2.2,0.044,15.0,68.0,0.9932,3.17,0.39,9.4,1.0,1
6.9,0.58,0.58,8.2,0.032,29.0,169.0,0.99275,3.28,0.44,12.2,1.0,1
8.9,0.4,0.51,2.6,0.052,13.0,27.0,0.995,3.32,0.9,13.4,0.0,2
8.3,0.42,0.38,2.5,0.094,24.0,60.0,0.9979,3.31,0.7,10.8,0.0,1
5.3,0.31,0.38,10.5,0.031,53.0,140.0,0.99321,3.34,0.46,11.7,1.0,1
7.4,0.19,0.31,14.5,0.045,39.0,193.0,0.9986,3.1,0.5,9.2,1.0,1
6.2,0.15,0.27,11.0,0.035,46.0,116.0,0.99602,3.12,0.38,9.1,1.0,1
6.3,0.695,0.55,12.9,0.056,58.0,252.0,0.99806,3.29,0.49,8.7,1.0,0
6.6,0.2,0.14,4.4,0.184,35.0,168.0,0.99396,2.93,0.45,9.4,1.0,1
9.9,0.32,0.56,2.0,0.073,3.0,8.0,0.99534,3.15,0.73,11.4,0.0,1
8.8,0.61,0.19,4.0,0.094,30.0,69.0,0.99787,3.22,0.5,10.0,0.0,1
7.8,0.43,0.32,2.8,0.08,29.0,58.0,0.9974,3.31,0.64,10.3,0.0,0
8.9,0.38,0.4,2.2,0.068,12.0,28.0,0.99486,3.27,0.75,12.6,0.0,2
8.0,0.715,0.22,2.3,0.075,13.0,81.0,0.99688,3.24,0.54,9.5,0.0,1
6.6,0.25,0.42,11.3,0.049,77.0,231.0,0.9966,3.24,0.52,9.5,1.0,1
6.1,0.27,0.25,1.8,0.041,9.0,109.0,0.9929,3.08,0.54,9.0,1.0,0
8.3,0.3,0.36,10.0,0.042,33.0,169.0,0.9982,3.23,0.51,9.3,1.0,1
5.9,0.24,0.28,1.3,0.032,36.0,95.0,0.98889,3.08,0.64,12.9,1.0,2
7.7,0.6,0.06,2.0,0.079,19.0,41.0,0.99697,3.39,0.62,10.1,0.0,1
7.5,0.35,0.28,9.6,0.051,26.0,157.0,0.9969,3.12,0.53,9.2,1.0,1
6.9,0.31,0.32,1.2,0.024,20.0,166.0,0.99208,3.05,0.54,9.8,1.0,1
7.6,0.68,0.02,1.3,0.072,9.0,20.0,0.9965,3.17,1.08,9.2,0.0,0
7.4,0.37,0.26,9.6,0.05,33.0,134.0,0.99608,3.13,0.46,10.4,1.0,0
6.8,0.21,0.4,6.3,0.032,40.0,121.0,0.99214,3.18,0.53,12.0,1.0,2
7.5,0.725,0.04,1.5,0.076,8.0,15.0,0.99508,3.26,0.53,9.6,0.0,0
7.0,0.36,0.14,11.6,0.043,35.0,228.0,0.9977,3.13,0.51,8.9,1.0,0
7.0,0.29,0.33,0.9,0.041,20.0,117.0,0.99048,3.21,0.5,11.4,1.0,0
6.1,0.16,0.27,12.6,0.064,63.0,162.0,0.9994,3.66,0.43,8.9,1.0,0
7.3,0.13,0.31,2.3,0.054,22.0,104.0,0.9924,3.24,0.92,11.5,1.0,2
11.3,0.36,0.66,2.4,0.123,3.0,8.0,0.99642,3.2,0.53,11.9,0.0,1
6.9,0.25,0.24,3.6,0.057,13.0,85.0,0.9942,2.99,0.48,9.5,1.0,0
7.0,0.23,0.26,7.2,0.041,21.0,90.0,0.99509,3.22,0.55,9.5,1.0,1
7.2,0.39,0.44,2.6,0.066,22.0,48.0,0.99494,3.3,0.84,11.5,0.0,1
7.3,0.22,0.37,14.3,0.063,48.0,191.0,0.9978,2.89,0.38,9.0,1.0,1
6.9,0.3,0.49,7.6,0.057,25.0,156.0,0.9962,3.43,0.63,11.0,1.0,2
6.0,0.14,0.37,1.2,0.032,63.0,148.0,0.99185,3.32,0.44,11.2,1.0,0
5.2,0.32,0.25,1.8,0.103,13.0,50.0,0.9957,3.38,0.55,9.2,0.0,0
8.2,0.24,0.3,2.3,0.05,23.0,106.0,0.99397,2.98,0.5,10.0,1.0,0
7.2,1.0,0.0,3.0,0.102,7.0,16.0,0.99586,3.43,0.46,10.0,0.0,0
6.6,0.23,0.32,0.9,0.041,25.0,79.0,0.9926,3.39,0.54,10.2,1.0,2
7.1,0.875,0.05,5.7,0.082,3.0,14.0,0.99808,3.4,0.52,10.2,0.0,0
7.2,0.24,0.36,2.0,0.029,21.0,63.0,0.99076,3.13,0.63,12.5,1.0,1
6.5,0.51,0.25,1.7,0.048,39.0,177.0,0.99212,3.28,0.57,10.5666666666667,1.0,0
8.0,0.83,0.27,2.0,0.08,11.0,63.0,0.99652,3.29,0.48,9.8,0.0,0
6.2,0.25,0.47,11.6,0.048,62.0,210.0,0.9968,3.19,0.5,9.5,1.0,0
6.8,0.32,0.37,3.4,0.023,19.0,87.0,0.9902,3.14,0.53,12.7,1.0,1
6.0,0.25,0.28,2.2,0.026,54.0,126.0,0.9898,3.43,0.65,12.9,1.0,2
12.0,0.38,0.56,2.1,0.093,6.0,24.0,0.99925,3.14,0.71,10.9,0.0,1
5.9,0.25,0.19,12.4,0.047,50.0,162.0,0.9973,3.35,0.38,9.5,1.0,0
6.3,0.3,0.28,5.0,0.042,36.0,168.0,0.99505,3.22,0.69,9.5,1.0,1
8.2,0.915,0.27,2.1,0.088,7.0,23.0,0.9962,3.26,0.47,10.0,0.0,0
7.3,0.25,0.36,2.1,0.034,30.0,177.0,0.99085,3.25,0.4,11.9,1.0,2
5.5,0.24,0.45,1.7,0.046,22.0,113.0,0.99224,3.22,0.48,10.0,1.0,0
5.4,0.205,0.16,12.55,0.051,31.0,115.0,0.99564,3.4,0.38,10.8,1.0,1
6.6,0.16,0.3,1.6,0.034,15.0,78.0,0.992,3.38,0.44,11.2,1.0,1
5.8,0.28,0.66,9.1,0.039,26.0,159.0,0.9965,3.66,0.55,10.8,1.0,0
7.3,0.67,0.05,3.6,0.107,6.0,20.0,0.9972,3.4,0.63,10.1,0.0,0
8.6,0.17,0.28,2.7,0.047,38.0,150.0,0.99365,3.1,0.56,10.8,1.0,1
7.0,0.12,0.32,7.2,0.058,22.0,89.0,0.9966,3.29,0.38,9.2,1.0,1
5.6,0.41,0.24,1.9,0.034,10.0,53.0,0.98815,3.32,0.5,13.5,1.0,2
7.9,0.29,0.49,2.2,0.096,21.0,59.0,0.99714,3.31,0.67,10.1,0.0,1
10.4,0.43,0.5,2.3,0.068,13.0,19.0,0.996,3.1,0.87,11.4,0.0,1
6.1,0.41,0.0,1.6,0.063,36.0,87.0,0.9914,3.27,0.67,10.8,1.0,1
8.5,0.19,0.48,1.1,0.026,23.0,58.0,0.99184,2.9,0.5,10.5,1.0,1
8.2,0.22,0.36,6.8,0.034,12.0,90.0,0.9944,3.01,0.38,10.5,1.0,2
6.7,0.25,0.34,12.85,0.048,30.0,161.0,0.9986,3.44,0.47,9.5,1.0,1
7.9,0.49,0.32,1.9,0.082,17.0,144.0,0.9968,3.2,0.55,9.5,0.0,0
10.2,0.44,0.88,6.2,0.049,20.0,124.0,0.9968,2.99,0.51,9.9,1.0,0
7.2,0.41,0.3,2.1,0.083,35.0,72.0,0.997,3.44,0.52,9.4,0.0,0
7.0,0.17,0.37,5.7,0.025,29.0,111.0,0.9938,3.2,0.49,10.8,1.0,1
6.5,0.41,0.24,14.0,0.048,24.0,113.0,0.9982,3.44,0.53,9.8,1.0,1
7.3,0.24,0.34,15.4,0.05,38.0,174.0,0.9983,3.03,0.42,9.0,1.0,1
7.2,0.38,0.3,1.8,0.073,31.0,70.0,0.99685,3.42,0.59,9.5,0.0,1
10.5,0.28,0.51,1.7,0.08,10.0,24.0,0.9982,3.2,0.89,9.4,0.0,1
7.9,0.14,0.45,1.8,0.05,17.0,114.0,0.9948,3.33,0.49,10.7,1.0,2
6.7,0.21,0.36,8.55,0.02,20.0,86.0,0.99146,3.19,0.22,13.4,1.0,2
5.7,0.33,0.32,1.4,0.043,28.0,93.0,0.9897,3.31,0.5,12.3,1.0,1
7.1,0.12,0.3,3.1,0.018,15.0,37.0,0.99004,3.02,0.52,11.9,1.0,2
7.4,0.33,0.26,2.6,0.04,29.0,115.0,0.9913,3.07,0.52,11.8,1.0,2
8.1,0.12,0.38,0.9,0.034,36.0,86.0,0.99026,2.8,0.55,12.0,1.0,1
6.7,0.64,0.23,2.1,0.08,11.0,119.0,0.99538,3.36,0.7,10.9,0.0,0
7.0,0.24,0.47,1.3,0.043,18.0,131.0,0.99176,3.19,0.45,11.0,1.0,1
8.0,0.24,0.48,6.8,0.047,13.0,134.0,0.99616,3.23,0.7,10.0,1.0,0
6.3,0.2,0.18,10.6,0.045,57.0,159.0,0.99666,3.09,0.54,9.2,1.0,0
7.3,0.205,0.31,1.7,0.06,34.0,110.0,0.9963,3.72,0.69,10.5,1.0,1
6.4,0.24,0.49,5.8,0.053,25.0,120.0,0.9942,3.01,0.98,10.5,1.0,1
6.4,0.46,0.08,4.9,0.046,34.0,144.0,0.99445,3.1,0.56,10.0,1.0,0
7.9,0.72,0.01,1.9,0.076,7.0,32.0,0.99668,3.39,0.54,9.6,0.0,0
7.2,0.39,0.63,11.0,0.044,55.0,156.0,0.9974,3.09,0.44,8.7,1.0,1
8.0,0.745,0.56,2.0,0.118,30.0,134.0,0.9968,3.24,0.66,9.4,0.0,0
7.6,0.19,0.42,1.5,0.044,6.0,114.0,0.9914,3.04,0.74,12.8,1.0,1
6.9,0.22,0.49,7.0,0.063,50.0,168.0,0.9957,3.54,0.5,10.3,1.0,1
7.4,0.44,0.2,11.5,0.049,44.0,157.0,0.998,3.27,0.44,9.0,1.0,0
6.3,0.3,0.91,8.2,0.034,50.0,199.0,0.99394,3.39,0.49,11.7,1.0,1
6.5,0.29,0.52,1.7,0.034,41.0,193.0,0.99223,3.25,0.59,10.4,1.0,1
6.4,0.14,0.31,1.2,0.034,53.0,138.0,0.99084,3.38,0.35,11.5,1.0,2
6.1,0.22,0.46,1.8,0.16,34.0,74.0,0.9884,3.19,0.33,13.4,1.0,1
10.3,0.5,0.42,2.0,0.069,21.0,51.0,0.9982,3.16,0.72,11.5,0.0,1
6.4,0.31,0.53,8.8,0.057,36.0,221.0,0.99642,3.17,0.44,9.1,1.0,0
5.9,0.26,0.24,2.4,0.046,27.0,132.0,0.99234,3.63,0.73,11.3,1.0,0
8.0,0.34,0.49,9.0,0.033,39.0,180.0,0.9936,3.13,0.38,12.3,1.0,2
7.6,0.32,0.58,16.75,0.05,43.0,163.0,0.9999,3.15,0.54,9.2,1.0,0
5.6,0.28,0.27,3.9,0.043,52.0,158.0,0.99202,3.35,0.44,10.7,1.0,2
6.4,0.37,0.2,5.6,0.117,61.0,183.0,0.99459,3.24,0.43,9.5,1.0,0
6.5,0.26,0.5,8.0,0.051,46.0,197.0,0.99536,3.18,0.47,9.5,1.0,0
12.227277145734128,0.20284165857657332,0.702206516940743,63.80658240128251,0.10471640515759832,156.89594968182445,24.64766149749063,1.0336841385987072,3.1238643159065322,1.9214726530722137,12.575682458612881,0.7814945040659992,1
7.262285952899592,0.8225594473845962,0.6524103720975681,47.66029634388333,0.5922074884153437,65.85125799931375,127.82182711328102,1.0141599491125333,3.272551666341916,0.23485144337320354,13.794526192392844,0.15758604433763046,2
6.544902588126858,0.513335102981243,0.06092390875418659,12.45933641533306,0.3757194851768799,242.24739851068233,212.5046735961345,1.0256015927199917,3.256645050128009,0.8696442234901895,13.683215251207368,0.8128218886338164,1
10.470908705902986,1.039987803143193,1.4674725266664297,58.10824995796236,0.10758019973350985,168.2535872717144,85.43844740019274,0.9896041045657893,3.4529160038759836,1.7885239810081315,10.536521829122488,0.17791303946772596,0
12.505574534405316,0.8299039211470867,1.1229569817170886,31.70180276267935,0.49310030103613733,143.0360048935039,342.6145090217503,1.019669473373534,2.943587845026749,0.22048260932064376,9.21157804237993,0.16938884086037553,1
8.919588167505978,0.134067278893801,1.291907338830682,55.81506035647236,0.09398209010867625,175.45213255324987,397.9220273690819,1.025275744647755,2.8155023730972104,1.428760748384656,8.77735717017354,0.443703473809947,2
15.66724680045385,0.5579508508555953,1.1050968525978249,54.77517114790769,0.17208972727524827,97.3120005218711,97.94708098670205,1.0160208152668446,2.7416974614714142,0.23691326408262323,12.67550198012094,0.11771642220953382,1
12.086439836876846,0.8135887861093386,0.5693802657856519,1.7312574230994562,0.3478958088343645,232.78177315191186,330.26933436331734,1.001587347935474,3.0894388486193285,1.5213733176939799,14.593127806938291,0.9618702844528285,0
9.619276007960767,0.9383057638764645,0.8412778340230928,15.83475530954329,0.10064487352251505,171.1599688647803,119.54366892521075,1.035824700295924,3.144581313208185,1.1461998780540956,14.651962260491235,0.45510458062491976,0
8.544621970149223,0.23730694089200083,0.21371716303149804,60.00317296316669,0.06123782966688275,245.54426028180578,156.70211523666373,1.0109647929727004,3.9696357895118117,0.4885513193758022,10.435425922480155,0.09013843174454372,2
7.95245399542552,1.0549569356403439,0.2682847186209646,50.78736647509838,0.41846990065944906,171.2074498369175,119.82145110356888,1.0159263343619538,3.0162965817534664,0.8918725605806843,10.5294692419514,0.365035066929298,2
12.621501459346906,0.5955465165848914,0.5379538468842788,9.423226342102524,0.03403786227202839,50.308135917682094,97.91579622622253,0.9903459999604493,3.4318543470583665,0.4571971294063709,11.76722269604731,0.19421368700499875,0
9.106724160623456,0.3543819409305196,1.0685167594623821,14.441463086947532,0.22004451607447448,222.09260775329767,127.11293254529471,1.0293848664457053,3.8431810768250427,1.5353602689690689,11.430320519807072,0.32848327846661185,2
4.522102548975777,1.2879900324185498,0.9953272743387891,40.93581201434877,0.15680236068890363,248.8638859772683,163.6477059862921,1.0090104997590463,3.6783570305107745,0.7247507169704551,9.273142880788818,0.8663567309049103,2
8.616335489498221,0.1829350803097048,1.2869318507544865,18.77097147496591,0.5722420591106188,225.48663102043884,87.8352851962578,1.004348072702892,2.8151486058562183,0.5512517854607405,14.2677863114165,0.027487441980616034,2
12.729744409357632,1.4746547800059453,0.8833808818997808,13.918562700183902,0.35762820412624396,130.21519800641843,380.2189356656904,1.0345836835533664,3.21324276501232,0.26453445102829765,8.318864338602978,0.6379151526700271,0
6.00814993848735,1.1393992401955935,1.121613733940722,64.71844299894548,0.050673311872429544,192.65987469984785,28.811389031177878,1.000365158000468,3.5847689819222768,1.7446192897715638,9.029528306931866,0.31587653937135407,2
5.922966249384659,0.7933865304385229,0.07284707838801704,30.50205171272298,0.2555566194460254,223.65510781497272,295.98915933454936,0.9944470474673939,2.7478874973055802,1.0703295160466724,8.63448096630041,0.35367369243894187,1
10.231771623486246,0.09674132732617889,1.5492745199533244,34.46620059216965,0.23404873987037603,84.80695380842498,205.74012272530206,1.0115676640996847,3.950667201096658,0.7033468214623612,8.869649749044841,0.8270689511144403,1
10.23511380387208,0.665187966569597,1.4046705128678743,43.12595774850372,0.0965261471180217,37.61485215384707,241.81175184609634,1.0256718505588311,3.033825282247963,1.0986972179214787,11.275177363438544,0.8924297704918009,0
11.476251598470984,1.0486976202923686,1.5547803138601601,5.5379266221206676,0.45030674516483665,277.1516516335985,395.968943406748,0.9892788221228059,3.358529547759171,0.44054021869625876,8.757719726476253,0.7494271057049652,0
14.078124708341253,1.3683696470619333,0.288217557301364,26.45382933890154,0.12168264031558765,270.38937416420663,85.05931212385686,1.0244477554299525,2.8304673329699432,0.25378488993759263,8.991638594129343,0.7132047518982605,1
12.565909430813686,1.0066459911641383,0.24231574008582152,59.63391497347875,0.5194565617674952,197.51687665161322,119.35680395377246,1.0138661375064968,2.9314625278907287,1.649993779365298,10.118034768115853,0.662876973318363,1
11.193384479198754,0.6765611318761778,0.8968051979983308,62.097788053031,0.5736364515638107,170.39044400480637,182.34256169611706,1.0222194417690325,3.177194521242899,1.1751110396725537,11.75292576471649,0.2706139212727652,0
12.541564929099682,0.7510390801172053,1.3922727453335881,32.891080312788496,0.061630098325802775,278.47142112038415,106.47555284202947,1.0225125077511035,2.8817132618927976,0.5058153915896207,13.071446169648372,0.9664908909828702,0
7.707802857623457,1.389942990279927,1.2257076406803642,58.772267833649344,0.4066348426333792,224.99954648286814,351.61213671330756,1.003399742252653,3.046423314597874,1.047733388387124,13.35801761093407,0.5726514544839689,2
8.177642733030002,0.6070359642601949,0.42931841726923364,33.13707888277865,0.386064546361907,126.82160425747752,81.25405996138925,0.996263851258744,3.3638702899589625,0.5069362061986394,10.732531761473455,0.4564769357559374,1
6.5619850936353625,0.17773639793271073,0.7889137623781388,64.8618077660071,0.3174425644002271,252.62837255746268,253.43610424310833,0.9881768770975231,3.464708614830593,0.9294427802658273,8.457328140044703,0.5426726962705486,1
7.353939961304835,0.7440088352748842,0.39069728174930923,51.92469225222535,0.392420656463888,241.33901159744832,28.27113606825218,0.9882858404188172,3.7983903804502797,0.7142255581012371,9.833882633941963,0.7502580974672262,1
11.434811098639303,1.5776886890145616,0.936622166524717,54.73622556441211,0.553508805728824,157.83140661087472,42.266265408646035,1.0322590295680825,3.05957291541356,1.4366557490514948,8.860624952355847,0.11039961288240496,2
4.9144697733354095,0.6496592940092267,0.9421036218340807,12.755346211948323,0.46438998291573236,102.1745748942832,11.14773107537571,1.0135071936528945,3.7361440061783604,1.0639129001010073,13.217757534767664,0.2554424685693142,0
9.047784189422291,0.36958207503361357,0.13797905773385033,0.892599803442131,0.3975754516964574,105.41781133651236,263.325648363397,1.0040281571310061,3.98696763144102,0.4174643311312698,13.713594857922025,0.691822383284146,1
9.01343943628869,0.14769520489671045,1.0504756645585396,33.522759319869,0.2665030225133682,159.6881347868089,242.7220126149124,1.0344246068899428,3.9215017995924013,0.8221375148095229,14.21556861982021,0.04608326176563726,1
9.773589681568705,0.33645332390804206,0.1610703096132052,64.67886794595134,0.15470516091296954,252.29348334211218,219.44435214655476,1.0351916782494337,2.9070341076992667,1.488185702813705,14.033315567774675,0.85507954228004,1
8.95254651257952,0.5660966065542796,0.046321537059184154,63.6652402082089,0.13174079728095595,123.03654820391291,135.94887489104315,1.0149565748579303,3.2887978271789824,0.360772718013874,10.04416771573852,0.6075352049860583,2
7.57836079796683,0.9414175031931374,1.4195150201900708,40.64489924245761,0.1396333820929907,32.213223091797474,236.04275648678,1.0156862571981622,3.5729374213518112,0.7436746975162248,11.44392910457212,0.9326182222014184,1
8.95885081424998,1.0783826236344252,0.41242228121314883,12.639539743583532,0.5292520151424289,94.6607880963387,217.79450921584115,1.0199649914386555,2.8304945522123637,0.4914521609032445,11.78868718225022,0.408838954628986,1
14.610008873717334,0.14422838629281742,0.7720665045379752,1.1851695887131557,0.08113432237696852,3.9321739758452416,288.6897408565974,1.0233165159804543,3.247670091441351,1.8445085408437167,12.99784180194208,0.74639001836317,0
15.224336220266945,1.4842701547907544,1.557015102984759,32.971344012948386,0.07881514641951652,253.84443827148596,149.07914671371194,1.004462014200589,3.8923592866731225,0.8521404871041425,13.310569342731377,0.48440429960013365,0
9.872223778200473,0.43345751729187787,1.0381863144600403,20.287025768262176,0.021814600314796186,72.15422482353975,106.17800482830683,1.0255382436532965,3.826391340629235,1.0667186109427256,11.023345512693046,0.9438171879012074,2
11.349830716684547,0.3035930115026457,0.6185256970799639,22.558656379161107,0.4463292884616975,277.1045929125351,321.11940932541216,0.9881263961387835,2.8006569171385767,0.8704940723335379,9.96116911521036,0.8797136053866684,0
5.198982580459479,0.8762441510934343,1.4140569606636777,54.92934099666283,0.012216768972933098,110.15916031504361,308.78479994150734,1.029074960454727,3.7201971618152174,0.7070157918629398,9.885590894552278,0.16656641719964438,1
7.6391543300258835,1.096378728506445,0.3561938311981686,6.425245018895275,0.562889126248896,154.4303335262966,72.77062037001258,1.0221672517161988,3.7214458973541236,1.9202111822241974,11.791719364768875,0.271484474911322,2
8.819397164638945,0.5408791840398469,0.8105155659499758,6.513651212552306,0.5936952895572877,220.0647292598468,320.44011701411017,1.0322412930005995,2.8295019338758824,1.6157595294766267,13.177445139400229,0.20965412050556287,0
14.282340810388728,1.0841618281170349,0.9391263174673152,29.46004997283325,0.1499097229159,12.676711076065398,291.830888205213,1.0193075786674552,3.571298387175996,0.3935373912774984,14.735210612769471,0.4226968029680801,0
6.830509921297731,0.5214407795222357,0.9724717463682848,27.55614241668472,0.03356344291329487,119.34403874232773,399.274793915141,1.0182050866176224,3.7033164149610553,1.4723582167001827,11.958611160912687,0.06355952195960646,0
9.644714597578723,1.4332572802418084,0.029066387587337678,4.76525067497471,0.5892161020613932,116.5268587031158,314.0516143215346,0.9991284721681929,2.997460918549145,1.0078068030098082,9.423113425948022,0.0678403853532572,0
15.725273405889531,1.4010421057568512,0.6257659989549952,36.16662466721189,0.1349671679366814,12.021353700334704,417.717701839472,1.0087156701014863,3.673027056627513,0.650986310053642,13.668518086365282,0.6529312775375087,0
10.085769943043694,0.18679156511152673,0.8547220407353612,28.76833913049733,0.3316424845492967,202.75399231893257,332.7987655254126,1.0277295622864475,3.8384033200070737,1.7267893209299006,12.384775383027488,0.3693680143869693,1
11.21602376173191,0.30560378029405944,0.7600263613142393,65.34735956765496,0.399672267193593,219.61347639804762,41.15740080283795,1.0134707853405769,3.423072491367545,1.8204526731349495,10.395885235209947,0.8772380361938444,1
5.259606858482917,1.1270880292208303,1.364425314004247,4.908826366580505,0.3657986756341681,172.24916517965977,365.0674695882187,1.0256069101103584,2.9643295057076204,1.7255245475101568,14.17903857227276,0.5614299951226629,2
13.798723686132682,0.08018015223346235,1.2000822716785653,8.255758974316716,0.518275100247666,123.66404198101314,109.84550756545242,1.037969376263586,3.929867016281989,1.9365541951952534,12.281783969409592,0.8357195356464553,2
11.097027553772222,1.3127204225400646,1.5473908953404945,10.92922608932862,0.30027854983788116,57.33573558498866,305.95390757221674,1.0106847124547487,3.317383265948218,1.5724200449020014,12.395972459393633,0.05095859402094449,1
10.395322878244226,0.6143597186979298,0.37147611200402786,21.780929204590628,0.32331408807875145,56.86135494983681,233.11455219558567,0.9978571316199647,3.7000525468639163,1.2027991698552252,8.907730434065167,0.661588520816883,0
7.947442388669132,1.196929842131751,0.2593197176066632,43.925199157319454,0.610397617122745,194.23528711027294,374.0999304541264,1.0101542334495155,3.767861355004623,0.4659995020447326,13.416954994990714,0.035051260607455226,1
7.479861547228928,0.14635581028174227,0.3373435644382561,63.61614614971196,0.3465679961537414,141.02520159092674,49.082496362406694,1.004576914059551,3.5916584258148347,1.3241306903537693,14.382129827783077,0.8813163810903072,0
8.845968753398889,0.3938966440971087,1.0895873329305301,59.78150409436557,0.1280453632537215,188.73603996719362,297.3827998353558,0.9980882043784294,2.9327717112988627,0.23874621750577246,14.520299400835063,0.3531747866679522,2
12.043739266092839,0.18620776939279793,0.4177956034754348,29.425223894884176,0.10997321556776897,265.39274586863934,151.87702622452855,1.0384299628395803,3.9128985783998296,1.1212705770694238,8.016588487088317,0.5715451141282315,0
14.393027785721618,0.34973569265677895,1.1031850390257827,5.224192104739369,0.5313424270833662,184.41715309960065,135.21980125471254,1.0105589734754086,3.8124918718519765,1.915052430493556,11.009492826442294,0.8337714516218182,2
9.976110283483935,0.656631848412175,1.1343641942510394,42.6499925365282,0.22557938214298873,19.76079762001179,85.83964778975977,1.0379710566523908,3.485545572539891,1.4898805177265944,10.390939008091673,0.7359750812286069,1
11.898696773843497,0.8173277165059306,0.1350017311893109,27.832619689248,0.5791224226164681,193.34379493095955,163.80139440441948,1.0239155152575365,3.444593826703813,1.1231405553692795,9.758822628598955,0.7436258244885464,0
10.889832286002775,1.4541370402128884,1.2284173059069063,2.121675651095669,0.4939414847114654,6.761743100433534,7.426685268796702,1.0069086136715473,3.1603376175695086,0.5792784729073217,8.479459264733958,0.008953796251432,1
11.36133237535676,1.0207610299790426,0.5211809865263446,53.892809869003095,0.5776700770787162,275.61838725499035,340.40577118382816,0.9871254307523787,3.9090910678835336,1.3511057644603268,10.460734620360519,0.5864564756403299,1
11.96373751695268,1.1397197209719228,0.3670598820243466,35.10746356571928,0.3471157157872797,77.0669819074273,215.43209802340334,1.0075544444631148,3.4230256733269755,1.3707552705155646,12.348319196574867,0.9017187469879857,2
13.992343495205112,0.20316601500881504,0.4296278283519874,29.149238665557917,0.034219467657277125,156.58213648151434,327.52913489741917,1.003261408784989,3.431073242035348,1.1011681791219938,14.532348700580775,0.5027938551962032,0
4.806659358822509,0.5101806322001352,1.4878526725279397,47.781653427633444,0.5212257946787506,175.22526419127126,135.41575321422283,1.0109040960642701,3.532092749551503,0.9719184481071854,10.062217613399909,0.5514163185048108,1
13.040562381464394,1.567597869429631,1.004477391211396,56.55324363101072,0.3578787807558991,63.383250750546026,313.6189487987474,1.0166831075214176,3.237539750294758,0.2780601843072174,10.405860030764604,0.04800956770659304,2
6.748363131896175,0.920633452466287,1.078523817653175,61.381647998146825,0.5313960134720901,39.70366873171491,296.73574439998475,1.0196721138773222,3.154203428064271,1.9671680819015793,12.050106823188491,0.07181274030021301,1
6.150097823003128,1.2617261501007544,0.36042533132040927,22.221787961704514,0.1801171878521926,233.08774031384394,356.4023101276592,0.9939655524760616,3.7237876604777123,0.6686624069014979,13.545964573794045,0.5000979593162789,0
10.726729185646825,0.1287236990096099,0.5975387493675044,12.585432408835603,0.5249335282599982,200.42228744627943,124.45174267448431,1.0192265947313937,3.7019101936540375,0.40369627391821317,13.617931952981579,0.3093585677225703,1
4.958121451009884,0.20611432119990375,1.34540181630618,22.13611263879263,0.12975353937052467,177.19574487610797,427.365112067208,1.0153373937614116,3.487687859053927,0.5401450544582086,11.77256168576134,0.07770012244639057,0
14.512454597929189,0.24384979715251331,0.564690881898086,64.25509589347645,0.17883672887962715,50.58891813155184,234.31629148014144,0.9936763406178243,3.589047791039221,1.149538506031959,10.766833390446315,0.1337305450990377,1
11.389712561820353,0.10292876650816284,1.349000094396208,7.0208150955686754,0.09619686655767289,218.64418041568592,143.64881527166486,0.9977344884896459,3.5052336031703293,0.5218247520745162,10.958294038213813,0.09150188015420535,0
12.553337934098455,1.4629684529860008,0.3319747931109887,62.55876376029185,0.09235681952952701,187.23732542199096,205.79011336249076,1.014656176694676,3.3214504596759244,0.4858200072502311,12.985217118426977,0.6079804327541687,2
3.9951634010097035,0.4604529292596774,1.2157435040934035,40.92403113411194,0.071627401535844,168.4768712852016,400.867520921704,1.021377699392801,3.7813553431544262,0.9561962854681212,14.688405481408829,0.45848031512541954,0
10.992625741285014,1.5748536966974591,0.19390623665113696,1.2312529921114863,0.3310876172722101,132.74421304475766,268.03516509208487,0.9958961737334493,2.9255804943439445,1.3242624458850327,14.49323271718388,0.749242196083828,1
10.537100827970894,1.187194775813539,1.3651597128818207,56.616311617321664,0.4157365323632056,48.317427108218595,285.8016277251926,1.0215154335080372,3.7440132183267028,0.7209851240722347,11.638427065565661,0.5626194606221753,2
5.723411694151145,0.45591618517414334,1.1167019428349956,45.01312290698885,0.13632583657197758,55.53005572334791,380.2245037734564,1.0033669176339475,3.0450818972651663,1.126321016918787,13.09900393411395,0.12586940019494575,0
5.652153233009755,1.5677069535275534,1.5891475467434548,10.029622443088675,0.5598001332849432,239.51751600400536,57.80809013462892,1.0301387341700103,2.8627058401970054,0.9521936889852515,11.28421818760282,0.9452410047180551,0
12.215907298128023,1.3828007862883331,0.04900671643990972,22.856073549300568,0.06888052603049545,64.59626344203826,144.5813424599447,1.0072596260046034,3.9340811926084713,1.638097585000343,10.32479006733717,0.6459888877677156,0
7.6570737592207045,0.3274970081314763,0.2188827303165476,57.51195688421504,0.074661164253836,262.7084458997563,333.48079482379524,1.02932729554202,3.515509229977156,0.3829492562910048,12.783952754179477,0.47802431965644177,1
12.17284057593502,0.3579828668881228,0.045275866204092345,48.107077908038164,0.5410891801770582,44.94403858596545,323.01836728030946,0.9992742050518104,3.5242901293761326,1.5650931124684917,14.159538573579987,0.4294391609339333,1
10.508037321585043,1.1002792122009732,0.027805451674576563,21.376431024096366,0.42646311076751015,193.21727682733967,433.94547903557884,1.025409230697498,3.901544055961746,1.1977071369852281,11.209835657793375,0.7849544154357838,1
8.50630194689005,0.19742036839140525,1.4044475966521652,52.38276787780078,0.11903558965851256,119.27992531316244,191.34217785637384,1.0148351556801183,3.0179094370019826,0.5755727204856835,13.875965690193997,0.06543982344352739,0
14.994103124329232,0.9567872935904033,1.0481656160149146,17.213332947900646,0.6022211729223191,180.9287218231028,33.81317478578242,1.0205968800055079,3.3879141232330983,0.4488438755968519,12.063382145569395,0.8259456924253393,1
13.984206962643867,0.17990438697357308,1.0686481535236922,36.42204834297356,0.028809856038856677,13.774681389930024,294.9156100719319,1.010681342125483,4.009206414988943,1.318765510568865,10.572640731031935,0.6085085615076361,1
8.124510556866433,0.4119464094033058,0.6243719501936711,61.46852569982332,0.07432294125198236,103.47437293368617,312.2411806290471,1.0382333300518998,3.2212591157283543,0.4141415909321876,8.998274458810414,0.10952395230722756,1
4.327456711968391,1.502659929988329,0.0884745566900834,29.041559247327736,0.1787977231821818,55.8878212283462,276.9630094057157,1.023159347312046,3.8915144308801803,1.6523729701506833,8.476656899323396,0.6452789601118015,0
7.4876936882742795,0.8278574560240467,0.7157707712468475,36.86735082201946,0.45118625381332,34.678713211498504,253.47736907223262,1.00727149329277,3.617367044071067,1.3039627275979515,14.72751738558797,0.8904025765273108,1
8.61804675120757,0.9405694542708477,0.26122938240888033,51.20791337422584,0.4392794584133997,9.42726645114157,126.60883619437087,1.0255356625807874,3.5584297570351984,1.4462453600797665,8.54392669204801,0.4412088430304425,1
12.330001848461485,0.48452491679040255,1.5514281002484653,13.883657938265245,0.4889644178087295,12.618654282341375,148.1799794770553,1.02524017041609,2.9189217295703482,1.3162763682612895,14.834102856410265,0.7607706434018005,1
15.843837632611613,0.7400924677413653,1.4583846836182734,29.878621478025448,0.33718650998657285,203.37482946380948,415.40505389753235,0.993465883332144,3.7183263483748155,1.827510367136194,12.845183012957683,0.7720040916561878,0
8.106569875181261,0.2795036091088621,0.4995258412709678,60.5875476129104,0.36993510637925636,144.2550028021152,292.54852546372507,0.9991182363614497,2.8400649753289793,0.2950126466963858,12.465980194289243,0.6347373938065407,0
13.026828546803749,0.8549244654546254,0.028763756060014266,43.10017583157881,0.21675371571264196,92.75049217312605,184.02987544376688,1.0239938441361411,2.9592848830872516,1.2355630244675542,11.294905428265151,0.615785962225635,0
10.977440690402876,0.1609336891998569,0.03473658233146081,46.33002930700533,0.24024345864800908,26.206284442706554,323.20515657717857,1.006182092809884,3.76561843041837,1.5093015319813579,14.54968960810039,0.3357617376089821,0
12.169591764272145,0.1523740528455047,0.8778724102585432,63.338306427867884,0.0671086412811181,51.04335134798593,212.81754343014256,1.0082021760821005,3.3648064756579767,0.7250414391289359,11.95090561961998,0.21973976207090518,0
5.628642173411771,1.0994716094104213,1.366437025615822,38.9965486206588,0.08041294972850903,78.98473545695575,234.91464614421548,1.0128540398869708,3.3900176952750742,1.0507772387758991,10.939528591743269,0.35956054169217877,1
8.626403141986493,0.1624724157157863,0.568255405085522,57.35904582537285,0.4286769972595784,141.13414764250766,401.0364352652445,1.0274948970072415,3.4298811352882463,0.46767265104547995,11.20860651653077,0.6162647859494974,1
6.714356362455856,0.8619257684286655,1.0913588872161697,65.30622998813891,0.023951742857676234,270.76681311481946,380.18753676302555,1.0112193493019055,2.9767464070148506,0.9728563940346154,13.66826248917882,0.6930415205417079,2
7.955817769984732,0.4790397412358064,1.4242511419075836,44.69223913718196,0.2814168226091235,98.80103326264226,78.44998315069259,1.001521201694063,3.0400033871505423,0.5379748178383171,14.039233945605751,0.01024765511193515,2
10.008850665807927,0.36154091451059867,1.0561298609478995,45.2476244205653,0.4076218793291313,103.75933891502756,288.32611818975823,1.0223486011911207,3.880958000105068,1.709093693713689,12.172156826098178,0.31328032637753533,1
11.86615705698527,0.9399783350819705,0.01017524463673049,12.403106978393124,0.29943813225913685,206.52661851678027,412.65241756010494,1.0319463431094684,3.4076720316849483,0.6355558661650385,8.109962628048175,0.6235260067575005,2
5.081492669187448,0.5246949460245873,0.9148935417028937,30.79219492827614,0.05049609552601937,140.77108250184898,367.35983588153476,1.0141604379168576,3.4260969416286087,1.0037652213630461,8.586926437157349,0.5378953967511831,1
5.383828903035377,0.764573562090508,0.2902502652941429,48.70656483776017,0.47093791200003693,82.35696977297629,169.6737319984383,1.0234606522989838,2.958075510673061,1.0614293831872763,14.564368916863444,0.85929672896676,0
7.695965338266528,0.28846075807174115,1.328105993891193,22.936185160953865,0.29556131110640094,45.96033005343811,221.60849979723574,1.0304103657595232,3.7507831854774234,1.7404570062528137,11.843278619211189,0.939261418888397,1
11.804928473661551,0.2697285326798341,0.68453822753574,8.21747895478324,0.18514611165338563,12.13909681836068,331.5736886454947,0.9952967906194762,3.6792135431046518,1.3496132319663972,14.65318608884333,0.6911833315140704,2
14.042725325775738,0.23979340228247958,0.729071236655728,1.964218625249893,0.1113617406526496,64.71264879103447,406.27132706328416,1.0182041232395678,2.993948187329838,1.2106632014361336,11.824119012238736,0.7123925861271835,2
10.494413872040234,0.18734016865074848,0.5044895052220888,44.201115911811996,0.3789526813113385,266.6205122462956,261.47734244519404,1.0249845424011765,3.402290671824492,0.30184090589560497,13.485034168010134,0.3520641229684941,1
14.138875099046508,0.9105705780511478,0.38106194713827063,2.7695469563016664,0.5653476799570195,287.22729178816303,153.53614655623971,0.9935929448124424,3.871847206742931,0.4137487123442654,12.552099214032491,0.054820919615151564,1
8.45653751643671,1.214008237231368,0.2655244204402624,32.43391353927115,0.16815303161588757,232.60585323737382,211.76994750552072,1.0107137706639346,2.860965999493428,0.6299191095134791,12.77931691016687,0.8517478234089508,0
7.633133555132395,1.2685503082982843,0.6767416839858875,58.15268581140978,0.5355059288735902,133.96774269715576,382.69479653888766,0.9963172374033407,3.5206248950543277,1.6025094506742457,11.733822579378355,0.11146689265619736,2
8.08660257465931,1.5167672122090992,0.8923871369891089,54.324509024595606,0.40841736876755824,206.76799949118197,245.9035571978931,1.011138972273573,3.527508008952853,0.35607298667833115,13.24066080865461,0.098976772769513,1
5.870090133381699,0.33258854028631335,1.495559636419234,47.50360130659866,0.020010314794947463,238.12417532415532,184.94602703936118,0.9875258206884062,2.8279723897808076,1.606331596388888,11.442538402067267,0.9520806929852922,2
13.832262877472875,0.2834284308332616,0.6672307915151594,56.655758998474646,0.5203656879831472,104.5164096230103,200.17331909709816,1.0254931999319146,3.6321263970778217,1.6903352198955965,13.547059585610855,0.8448809757757997,0
7.8979172355633525,0.7849321689652834,0.5341104314417827,49.397964188354294,0.24744154173428473,52.14011706145918,90.32484204174924,1.029678494668656,2.8382206567263797,1.102698216086838,10.018100919797485,0.3874962842525729,0
10.483677911058285,1.3715112885082252,1.358170168259785,1.7844412544097286,0.51758224226179,47.79556292059101,301.6943121467611,1.0300614777380752,3.0663197434230636,1.8990893894430458,8.303187961889614,0.5675819638137297,1
10.80047276411688,1.2306039108894653,1.1556784823122772,31.323596206079394,0.12878661141178638,166.31680785644082,162.76856060427343,1.0289790365651692,3.909085302405911,1.2867626049130954,9.058587272195775,0.42763585010270944,1
10.110550018707722,0.9172671623282486,0.19054177839959338,1.5570442121412233,0.32118032845464467,18.98201659698514,151.43704033124476,0.9899886482279568,3.649306198626169,1.975735829542745,10.607103599074495,0.6477770243140811,1
3.8325255813492802,0.31517489841160523,1.1741721260029736,36.7905620427099,0.1324301903454055,287.21196425472124,356.67640886023133,1.0022064826159345,3.1926397139435627,1.5683216536091547,14.083522115897072,0.3578342244789231,0
15.758979573322122,0.6668938536585831,1.578995470414081,15.998325678183184,0.3035749849861083,129.63227430059013,256.77160223226,0.9995338910535536,3.2232702015167853,0.304054961636748,14.061769807411153,0.3425299853757101,1
14.75463306550548,1.1590186649821248,0.8253661368614247,29.360215806938808,0.5640388903675033,66.85582676419372,243.4615231407203,1.0119337964339592,2.752156575796543,0.7414761097026655,10.389701022373126,0.47235131697844324,0
6.312393920475527,0.640119027413543,0.814372337939497,13.902099707402808,0.31335472923910873,150.16091783110613,90.1058757175771,1.0348112564522185,2.785903144992404,1.8865626213526165,10.930387014759141,0.5058719546552672,0
7.33912189478834,0.13867902541499305,1.2011341422564799,54.01584334617397,0.6067742646504984,72.63786886882735,344.4932713148527,0.9967942830839561,3.8615156615305204,1.162745713106949,11.786478582585765,0.1807117146154028,0
10.09212285217705,0.9558259416098019,0.3317626167812926,12.617689025286772,0.1720773305197625,178.72315046348018,394.26431319884205,1.0279512843291445,2.8811920301051845,0.5546817689611269,12.589925951232516,0.21564295273320266,0
14.713127609194114,1.160201869539424,0.6092266589528791,21.879172017846095,0.3720409553905256,237.54046383901795,215.35322483594172,1.0055309101966499,3.718105779015457,1.6009972286992065,11.029593492585523,0.2307226610582429,0
15.701933707431852,1.152157237463685,0.5260892818603455,1.5894679090130357,0.59105582359012,122.76684121284686,419.29689945450195,0.9927808888647348,2.856185149758322,1.8202914755760902,12.867126816969108,0.41987650429594703,0
6.916258976264405,0.3272987578020924,1.6531661678958554,20.78486737765368,0.4633407018617475,213.30766432706758,243.93952194424043,1.0056284101505215,3.4630558790815362,0.35151367236999087,11.600765544314966,0.9352198787100311,0
10.628744419389859,0.5839873841059006,0.26828623029506354,2.3105623880346537,0.42552267624197504,171.54471228531955,96.43028789612109,0.9978917432483148,2.9910355751138846,0.5191888896982099,9.17242507278782,0.2554986089813992,1
13.56432107805987,0.6937584384453795,0.2887643264555224,29.93912566268848,0.45620574189588003,49.76961848046645,23.045756826025492,0.9976515180044155,3.9484805611532883,1.3961636512547122,13.816602948309262,0.8193239713138109,0
8.571877652828576,0.7107221190906886,0.7651052776973826,2.357692770692781,0.207861369519602,62.693130980858115,317.5975121253702,1.0383073026054528,3.977941961716782,1.611433246059622,10.79519631044248,0.35921084119858027,2
12.645983733719142,0.2512377342570165,0.4553577513972473,25.90855026575706,0.184011314182563,157.86753513243826,183.66005642168827,1.0026261823426459,3.1951820390903602,0.6788028644094,8.695374806307075,0.41221957528748565,0
5.7489350745935,0.6582972960520322,1.4453243952070833,40.146536887999524,0.0960939850972337,245.53492516836755,380.61621920641204,1.0285806695608757,3.783360612508499,1.4331203146454519,9.589005775505898,0.12452552406202111,1
11.068452670786439,0.8399482798157438,0.7245505207535328,59.933261117338894,0.37222551125913345,128.94422857563993,331.56861241894956,0.9874766417633895,3.102945132273811,0.9196356443189596,11.209362812202873,0.25367422276076634,0
14.276959945469503,1.1458410081745574,1.1369290634569493,36.69866105535292,0.564288346300601,181.227408641587,111.77027701207975,0.9905142513691,3.6915032420729554,1.882469868494525,11.75777101393798,0.5592186582872911,0
15.700611471363025,0.93417153326615,1.3582167158161766,34.183941611061094,0.4694988105511411,219.55245292189315,137.19760867928184,1.0188126928507912,2.9642574881882795,1.5133712942292292,14.223145684062336,0.5149364992793031,1
4.76032606357399,0.6873958405983486,0.45159630512718973,3.6781649272068635,0.6026000173631052,230.9468357762712,43.731859291766526,1.022615787652489,3.5522435968025503,0.7442820446940429,10.293075557481563,0.34413220427396407,1
8.983002023881486,1.471396044131801,1.2163443608955493,25.001444934732586,0.6060746391655055,187.50871744210824,318.27767814046683,1.020505202875806,3.954092448535382,0.902938996260926,14.056446532853219,0.5583077782359828,1
6.274968600511775,0.9771253499476071,0.6625013016744414,26.2624848628997,0.2703095789467408,226.1652783361198,361.28968409718505,1.032321159259366,2.9722252099789683,0.9269638643946264,8.94105491864019,0.9976204998168597,0
9.252701535276692,1.5421863255581196,0.4225022258306379,21.703092319767,0.32010289734284547,175.26615084575837,214.62855524378193,0.9988360969976132,2.948660044020673,1.671036353011142,9.348498879272785,0.8522219667296865,2
10.427939228809134,1.38106453452521,1.4775806348034926,58.57729840788942,0.5050774634262025,267.24927244316837,273.45871966439637,1.0037979361643223,3.3066127242801002,1.8936447544356865,9.26776623682058,0.04405783523539264,0
4.929253195474831,1.0904391524376718,0.9379577275447134,26.4032656680281,0.46986736337420987,99.5664403475768,90.12598855888909,1.0163090145710194,3.9576248245414467,1.2469462325024776,12.062441619854406,0.6676945766443021,0
7.392015383316222,1.4289702431370586,0.8239104994411895,14.352583625769414,0.475506886254539,241.84176435576626,425.3367027326131,0.994789092672401,3.305124970593452,1.0959158975772918,11.816251305170848,0.5820975137526199,2
15.023769305840986,1.5668595171774893,0.2998009829638167,51.783072162443084,0.3446580466428224,187.6014152640501,143.97782749591767,1.0141703613786892,3.006243767996663,1.7996481363649932,10.150570134938349,0.7057380970826477,0
10.684945150305364,0.4113159004462167,1.4967234306807136,53.57663602010081,0.3623058877753273,166.08886926622299,326.3602473715484,1.0187336388746895,2.7760686820853993,1.232873649778204,13.45266912214783,0.04531148529175233,0
9.334685170035705,1.1165847798557063,1.0588176477375397,23.12070338830298,0.5167515054935949,207.81097149024188,246.5462811513226,1.011589113165748,3.2014102123902295,0.37441881426042445,11.992575845893217,0.24498457612663183,1
12.917664488657188,1.4581689167886935,1.5730552784627747,54.153352099814065,0.5770627744187146,7.654655407009059,257.2432399260558,1.027645436838287,3.675041951202144,1.225733364702693,12.711373008137507,0.059280066663252806,0
12.776532037288653,0.10610024002469857,0.0735834187212213,46.60934144758594,0.47691563536731074,226.01967101256614,429.9727800258664,1.029516204839803,3.1049875739242263,0.6770445919526842,9.887629603992073,0.6841884482189126,1
4.387806297415652,1.2792334947988766,0.19359694894718332,7.77242574516861,0.47342303073780767,67.0441309144257,423.05900304141943,1.0011052893480923,3.311428585331582,1.4212010162221034,12.016276364860499,0.11574979778096306,2
12.375238484857228,0.21410442483651143,1.4564077433292897,24.602624805659143,0.10434324095618794,45.295588885346824,119.42402612743956,1.0008997581492454,2.9755111128239777,1.8572457249080219,13.715251681004546,0.9859084166838983,0
13.95484450844151,1.4548314461678202,0.7499285131777023,56.15554728517379,0.5241373579724007,192.36050074070346,282.6763113701312,0.9924643171902137,3.6359831106408897,0.5680716391877566,10.676464968787162,0.7850285821713251,1
5.807848398904142,0.9980200601062299,0.7751835112954945,24.916040362094183,0.5779795298677898,260.9666942436857,82.43225550454225,1.038405867272923,3.298991458527321,0.8502592324992189,14.103517267477162,0.6276716301532259,0
13.250075049799484,0.3231041578498681,0.37064669470248995,57.003103758714936,0.17305488575629444,159.404499373451,333.91604039979217,0.9964048259027111,2.858283182513323,1.1729210035517585,9.740219721929387,0.2188297425079122,1
7.267093062422133,0.13911525135658015,0.8107897685358164,29.64384484806033,0.12426128425371784,68.31354633090282,265.83143935869435,0.9937359119474236,3.1606368143396764,1.3819648420972728,14.57340754160776,0.08384671095334273,1
7.508284015287643,1.3217322256643318,0.7279481863852403,37.41329602409162,0.10827962096812839,213.8719864004113,406.05307693444666,1.0147939744039933,3.6583578637270584,0.922561978027491,12.519410517418958,0.44130106899289934,1
11.849663730731166,0.2892379114171842,1.1966230152554365,25.988145043889826,0.02256337406901693,259.8229950730152,305.21314014750567,1.0291754686502033,3.5902629899124867,1.866555705456096,14.018648529699643,0.8481672533874548,1
5.147845276453361,1.4893120607702328,1.0549041738373581,40.59175482996336,0.25371490032113536,212.62219709505837,215.89746318570255,0.9917774940715995,3.7096803187510785,0.5154103322484971,10.752368702513683,0.7362468980867517,2
11.844956630519864,0.2162978850503754,1.3263154402746702,34.766434492110115,0.11676856280294651,233.83034881692063,132.9336563312441,1.0009189589138365,3.8930055082722146,0.92816852630181,10.863252323207302,0.5102259900237366,0
14.543067191382296,1.3369677256898485,1.2999486655303054,55.5310791056335,0.08560544395492994,270.34185730772526,77.20292511072068,1.035355247829089,3.400347882455935,1.4305682122484815,12.102757638568757,0.6380504766079017,0
12.225366345648418,0.7152988148457649,0.6997193060931155,63.671857408523515,0.44796959204132625,152.19925018538018,116.4314816466206,1.0136159163760952,2.9149893691857356,1.6001118531876435,8.243276236873083,0.8684022125768185,2
9.12796730765145,1.3891030210851705,0.5004636396156491,19.455465051882697,0.4677348968194469,260.962885493626,360.7560339156043,0.9960987001951014,3.3605358412664246,1.4815232812250554,14.604433042288843,0.19168992357703096,1
9.10239405096442,1.232861362673649,0.5424769440009973,10.658610592281754,0.4313296422280893,232.1391827471424,411.9411709903192,0.9985110706845688,2.745261333247777,1.0176808101180028,14.208036840902743,0.18902371237701054,2
13.057662752395611,1.3593234235403018,1.6433015306793555,21.955156668214766,0.4098494194389172,101.78608661071681,374.67706325197895,1.025883210134084,3.4233913337793322,1.9266552893191113,10.411501031430078,0.9566403161387015,1
10.644268214833183,0.7853631386153612,0.6793253002937861,47.05323422185409,0.3205832686579243,95.21959289533321,363.5289896909643,1.0108539405973702,3.9136460968925326,1.2235651140541548,10.445308340332513,0.5591720121746238,0
4.827340374620993,1.1506524750930485,1.2540742346654543,14.340621773625328,0.045899260012688535,60.89991382012367,142.74008131146746,1.0170404804376378,3.9888628906184076,0.9768329298887577,13.1687460678525,0.9837369387610243,0
10.850320163122998,0.5580013890356458,0.13735186954984985,21.589679470199457,0.5977784153078854,192.7863016246483,283.59436439907853,1.0240411281443607,3.977055199729489,1.6258046506969375,10.585899756532898,0.6770995839881321,0
13.659608805010258,0.1507599017201267,0.7130779528093368,61.56026840206671,0.6025041271741215,255.80299736572954,251.62729855476428,0.9967091738811392,3.017225476888188,0.7421736115954809,11.514311989019994,0.972468724086174,0
7.878503239716081,0.42860016628107334,0.5459271135097921,49.71970531340164,0.5415570859109671,25.1390274754529,349.00597739074686,1.0301451739042955,3.60775638247806,0.9152700810914316,12.586878169136355,0.10087407464863363,1
15.023676612862214,0.0820424586578805,0.26595399228365035,62.7704807272225,0.4677824247958575,167.75306029702654,295.86896723885394,0.9891965614637178,3.115409770334172,1.726816547642119,11.188971782817928,0.17795059848624328,1
12.883675704152331,0.624542233982771,0.039630070293896265,6.252578590432711,0.47011200619055804,202.2838251171019,14.51171419542791,0.9950207629255654,3.11549809151456,1.532661024147321,10.121613287809252,0.5306710449412356,1
10.746172284314571,0.8207432554760506,0.4182346769484475,32.37778923121279,0.36780285009331676,235.78335074808788,272.48608782037604,1.0338235961533369,3.24743272739312,1.8630040058814,11.444595661074269,0.5582138651590953,0
12.894892264394315,0.10911063144471388,1.3169139405156196,59.581576368433495,0.0766562965146727,161.5327248259812,34.84812660125708,0.9925568319060953,3.572802006009576,1.07382897921679,11.156563931057828,0.6035498206018929,2
4.757702424932283,0.09159472283967017,0.4938362803316157,29.25195764742311,0.5037834257916439,191.1402885772888,291.7198651569053,1.0143539473857457,2.916150985475234,0.38579816612838846,14.242195708756089,0.9934355134887266,0
14.1986078157354,1.109695352648459,1.4492090902667984,45.544695837800504,0.4167603364817171,151.74771491863712,149.0030757501824,0.9991315570981537,3.480798129920709,1.8838844949562032,13.25307900400189,0.5693894736651954,0
13.74019976972675,0.23065376280772915,0.9608871623231608,11.700977537582919,0.05606363025208204,56.28087657485678,332.68126494972506,1.0215550332673715,3.818230982072424,1.605896155130944,13.94764009403535,0.8841054519095307,1
14.80944708128353,0.19076825933933217,1.3358612456873367,16.688629427895705,0.3745185056533281,20.65672473754685,281.20682964849203,1.0333335062267364,3.546867165993679,0.5727424845240862,14.554353419574603,0.9816507071938334,1
5.356437489863498,0.8233972629575196,1.6589419030394674,28.212258805411448,0.12172631108615493,74.70826012776268,245.55456283018668,1.0310918892087346,3.387257629741997,0.2918588432153385,14.378481588879907,0.9505947435706807,2
4.789539053837221,1.1572389643712158,1.0633349635165241,21.060134421038057,0.3441313864984207,235.34715943062048,365.4175565386695,1.0261796282149143,3.123121635918077,1.7415334168961991,13.967553299360265,0.07121929444071828,2
5.474828430657237,1.5457478579494448,0.5658601487931533,42.58073799520763,0.15923625579796213,35.944018727333685,215.88216116591332,1.0211471349445223,2.9637695983314534,1.7917172092820188,8.120979960268219,0.17870957008318666,1
8.632482392243883,0.5230959502470335,0.5146405764345495,54.483267333078985,0.39331712051459344,21.655444030424764,392.69608198714866,1.0371544734264875,2.9376873428073127,1.5986184846645797,8.66711555455708,0.06065225215879566,0
8.934113019080002,0.25627696097315994,1.6146614882607206,23.947700607059907,0.4762465924723958,64.94811734579312,370.09928020603485,0.9965526634697934,3.269766533530548,1.2422536561060435,12.228050416735169,0.6523519591539662,2
10.60284238264396,0.182804876059946,1.1861820426614247,50.36195112388435,0.0388999716313206,84.44059672578763,31.03973136705526,1.0196173655056937,3.622208035935712,0.8958242863901236,11.54707128425111,0.49145080028260535,1
5.2791469505533115,0.39126604488162703,0.8341549071258445,18.86651732883197,0.05320172101911805,116.84309732929324,394.3810619202288,1.0352018050879968,3.290010518504975,1.3979079066181193,9.669299592361984,0.22970014086360757,1
6.236933966714588,0.2300819855813127,0.355366430582319,26.88122318368315,0.6096838230991631,240.90509305582404,275.3798096904239,0.9977200244815901,3.575707272759037,0.9007199016270041,9.858253465640967,0.021257999896634128,0
13.620896614236663,0.08507654210139053,0.81322666633705,2.918920654245219,0.42044809889214974,180.7753695187889,424.818743850425,1.0023356252750981,3.9808912197470114,1.214794740795494,13.215253193135819,0.501849665549535,1
9.462649646086668,0.5076105382400686,1.2651522705329474,10.02894285905568,0.19506632753695693,217.13748273471478,323.53823260231525,1.0269029072557543,3.9433888184431556,0.5109354435076037,12.93092217850886,0.6192379818299591,1
13.576052334751683,0.326310325502769,1.6180298307793222,7.930738505151639,0.15220720678400046,257.4824375631538,348.10528375635323,1.0266153716818978,3.145176160164276,0.977324077137486,9.063070378945465,0.8340782746285946,1
3.8898591803898177,0.10737485314269617,1.1168642976896033,38.216036216072126,0.2611199008134299,222.01396233397222,239.7668560993683,1.0207793501640698,3.2938956945246103,1.4162211057530532,10.173296909648924,0.9363169916502809,1
10.474271984387107,0.6119479751707337,0.04089536772029899,41.52279989417344,0.5783945590245678,76.3763766654223,424.7463059988304,0.990730006356086,2.894237753105251,1.7077466346828478,14.840088077047701,0.6738019962693607,1
15.076378991727807,1.3188736804875338,0.7721890753009687,4.210884304705853,0.42405687455729657,158.94760280740914,311.50608297233305,1.0113861749726443,3.202406515647391,0.9323934325991161,11.894558916236827,0.4184079140572353,0
10.84432305566503,0.5354922729198809,1.3739441744992147,37.020299079058226,0.607211122527051,131.51606269246824,187.9677763527837,1.0216144397686555,3.749798590949956,0.7542851161434089,11.9342763278966,0.1681146150610774,0
6.293758302087817,1.1451496047403764,0.8474589760791018,49.705533712993805,0.3403393217190138,237.75823302135382,35.94528276781315,1.028854978202628,3.812313170710124,0.6660980450109952,14.398276671015594,0.7125480830208929,1
12.484866503582648,1.17310242147769,0.5712183053750711,33.46901649455286,0.26335857857511685,72.9898296444616,430.4020625591938,1.0309399403767734,2.8096286387408536,1.8722027770899659,13.75613173815339,0.2857449254332568,0
8.385728781356905,0.11833469554401625,1.42943418929785,30.701500630868946,0.1324526838357594,176.2566958333559,388.707555842538,1.023100638894143,3.4307631084172243,0.5677365200484948,12.655862807949475,0.23545945285298764,0
11.887445761839466,1.522677654401038,0.9588025302422204,41.955384586958644,0.33305347147193604,12.375253682689067,282.2734924989419,1.016924461763272,3.629320616990972,0.45822197113003926,9.420985228209656,0.37198146361394435,2
4.154768647014632,0.2885140894850164,0.8372894757058313,25.53878996870312,0.39664363434140903,94.42570531753817,245.52584316533796,1.004851170481804,3.540037277755731,1.3032908678901252,14.472501371509296,0.8229037491834921,0
11.49439434815141,1.1561974839554527,0.8072376673817325,40.21259341867687,0.3191712365003259,136.35331257829006,270.46866278942684,1.025220059318505,3.6197823447238413,0.898674692911795,12.664709767141828,0.5764667352775644,0
4.18959501274888,0.6491647024287782,1.1312801289924126,60.88320474615607,0.08969215418149486,60.47503346448818,385.809416649116,1.005384763100089,3.9817195698917454,1.435192730249166,8.259861972053388,0.6509171139415166,0
12.81184592721537,1.3823338141225847,0.7557693825908545,56.3389394821116,0.11016106984286869,194.671022671223,407.0215645743952,1.0138269849164152,2.8834286720587317,1.5708210402743705,10.892843243039,0.3111434245557779,1
9.522247327085307,1.5724415426356024,0.9414189212970175,48.70077803595953,0.48365097472026686,107.01886504062195,132.3643109872894,0.9883925808579447,3.6540578387819633,1.9757464374543259,10.216952915135233,0.0713650954336994,1
5.2732277012239495,0.3699844510366773,0.47893570782401507,57.55490061338012,0.13777732882333024,55.15336069361973,137.86087210866864,0.9948511209152348,3.8047310005626773,1.0999169132743092,13.000187399178628,0.38852378865028203,0
10.365894702040922,1.3091834270721923,0.28529650497414916,20.143573259212836,0.07239852946601422,251.18359627448103,27.16113994198563,1.0031729242379577,3.762499068258947,0.9240419624692823,13.09740644727163,0.6294557902978807,0
4.607970763022557,0.8382544213691139,1.3612884625985555,49.529723173982575,0.1075739186257871,58.75614547923712,435.81429883028005,1.0112015173763627,3.4974740727904323,1.580065671862256,11.753184906488698,0.6569562372304671,1
11.705714943371792,1.5281465964244902,0.5298679463330616,19.609398235094325,0.5500321912892884,166.9194710289998,424.92566560801845,1.016659524324807,3.6843018741601115,1.620245536305007,14.599775563441778,0.6736531627469644,1
15.85264456115069,1.0671334961498695,0.20860322353400976,34.26590605105575,0.3843171341248567,140.8248921042475,347.227015729536,0.9975574756224106,2.934500311618193,1.904029855070446,11.420582998726555,0.3304845476929019,0
13.109707778594945,0.9698568524694472,0.30587497281352677,32.40369167228994,0.473726243244153,128.94316905613084,198.42090712567983,1.0145871143898217,3.535105585443895,0.7813266632394099,10.343556262914628,0.8642561351281596,1
10.742666775271775,0.42428517140480365,0.6850189313043014,3.6929137606847915,0.14698257400379183,69.16703305481185,253.3348902219683,1.0201602827787817,3.2428973872251396,1.0861744465615077,13.071736057668346,0.8122806003023652,0
5.04188663645063,1.1580500964662304,0.47380862959248254,37.78897510231843,0.3876927409522381,237.20796055765197,341.98070162897085,1.010298645276871,3.649467621055941,1.3275769585045794,10.058028326546475,0.3265786454883056,1
12.26799230475227,0.5123019305923475,1.1538373280231118,33.51970806283062,0.12565332886187985,186.14296413316114,102.16162535089526,1.0152456959084912,3.793767640269731,1.967221413727944,9.813820465465765,0.12817332795063774,2
11.800131194667966,1.3486379191111788,0.5808354529197711,34.4494140674955,0.3224573357805559,232.52989709593172,100.85004149568633,1.0042691046020398,3.369657182139887,1.572125523276002,11.237507067536304,0.4124673381968814,0
4.394075280535594,1.5458954886475493,0.972511035063696,2.676535002975639,0.05307116437077159,210.02517092395001,249.82206480245165,1.0001338797478572,2.783339520607725,1.9802322399848162,12.59458719106378,0.718879324283342,1
13.386821552319546,0.09168947221891265,0.2774035394835714,24.997540474782138,0.32025865350172544,221.14054289594858,300.1431327524377,1.027348576143147,3.206774101579622,1.6947915611858513,8.329261292241453,0.5389578695404654,0
10.076470749775112,1.5119496228401939,0.22673133581062574,28.190844675339115,0.14673212628515764,56.33045419896057,227.80095114567072,1.002429692944328,3.4101576621510437,0.6008689842075129,11.879652071873972,0.5201550629340987,1
8.95299909981902,0.6176904397461981,1.5044758196154107,48.608766643559015,0.1421821992299371,176.3512568407358,136.9405947089188,0.9880398753463918,2.8327842739346067,1.6481762207932693,8.393500530302347,0.7562416513518654,0
13.337064800577732,0.8124735192654644,1.4352130655193245,48.48797588759805,0.3078285583508913,227.93611940195476,174.83563559172313,1.026040215608818,2.8604659185725283,1.2429832465316744,14.735444659900072,0.18287461396843818,1
8.77998760082693,1.4661282705470438,1.4902387480481396,25.483746465830958,0.3536922328552925,144.14943710527288,260.8937954962491,1.0025837554368964,3.0276896474083936,0.8130135972003664,9.230292035511516,0.5623982252927657,1
9.620417933612359,1.2439365330578018,0.8190953662147761,26.919194511143868,0.4315400422587878,179.2950087852324,31.797204945259328,1.0012769876564744,3.831070736990383,0.557797398654747,14.223316973461532,0.8666041900623633,1
5.997708996353278,0.44483373216527516,0.11692551403613675,46.94342958213913,0.19217572764634874,79.36400922816671,429.86037919756035,1.0068419210173567,3.5438919643863644,0.47987334329337616,10.121480199776101,0.5191537709251541,1
7.687958684027787,0.22527903206825745,0.5149107381676877,27.957613112639226,0.18256813086811355,132.39617164848357,427.6457436194701,1.0111084494177085,3.671959986640123,0.4473145142507558,8.948792021655407,0.24023794393220865,0
14.030949258407084,1.341839341617361,1.463127310474982,40.14927430710657,0.05959937470480681,242.50277773153,371.8623019006769,1.0288500570753076,3.7219399106414657,0.9729235068666816,12.085891877503558,0.7898195534393508,2
6.061535362013256,1.20059019870985,0.7013569258055297,18.03198869762451,0.20015139375819851,61.3854938048983,164.93359159489708,0.9953774700676334,3.5717583102383337,1.8505215038577134,13.75285974665384,0.7203333177645667,0
8.849221836930464,1.3675091347648676,0.5425998466386381,4.109700754494646,0.21731679279233101,205.8515300325704,295.76232683261685,1.0147438913423685,3.5044951479105144,1.347098570056537,9.506384718755283,0.6408625234636262,1
15.767317539483123,0.656061992584965,0.4905248208863744,45.86739203087009,0.3060279653761366,184.04913665088065,285.0576255859257,0.9876108492602288,3.424918516058462,1.1061141802963128,13.844310141645847,0.14892079973355443,0
6.662857721636785,0.8181705659495426,0.912076169592148,44.206957785334,0.2595199226789511,22.649037673053417,183.41405551703167,0.9903351571263984,3.7019430611030684,1.066351599410245,12.819440980739289,0.8077533219450423,0
14.893671228559832,0.777527941959793,0.7507801697283459,6.035461151067792,0.42907961518931736,192.37095115788748,388.35472981596087,1.021003609608111,3.4986708194756577,0.5082337457851874,14.007466828544331,0.06875938059799036,0
14.912609360448162,0.5520825058269513,0.6223167575865033,2.1929208233770474,0.2815755932777214,132.34306536205884,245.90772598248856,1.0352328688930579,3.370457793677961,1.5880526695177504,12.139125113535034,0.7410801289872639,1
4.904685740658742,0.5835085670082496,0.7022523063662586,0.7599504553738105,0.5150485166282341,53.3986337403527,22.39612590900501,0.9902485970755731,3.7001516964949253,0.7379371068420564,9.479777095655257,0.5554715828146896,0
9.410197971114744,1.157973888777325,0.44266339999658294,9.068957107119783,0.3285303648406094,124.06458057516716,135.35743237002697,1.001151765401865,3.0652319866418503,1.506763646153769,12.870956554882554,0.6187087416815549,1
9.876817657405724,1.2096066900909541,0.31842590033275286,14.41856757439003,0.3628076065434639,37.48235288977576,328.7775832148512,0.9917473953324605,2.775567269190165,0.42543562064513696,9.89426210380297,0.832546315862529,0
7.595394295630743,1.3757809797644476,0.3350682275403797,56.477481096502565,0.42869253524130657,273.88951692533146,376.8148551110761,0.989413123014809,3.8752062139803707,1.5881986560435093,8.637918904409657,0.6023215841811309,0
4.372808400576617,1.3473530571134016,0.06365172384021477,28.854097787607703,0.4154570243703251,281.6734916256875,271.6620485379831,1.0177984537354534,3.971462181416875,1.588571753054456,11.425577227240568,0.7211140732758513,0
6.724396210669314,1.210906565786933,1.569702497426609,43.12206006558561,0.5713477234701388,123.67229863965461,291.5819025452744,1.0328102230958285,3.609260887625112,0.2571069999259206,9.164954636092816,0.8363673569060743,1
4.955908662819867,0.5791667268038586,1.5877966085207658,63.82750633992029,0.4547877465011096,61.464441093813164,346.2546225743661,0.9933745947694324,3.742932301181355,1.7394817163210434,12.675120866330811,0.20679857931690215,0
6.682823859120182,1.1450695067346526,0.17079062628841746,29.41960847873846,0.5841446211776659,230.42487333928725,189.6723862538178,1.0175418228307747,2.7926800649569716,0.43276801365329504,9.665718329610627,0.9610102946639654,2
13.57427214411089,1.538936738162439,0.12252958893804934,52.69177437134519,0.21487680702594295,92.04229817010037,66.12504756517683,0.9962126628870758,2.9314152619200002,1.7894374523575043,11.883816911376828,0.5321367140944898,0
14.629237283420743,1.454359872308335,0.6910025740484713,25.77431294394531,0.5947088812547213,103.6985478672749,133.5916597322876,1.0082768851166308,3.8493763528729605,0.7770108232588157,9.42657596381219,0.46695566246989584,0
4.322996994163726,1.5372315895844828,1.2681478841260032,48.94372564202325,0.3695769574420094,116.34391697525301,219.10266930145184,1.0022432918731519,3.27864460769633,1.9598785998373185,14.334776263442912,0.6420235351264549,1
7.4535567187789,0.13431127991556296,1.3712197087645963,17.81808048156073,0.19556350294519792,207.11911313612558,313.97714464214647,0.9956590117259679,2.780334085323862,0.97537167442019,14.24660096096779,0.9738473226713455,1
15.665044602990882,0.9973987053612131,0.03550689949671172,58.48630968790508,0.09198364692963755,177.3560335418562,166.41742309354828,1.00440138192616,2.977074982719441,1.9756996304933159,13.037647666061623,0.11566739094454903,2
10.328008352900198,0.40301435146059017,0.47028194649745364,4.003104215630409,0.32054671600655693,286.4943346348601,108.62143950909686,1.0242330449862833,3.4621851128256926,0.41021999718395225,9.94052179987635,0.7033895381135133,1
11.378343276689261,0.4498396015985079,0.8886083657251866,30.090925593545784,0.5885097733456663,242.89760211049204,188.80549804800782,0.9962705146145292,3.3982763648326975,0.4916796646349424,9.960183042824234,0.6028597204403345,1
3.867099441723545,1.3460913622033637,0.22425873402253052,65.05664759212634,0.5155968731566333,281.70779419220884,355.8612699677329,1.0086206585510493,3.0328152288494143,1.0921331775572756,9.860480558189543,0.5435103073485861,0
9.667404265654968,1.2052875196875814,1.6101831474477388,9.971395341816438,0.4585036381104211,223.6311001940657,277.9583300034553,1.0178979396564272,3.9756274496234454,0.3473518056147284,10.23254423460514,0.5910068611807701,1
15.75877526893089,0.5732036284064299,0.4171493909125896,7.2029877928403625,0.041773971096686985,122.68953738003711,212.93111265354716,1.0370203794349626,3.6932298396059244,1.8917614003045724,8.29230653676946,0.12637457896206983,2
8.339744882541858,0.8598730454751995,0.882078060910923,22.239006640900204,0.4747078355317643,266.34763537291826,123.96108381573453,0.9990086704138182,3.6415894721936852,1.3790857561873069,12.007075010790285,0.37083428972259314,1
4.974161719530221,0.36249481559113017,0.18202519098333658,9.470996370857954,0.4230307851543422,116.91554429348977,119.88475278209442,1.0175191466132825,3.506698370920786,1.497356370107532,11.974121139745863,0.04766048296561265,1
9.389096014978225,0.08574080570016589,0.5625839557483927,44.790253375612956,0.5131998511307594,29.924957269282313,111.17012662876638,0.9887419471050116,3.720179767820468,1.0786393300411072,8.682153963878443,0.2765557950711509,0
15.452354038506325,1.429937160468792,0.20436468687747625,40.66099171800103,0.07214186137134601,64.74362661907765,263.6526636569182,1.0000954094768653,2.893482393704371,1.7321121941901623,11.839772342500083,0.4083625624042,0
7.936150424136699,1.1444634790892076,1.5136657389635864,34.905641383073934,0.2461467199710898,282.8864350390088,59.37111923151245,1.0137958152131432,3.8933084192981284,1.0248311893510649,9.386573805666316,0.4675516328829783,0
13.466965071901662,0.873227670500633,1.576770223030285,63.86341104200298,0.21197023793036623,53.260341104854774,356.3024960847408,1.0132417654270307,3.761027616973603,1.1544820707695944,11.973672560965843,0.2684005737751697,1
13.46604060767805,0.1611482938334337,0.8985920897904163,21.201138310097885,0.4738639087631551,114.83241365628902,214.38201106911973,1.0389204199565696,3.936808646357294,1.1728879909327568,11.737753161646191,0.9096656097650426,2
6.319804390541133,0.711260266133466,0.5807477304007599,29.551609188570346,0.46646883249818105,240.10696986472465,422.84765499120755,0.9971871446962733,2.8678509463894803,0.8360302870134889,9.78738410748399,0.02675759163630398,1
9.164749191794662,0.6500628515365027,0.5369960417610403,30.808301826776212,0.3100112810686805,145.9760729697099,111.50111463543071,1.0198797411595768,2.7454394493376597,1.8212877753340542,9.799220971470445,0.41203200871300927,0
12.45877542936709,0.33732049476494497,1.5333057381601718,46.57093901581824,0.2279563440301181,189.4151278886498,299.8301078360944,0.9903928881941113,3.7393795863217383,0.8401534521295494,12.297191987033106,0.028523732630713172,2
8.767289403508528,0.3142824182029416,1.02810139594867,15.4236525477558,0.07121817425337168,252.47551692049277,169.668129775146,1.032793155892013,3.9917547047429536,1.4500437539457987,10.772252052351726,0.5642258706486835,0
6.111184159982096,0.3397666958406254,0.6799236218785384,49.86078810348061,0.10030958678571995,31.983198164731746,431.83288109597237,0.9917070367569666,3.676698180628824,1.4194280795620193,14.157457410219722,0.06876309020494831,1
15.506681112357665,0.97525339366244,1.2807697889938623,12.682469038673803,0.015297840984092832,138.40802478523773,279.38733375617335,1.0117120299529179,3.921284207161774,0.4593492444358521,14.687170380695019,0.9010181315034435,2
11.67407943436315,0.26705592776017495,0.8885806949160794,64.30327274598223,0.4753135650785557,94.14142928915118,304.3575601190465,1.0254680209732798,3.293681687188432,1.6049492210971008,14.77118471756915,0.9922507975758199,2
14.272064203427085,0.43782388499509417,0.3618337824255289,62.69849027159056,0.5631203313477422,183.5853891947643,67.40048253807498,1.0151296675726995,3.0162796704106403,1.8125527842586255,8.9908080399611,0.9679039986375443,2
4.105432529375689,1.4994082715059462,0.3958949629910459,26.649076227980096,0.02906296259062012,143.6696092149543,163.56008470245882,1.0025141890467986,3.888213957276245,0.827754202322588,13.888462577469994,0.05333488996857805,2
7.029560358972731,0.40919267667803905,0.4568376205206439,57.966300284607335,0.48771804245518113,99.38957991588418,316.0957130026153,1.0310335228250274,2.744819301845897,1.7161176918995513,8.875930298212682,0.2844127205196595,1
9.87506031395359,1.2257848947477283,0.026572607048204345,26.309069397010916,0.1752391301120183,59.31660238379949,149.99405404526337,1.0277434489130206,3.4778271751262197,1.318574363507399,8.300417923731384,0.7494351759333329,0
4.6161284850736255,0.9770600143228007,0.4246504210870938,35.88643835796394,0.3189382345698596,42.70870905428494,342.74467567710377,1.0336314306838368,3.613980619230265,1.5371040128412758,8.188699070044553,0.5517403873580005,1
15.815702459246982,0.6997352141704289,1.0148089075694662,49.349278480913426,0.426276294940396,215.06264192475192,323.7477876653965,1.0175846052831352,2.80123484441022,0.3432763686752772,14.030882243668898,0.6450523065579279,0
6.6611949939961494,0.9729288402465281,1.2506183871764684,50.061059173319705,0.21067123519307104,239.2128683060845,47.492417145953546,1.0102504273574897,3.8988213263138656,0.44622937916673366,8.506917442061464,0.9275086495909671,1
8.328935406379921,0.2804300448824872,0.18829476714751284,58.35821363684138,0.6004003243414335,226.81133328743164,59.14467895592594,1.029132749836525,3.902790083642184,1.6397955929024484,11.967106369518497,0.4518625068298133,2
6.389544170390989,0.806281831892144,1.6139277198978834,30.70726254274106,0.6023324757588867,194.82155579024072,60.22503386768161,1.0225668422211773,3.955528036474665,0.8909158847192673,12.009625357956278,0.1531005094250364,0
5.0758949798759545,1.538200255863103,0.8113244367614874,39.312117997940845,0.4135703166883037,181.29138385538397,20.050180471320488,1.0003143197077313,3.775358665423887,0.2587043713404957,12.82683320216183,0.47126177493345756,1
6.613005405811252,0.7215812226625432,0.10332183337288392,37.75672671525274,0.6012017932835121,118.68388163302811,148.0211012314517,1.004871710846935,3.328757688354355,0.7097621994856198,10.938989594330113,0.7957771121283325,1
7.437382639588777,0.44432186663137213,1.5603607028281639,33.56304673852439,0.07984189678514071,184.9595012618101,300.6737120723958,1.017558686701685,3.430315114448317,1.3080661593307,9.905778022377179,0.02381969143277729,1
11.476751441583215,1.4712603209341482,0.45097658265415463,45.892616065147955,0.016267229387063844,34.83970779553277,222.4584431865037,0.9892784269104816,3.7137583019058757,1.7311848828683682,11.236898789803682,0.9301504316062612,2
7.202940855580193,0.9961614799494672,0.5141229978031662,17.524903316637403,0.5215559851571289,165.22847212095274,64.39643522446295,0.9936321467695399,3.3903788013973717,0.8074276807438107,11.84908276530806,0.5678265740226599,2
8.183548807816573,1.1717858666681171,0.7625143324099429,4.85740320659664,0.4258583893755631,168.27159931902318,246.04556196411926,1.0097654077412397,3.510266522875498,0.8727210638271994,10.061265306763204,0.6267013085770269,2
3.871908409054711,0.8951069368536179,0.538458011914206,34.4192069156657,0.19683474916987004,143.66268013965788,397.9634490500671,1.00022260229851,3.8164896138653654,0.5384743418381681,9.480128074635314,0.42319923704929563,1
8.225201423721112,0.09680301504041149,0.29494568014432676,28.529477351369508,0.3248238636964574,232.371606329373,23.16670229761464,1.0292435645249431,2.8837056051725156,1.1263700971625126,14.807487652921946,0.14589570985348732,0
10.260020378549365,1.2135501656277048,0.211033813810596,34.972892613887495,0.2488257066353198,107.41368294749054,188.87855037802396,1.0109352577905728,3.895887991937519,1.23230137148373,12.296897478193571,0.8191678437063051,0
5.7603916283114245,1.5480457638829601,0.8460771721270006,40.561096503866295,0.2820110400915781,93.73091961858628,80.62543159413191,1.0284719063833219,3.054859182140979,1.1978739725838787,9.999421304271335,0.6761943157552152,1
11.02894061116054,1.1542814112455193,0.1170799149606567,24.39328837829057,0.35211939102161516,31.6309855654628,21.53296843371252,1.0021160812595862,2.7697866303151875,1.8702460093511246,12.461861180890374,0.06667534364001226,1
7.34714487038887,1.2931360558081606,1.1783247168632907,20.61463883120683,0.3199728170607408,92.52135684123084,25.06213507104941,0.9906438372853399,2.770850782052813,0.35737404476273965,12.0233707160582,0.31628708422728635,0
11.447810987100908,1.3573800043418034,0.567531208244054,44.65707350162374,0.3789795299227231,106.01985195207752,236.60263221223806,1.0368694198349118,3.871902136151925,0.3983970014325629,9.076766198749455,0.0007546624115384315,0
4.11697892353521,1.578801893876939,1.64775612031652,26.71160208157416,0.2090637081521983,26.386664403874743,233.03480713827386,1.0044536650991553,3.655867431536225,0.37492841380536235,10.249315834530755,0.85157309729705,1
14.539880871660078,0.5129202484553157,0.10433664288551509,54.92035788665649,0.3474642664286351,213.5056904615344,129.00109480437783,1.0196842777739916,3.850253210153121,1.4402772994547088,8.041209135978853,0.6670558793291245,0
3.995035428122824,0.7540762884782276,0.08062911940163779,50.300272537581975,0.5285855726139864,10.77913104947585,296.1099786155221,1.0089182713106282,3.4097257694509513,0.9681032286671452,13.306057687895827,0.7497531820058536,1
5.336192175535133,0.894239134998284,0.41800300177526256,59.3680728643833,0.226630427575843,262.08674734936045,125.84015134649484,1.025467788055405,3.4604405760173846,0.8947308540853924,11.0486550724673,0.43331575662989164,0
13.203665785004286,0.3086835414566155,0.5836744521116434,6.871123073660462,0.17816572063654976,30.711592549775006,147.27288002746965,1.0202102978464518,2.920927926389101,1.9534843962661774,8.523811275967152,0.717960560245949,0
4.355332309646265,0.8014640008732762,1.3499894763543185,11.08991495538059,0.3032935507154632,68.61458918103983,6.84415637247059,1.0185194971240332,3.9492093413621854,1.3666116126155927,10.703944602389365,0.9665111081181231,1
12.403084192505673,0.4954713301892231,1.3772585915646145,40.23258805752813,0.2021087051695224,50.3469726895023,58.070675301364766,0.9967174183858597,3.2230300409846495,1.5133927905349265,8.466559840792124,0.9794940505274249,0
15.54965830017256,1.3353985258035719,1.2011525942327033,46.79188731818698,0.5528646540385392,184.832260408199,183.7150013823206,1.0231470065397557,3.426665698643948,1.6859137085839269,11.038447733960675,0.6504602278304159,0
14.34736349102192,0.6005953965842526,1.370707123103488,14.353514491444706,0.3742630282976168,286.16259450169343,208.0365155500631,1.0194812582290942,3.1556165491588577,0.33216690426943196,13.888488269273651,0.32355321409716253,2
12.392955980980453,0.20252699316953543,1.2090491963692847,2.1836969878867962,0.45537069141451264,241.1975121990644,88.87490644887403,1.008526503022669,3.038388816238091,1.727025577184112,11.55867829854142,0.09973502823350522,1
15.397967890562171,0.09512812838098976,1.449185820255218,56.77446364944239,0.027244401903698034,20.700392450166262,346.0295893890861,1.0042040714121585,3.4029481591199775,0.6202159727223946,8.615307359766732,0.8956856782857604,1
9.000741388427642,1.370815231315826,0.7710919170961497,51.33718874587691,0.0680308837747415,33.06438646791065,241.8639800725173,1.0305320531106013,3.393129115343065,1.2825880933663492,11.394735744282627,0.10872460313209598,1
14.361834863293868,1.3682685706991926,0.4588873639382827,60.659033235282834,0.2517234934117565,155.45094732007345,308.2642052186853,0.9960791701826336,3.985143068224546,1.1703319015797158,9.049712171896932,0.13619038189142418,0
8.107087782480736,1.4811330583599294,1.044900806700486,19.488340504771195,0.2601524927258856,225.60393587337182,144.8696967877095,1.0225431042985391,3.433865495808171,1.5592506621094173,10.512878898639968,0.3372242591188932,0
15.050140200136546,0.188818299459813,0.6051844640835905,33.83618986360049,0.04865350265252547,206.16147104188212,254.4524093602169,1.004271965297461,3.749128433667291,1.752937759067735,13.207625564557127,0.9166326589860743,0
5.600209640529453,0.6721379738312708,0.11228768478133408,47.9890937125493,0.487285584142045,147.93809338410153,92.88291095769374,1.0061667808698809,3.7532298088735416,1.912381577236615,13.810178531693797,0.2874610158623495,1
15.17435108063211,0.7222909153084197,1.4206879521388303,41.40525396122401,0.34841354651272705,8.386543276393322,169.3927002488148,1.0095035752981028,3.562640726594573,1.4960682866712876,8.407327467581696,0.2546062077479381,1
13.875865987126875,1.3713256761127524,1.3845992211683638,1.4104028819493646,0.3095898433632038,284.9583211582478,256.83960254243243,1.0338662231244666,3.0879507910820174,0.24255488870265013,10.850921447975201,0.13534165724744374,2
14.037263542177218,0.47213058876580377,0.8238791376031215,33.84309541146555,0.41564235622307133,220.12311143372636,127.22495379946018,0.9879799612655719,3.8383188383278215,1.664271757577303,8.662004664200959,0.11525752171300818,1
5.299468420079727,0.5333065970045686,0.7735867396398206,64.617404424643,0.4260433705924245,177.1615068415088,103.9974804819714,0.989852254449129,3.4721343792125117,0.26416432570389914,11.432842953015806,0.20078349242938176,2
11.017491469935017,1.1790909037815163,0.19731973668738723,15.748231832910003,0.20818106543666132,205.96363758422044,227.9321805617469,1.0209766309348718,3.894348418537315,1.7928373628250862,12.57051854158695,0.021005175933140663,1
3.9983490185987693,0.35007873595225314,0.20898993185818784,30.326652719335836,0.29559794164269154,172.7900166322673,277.71833518858756,0.989340116114074,2.8050157874327364,0.7329604623675565,12.372341830292891,0.3136181131977641,0
12.526330829212341,1.033062254265729,1.3242792391394553,53.24986678672731,0.3588565656649198,203.27987173036908,339.2222044341617,1.023176688757561,2.8227427086594448,1.6535603956951823,9.507780736375452,0.443589220780222,1
3.893623920923438,1.1933138524940956,1.417656478240251,17.9510092280399,0.011673506229617454,95.9996482397969,341.8512442925315,1.0191955448858958,3.7256676345821553,0.623228874030915,13.158372076729158,0.07931497823984357,0
4.826349557087327,0.3506801985751379,0.009431327969446032,27.116058977740696,0.09407323154414422,234.3260609846356,86.15559425573485,1.0259173393406988,2.8949726697410036,1.4725598500586434,12.156743858412138,0.9555874982800788,1
6.528530766445286,0.41291715157004305,1.3012763796976354,45.61749194550315,0.24371188478858113,20.64026625745893,33.083041861012646,0.9873947152051892,3.2322463403015362,1.133546028258567,9.195767062103814,0.6772245145029275,1
14.389006859866019,1.1297138719219664,0.8897104914840357,29.93301815293305,0.035983671865769784,140.16587214679902,272.7777115283221,1.0049649403455871,3.024995850874915,1.3197025752476224,12.013208075823073,0.7720150054499727,0
8.199273447650121,1.2717564763335882,0.7260030952036196,62.805685171687976,0.04171087191780691,276.94864855066083,418.2602315169316,1.004903271923987,3.3637991432036625,1.4719460187840645,14.894474276543502,0.165751696536373,1
10.333515216071959,1.5100322403837227,0.7893180608881046,56.03276301320001,0.3187996283119211,165.35898363280216,407.6054413655946,0.9877325829413777,2.9664694220843066,1.1021866047018534,12.247166930161795,0.28950556572177844,1
10.67404888720964,0.5429748460462817,1.183662356253884,19.506644103956894,0.3784541785355543,64.89773370620921,339.8049149238079,0.9966562894469102,3.8609290746258678,0.5365553324949779,10.899758023766463,0.5813433219697308,1
6.528106659702115,0.9029503761716849,0.003967752491894121,0.6363113693632393,0.15497820614809152,157.5747649936661,102.6530358245611,1.0118136333277854,3.935612872858651,1.8113565838811776,9.376996568366076,0.49867403766819296,1
10.72297589261198,0.30021913333855027,0.10406960895850352,35.56231570216674,0.5482956985029529,72.66378660652668,105.42724083169261,0.9963309293007999,3.4757322654595377,1.3333470291698384,10.373325113869793,0.7624385431844923,2
11.7975167198582,0.7353427389888334,1.396616424930585,56.23253311489353,0.49610453849917696,96.4995390257633,248.31993452179304,0.9967741030222425,2.9876550540158924,1.98166619718789,13.04641942953219,0.8972703272967023,1
7.408769259139687,0.47168102685754254,1.6561008065649856,59.87836729885094,0.5263113388292586,1.035916858399112,115.18821137304583,1.0187119914522247,3.6312047807750187,0.6610902914692237,8.934913147397461,0.27222376128045045,1
8.865384993658314,0.6032002705784677,0.4010307139196375,8.555903317937986,0.28410271951280913,256.21122784938456,288.42611140091094,1.0019758785584394,3.6928688509559646,0.5756898487320803,13.16917031236277,0.2525706537767958,2
9.282375987008173,1.285048398134837,0.664194946146891,58.71941543361623,0.5001103968631546,39.1682532149824,365.4617013073247,1.0060580094468494,3.187921389737791,0.3322586475941717,13.311771722771532,0.43130583834428016,0
15.081443004659189,1.28484458629721,1.165233334796433,33.04853071284092,0.4114420790727772,229.17044739038838,132.06704895723652,1.006083541052532,3.1993714412429948,0.7936860227667514,11.973968204789697,0.7364761928311493,1
10.90867434450198,1.136758518892548,1.1035408910942552,64.44394656528331,0.06542651144920535,216.70732552332282,396.83615066221853,0.9994646359619943,3.2870479002379924,0.9309169590508334,8.568736680426197,0.3359565252241653,0
15.273853696579511,0.2654589627081026,1.300997549873886,52.87158761288654,0.017098316219689283,6.576448136150187,192.28789598534578,1.0042141654630163,2.805236690826667,1.395999321570794,12.555244326078252,0.9529496928830015,2
10.528020520558279,0.5060376181231915,1.51744201365203,11.461887038962857,0.5748331860623342,6.210327687104538,195.99932635485993,0.9986829628583543,3.243806789264863,0.48451567949505747,12.400096433910807,0.10283862581095327,0
9.856793192274125,1.4889437339489442,0.4383563839254618,34.95949924906101,0.33378634059762874,99.70164290975632,294.3352581283818,1.0090368002698913,3.0810962068793186,1.4123989324282886,11.640302210584622,0.2575867789450367,0
3.842739752691605,0.7587892265414569,0.874945341480682,58.059311782240634,0.4507318274794988,97.0614908082904,356.3371274806562,0.9980818113898308,3.0807491309097026,0.9752682454846874,13.591529213290595,0.23943505606535742,1
9.618757430887042,1.0127671271868757,0.23322002114497675,53.6375548215461,0.10631519052261625,151.2410916705145,316.85072990613247,0.9935689995260084,2.9194618387831257,1.0212871143851376,9.07256955886823,0.6618549574281225,0
15.022205482608086,0.10746358253078207,1.610716693237797,63.720951173181916,0.4293122969620164,34.80555535147447,238.62324022348687,1.0272079117111368,3.307960760067245,0.7573018093911342,12.97633802805263,0.5013444287191814,2
6.200224837223302,0.8570300721613994,1.2572835076604245,54.99049829979821,0.4008674211943331,155.66478198413773,368.2908704423227,1.0331771122473874,3.2765847227897433,1.4911941753565607,12.934343959160056,0.891910098590165,0
4.430302726112936,1.1137143052582907,0.3110024870496241,65.22272799138693,0.5518279388990762,225.22851470279593,416.5456269527848,1.0338032221003048,2.9581640788426053,1.512473023143105,12.73183547721273,0.37536870974527825,0
8.72202461103381,0.16832267424944114,1.2281562168175175,34.80511160042518,0.1917311826882965,219.1768208047054,409.9601183734402,0.9993173296134864,3.0991968016346796,0.43521800927383936,14.027156891424696,0.30104245421169984,0
8.305997415188756,0.2529267995677088,1.326064068962794,39.47666817021029,0.22787267282917031,236.968275508471,137.85050356768036,1.0287127474959548,2.818467658102859,1.7469487130403447,12.330670884992408,0.15695862345047162,0
14.171552000242048,0.6325539455749477,0.22650460708967596,5.154279294232762,0.3789874390548026,199.256184055258,173.24343412215026,1.0099295631291725,3.1633584965410675,1.9779123998493873,12.545104589046446,0.3435445109695253,2
4.121994498275511,1.4966881449176481,0.8287227226326485,26.292806693464133,0.5385975666000835,83.49540005272534,341.2895377693496,1.0003127927429432,3.029511955148051,0.6245748768311433,13.650534643994945,0.6025218643068768,0
14.93380568008396,0.4531970056176488,1.3657443256434192,21.171130254321135,0.17074412077816206,241.33471185526372,308.5625381034731,0.9964815878869369,3.3982665222789197,1.5099864935828233,9.245886474017793,0.18171425982868528,1
12.038926287838972,0.11240400896171436,0.5763029092762404,60.38977041954019,0.066593750926152,178.3206272461176,307.50928101931726,0.9906233725091489,3.0426801704242354,1.9203696449100394,9.060988967747525,0.526373218625836,0
14.741134528177035,1.293917708648445,0.0837883980312939,22.19593208651911,0.2048124056370838,77.59902069044308,349.4779558838212,1.0130666436160065,3.3291167707136036,0.3261503104789264,13.608655605236915,0.7416475685721383,2
11.15110175692973,1.3538725657735822,0.5711748044042063,58.37474761181269,0.393357522187062,106.98500048686321,312.09295527547835,1.0198543983561823,3.7800347779063332,1.9985804020872562,11.881862715430204,0.28030605151402843,0
13.624635080477105,0.8850432514214331,1.2980857243688226,16.195751982725156,0.6094886928226086,150.3737228890436,125.79887413841372,1.0270395548288513,3.603039877825839,1.8992149124646902,10.482610470617107,0.12807742416210166,0
7.860080869825363,1.4195708283417838,0.16666309701461937,38.54584569443554,0.11344376750542629,9.263346924423221,251.267892204497,1.0260479730111423,3.303465515869719,1.508438651143456,8.861282699436067,0.8690454411582222,1
8.029751359133474,0.3485511119908768,0.5150109395871706,35.45890452456962,0.49737769191874376,252.53593847407478,153.63521761943062,1.0301051596496464,2.8552139832805477,1.245233607603928,8.734829780203217,0.984423002370736,0
8.517478186972339,0.4920029348153327,1.4169484455422592,7.019678840367512,0.1442733549606443,117.62579005567994,135.87995403572276,0.998955214321851,2.756831081601713,0.3798352845688041,13.554859667613309,0.9154929783393522,0
12.933044687030677,0.11067460235688802,0.26881263266928695,21.277949237180636,0.31870687581023244,108.73404235952049,140.87388603864716,1.0274055027318811,3.643834638917195,1.3963784050544292,8.585837501699418,0.24757156154068816,2
8.268423210586638,0.9551484226360879,0.6451623062777122,64.87523452677537,0.45985378230955565,57.035118176787314,179.06045227135786,0.9965153034980944,3.0179414958339956,1.1821184931846689,9.739011889033572,0.9892907039471207,2
6.730859658556434,1.4110831226856502,0.9199472302681643,39.3600792506165,0.07400596598457082,140.04021253469335,189.48179901519833,1.0207286713315804,3.8391200164598382,0.5212551113005758,8.770529633741983,0.8035942079662934,2
15.145787117166211,0.9896018883788237,0.2953791077752762,54.49157175905662,0.4890493407694198,70.54929512874472,130.68578639708142,1.031235056069911,2.843126004292437,1.8361620359339068,8.874340713297796,0.5371659443503466,2
14.786934112322786,0.20042873053107063,1.1630858566566369,47.51022705476168,0.05612446033784626,240.6517396606732,285.3107541981748,0.9872416343136869,3.443213522792223,1.103707237951673,12.383780170110605,0.6811800559934678,2
8.020447524652592,1.119835315832327,1.296969456543212,59.301457714094155,0.2044001936988825,288.2258741899904,339.964151793196,1.0385204076781291,3.353324554995775,0.533136325179709,13.370899644197088,0.7722173760842985,1
11.479120650122372,1.093910919262891,1.0534089714940198,23.06034896506597,0.028856062757081198,102.37942707413036,247.6732891080179,0.9887356604696063,3.7197623825388715,1.6225847983645505,12.078694666967753,0.00035994305503384005,2
7.1134907610022164,0.33011631526970586,1.4306007178548954,15.013395139428324,0.5168431319912405,45.10649767128852,292.72719480035875,1.0204928878647417,3.874541034564357,0.8865996457043198,13.785344980082256,0.5957544970867654,1
6.293993057434186,1.3234764363208138,0.21696393366799244,5.261981129628422,0.37152593744896745,17.24251567274031,99.64008929560102,0.9944337717462994,3.172606778242348,0.8783061582959621,11.882046134430595,0.8318762322416007,1
7.8697083008612125,1.4485855432717352,0.0054696734550252766,55.48240684864088,0.10872772078542914,165.13412170490727,304.73596354742466,1.0388774197735968,2.787433525449785,0.7783302584602949,12.788192828471661,0.06927272130256379,0
7.757908700647565,0.6675486286286954,0.4431208809435285,34.68806091181441,0.07943729839780618,217.95855169557092,436.74518121853873,0.9917268371003679,2.9730344990825444,1.9321009803952847,8.019368335649535,0.6942815247522555,1
14.475540824479058,0.5431461750454375,1.3944589872494124,47.49763769531191,0.29556531023234733,261.2056242049406,158.56668937297079,1.0381088431916794,2.921253269333885,0.29472234835900835,13.263980217476101,0.826716853431126,0
13.749876158157079,0.9420106277655869,0.21077538934972345,4.777876711439161,0.013397799195916126,18.552105571458046,91.71817081385544,1.0083084084076674,2.857489195075328,1.1459841635672043,9.21944204353198,0.4030947867959337,1
12.386441065565084,1.5387757878843689,1.2679784222433466,55.79453347548121,0.48588255240586475,276.02541305906595,132.49933155974975,0.9965654148513068,3.093891132379458,1.5713992515311783,10.27357836163432,0.7314323652209814,1
15.408077225632653,1.1674446786193458,1.5426390509182635,38.59176678001305,0.5921629026677995,104.47579025770773,103.45341401615609,1.0003367028048737,3.4755613081016716,1.7072848427564213,11.415654075203307,0.6785446313285276,2
8.912774572607503,1.2650938286742526,0.9308817286580218,8.280183232107671,0.030201011143698407,18.714222940495645,254.8114434652712,1.0172117339941815,3.2788674101854864,1.1834139536219679,8.68714737296693,0.07867290997976306,0
6.764899766523683,1.2328752079440646,1.4658452866804426,33.101352248936884,0.36166602623854843,31.132596593909945,416.4299984950181,0.988298759850022,3.833661087148384,1.587624382801853,13.526617711650257,0.7146532241605095,0
5.220521090017019,1.5154909359087878,0.4118535416481134,39.531531846990966,0.3771324884359311,202.69956062037755,29.93463117228256,1.032684935939987,3.336433843543078,1.9527988136330938,13.736236638883387,0.3484851229149585,1
7.442745634234518,1.3042882994700782,1.1998841587958753,22.81723299117362,0.015174492857312339,107.76140929122967,366.70244983374323,1.0050031725099915,3.105232691177989,1.2037080568870333,8.816154693219673,0.7079111797450001,0
5.5576911810424905,0.4824713572950333,1.2950207217962681,46.964773553768225,0.4699323383954457,169.59699653860073,162.85332464196784,0.999975240829975,3.939790573858703,0.8339705574791045,11.361238239631657,0.628775975869667,1
4.915451778157277,0.426951578002857,0.8092412007531963,38.502955416487055,0.16520139811088044,249.7886778121263,158.68735880727226,1.010436029631524,2.764488625448791,1.9914420003919573,13.927163710614561,0.08337661148920827,2
11.095479580153771,0.44313596717679005,1.0005700134440452,55.3949810330051,0.4018160319363715,125.02302132149015,167.82131830547064,0.9948691397481814,3.561201172800522,1.7554952998014461,10.090184012364073,0.13822700808019583,2
8.206668142053008,0.3994023612339157,0.14756528549281378,56.89912888608833,0.135484029744387,171.35596714382095,269.9893913568898,1.033593827926757,2.93940630061827,0.8450225683615986,14.402434998816867,0.583813760029143,0
10.631301145413339,0.39239511221867657,0.4587188436701176,4.658202822615025,0.06178180837701637,250.35047822941323,72.21682643805877,1.0385727881483235,3.3773249329747372,1.779457760011392,8.910052110550724,0.09295086931828977,1
6.1151622207187355,1.4817535665445953,0.1274786847620273,42.750517534976574,0.1598997427623943,285.31683400246095,404.65862278003976,1.0071686920339051,3.9121161709565713,1.6169465437948298,8.606796682528639,0.3893193036556426,1
11.990560901798403,1.5074936652738224,0.39747197997690276,47.71424268106295,0.5371059396846438,215.60250405574715,172.46799999259952,0.9902600805531488,2.9863856876547223,1.4084334153036036,8.976330197477804,0.8502070837814778,0
6.407615912035483,0.2147816065950094,1.48166920252241,9.898969508002434,0.466565582122328,192.46286030314647,317.76289525521736,1.038501844683539,3.1320698493190617,1.2878919842884646,9.222262043307229,0.904057968215577,0
7.164085484302836,0.17611152441853622,0.0512041828878934,58.20083765968347,0.3043811102805349,104.7742760848814,431.889065388364,1.0296088972405013,3.179019087796259,0.3775120120121327,9.654278764580646,0.06746439796774306,0
12.775301107953009,1.3655454807574827,0.8247381746012743,56.44211813899217,0.0788924724166559,273.4182405986785,270.45694577538995,1.0191622216858454,3.946626554333963,1.557537550457634,8.785095452220824,0.9752996322676956,2
10.572828537301014,0.9256127942430518,0.867625544090828,9.6949023201205,0.1358227683496364,162.30918515220733,366.95709391688297,1.0311116070709612,3.548682348792906,0.5192600599325454,13.89846046620458,0.5005911416105194,1
7.851520595690934,0.3973494779370988,0.4743823313240237,58.19001790083571,0.5881654604149431,112.1441313287261,100.4614849443548,1.0227830998705274,3.06519951554691,1.6060448357465906,14.63182289629936,0.568801917355461,2
10.370164268796842,0.772725028800107,1.2974948740201426,42.7611035954277,0.09362656006608905,122.3270284282703,52.91201630110908,1.0208087616175734,3.675522324497529,1.511510862014433,9.342489460543632,0.536976352083334,0
12.197214904584737,0.19061944851602747,0.9786426955376467,51.8982729247034,0.18210028524288754,9.464494618937621,175.96685520468176,0.9933906491944001,2.972894209163573,1.00466978384239,9.529413491995836,0.7830541716852142,1
14.836798669879311,1.5533250251981996,0.3241066390556067,52.665518965875464,0.34234641729224297,207.60043852653223,154.46214383078078,1.030130645861679,2.9570845849404632,0.43690995091995566,11.802659435813714,0.2421854764542506,2
10.826629882072893,0.28992714798575964,0.7821693165012236,11.15144866611035,0.23167249750025987,207.43243708901142,56.06960887850382,1.033253339817664,3.061413710095705,1.0125841768137587,11.298502481546063,0.8614553104623935,1
6.615505184603859,1.2898300025579843,0.03879160713920227,4.686239406551573,0.17101184676965323,92.5040981189586,224.26572399754082,1.022184337228544,3.9396291507355503,0.42002517387589045,12.598760019940034,0.9023678795747047,0
12.835041332395608,1.5172697277572862,0.029725132773950183,42.13161802887964,0.41799913542184625,83.5637561119052,338.1943711382964,0.9886782293702518,3.0286404254378687,0.7539619333186007,8.63106078115269,0.09485618532929396,2
13.21100511241196,1.1465166690383533,1.2199109103830457,22.588624042050935,0.10323799075379439,223.70575991091576,101.70584010429151,1.0109962003977928,3.5941091315756246,0.688746168251378,11.275286954887639,0.6584299014765427,1
6.224855911048113,0.21282646149184692,0.28595820532428523,17.581935215920655,0.2932586450835201,64.15053631918487,162.50162508478567,1.0367834300495864,3.3932827957399097,1.0167800912474037,9.113919396241958,0.5736915640786628,1
13.728948058102421,0.9649774705566977,1.6076803212358168,9.067216177415373,0.078632652797129,187.62654348714344,21.990340778924406,1.0333228806919244,2.920477186387435,0.344661669646255,14.440340288161488,0.3067790653209743,1
9.425711742146202,0.27382474987314576,0.5946291350287405,56.63139242992086,0.1822208044577629,236.59262104182818,207.61027373927195,1.0315569904301658,3.630688607356128,0.8772145666748468,13.609362786719533,0.8682911317647379,0
13.235176611276238,1.3804250491624601,1.1598686901634885,37.857376484029466,0.22542297041597728,102.67643788618348,416.40039968650274,1.014598569773578,3.2035546952959253,1.4095635984987513,9.987933064058224,0.9435270111514528,0
6.673486461858017,1.089239534308829,0.7677101681735647,55.15348611338739,0.3941016472179975,15.256643429694002,77.56693646098802,0.9955797315329591,3.8742618423571495,1.471128682620159,9.483436205500103,0.8407407498203623,0
7.824221263583885,1.4930842235495927,0.679707334109328,36.90016318965579,0.28473155074677775,104.09749283209717,55.54534164141918,1.0078644882354333,2.759765485847567,0.2397983620546793,12.42789886515091,0.7636871382843377,1
15.339735143429,0.2988287853776612,1.1087732335220566,3.7630495362526086,0.18040671897888919,195.45623256379858,61.39279221940032,1.027390055898506,3.19872598653372,1.302089149389067,8.60264374488138,0.33479229165724045,2
11.759562385112641,0.7605265369215307,1.0392550114340873,14.912132213139023,0.4208043390656715,128.2229932129465,236.74389932420087,1.0301335166599184,3.224769555190638,0.6611841747115114,8.380419376091604,0.3122317295536262,1
13.151821749068656,0.895344685962444,1.4555929612775154,53.881629690537885,0.29384381380209457,267.19015631474645,164.3076569610224,1.0361131784079132,3.52271852623562,0.9512672125008207,9.602189629112816,0.18621095904562635,1
12.129329552969612,0.24250704513715876,0.14013943071272775,13.070122284319444,0.4444688136496268,151.92785375147773,321.41687939128593,1.0123531875788883,3.481849094707012,0.41341304955284164,12.950508335187711,0.9323532647224216,1
6.272079825966037,1.095358537905675,0.8408809032480887,60.082753299036696,0.24111784167013856,280.4240899167402,366.30622820738125,1.0212273295098766,3.6348638190045044,0.22170029000104327,10.794612328504183,0.7786188509722204,0
9.495333856203167,0.9296534223823122,1.0087571500343804,21.447888420164272,0.4460349721055769,192.05859163128585,33.775251377244444,0.9948182069478316,3.9731882774207437,1.6289882798427113,10.048042380389418,0.9388924858944975,2
13.588462859812601,0.6020630883312675,1.0787518728581411,28.138902266521516,0.3516864643277287,236.46736044908442,429.1393532036379,1.0196591512238329,3.8676474764600886,0.7309568115720323,11.544371067721144,0.017955245413960208,2
11.9679250356034,0.6993760739051963,1.0382968963372359,43.76637595481111,0.1579129205305525,184.87563185279203,242.69922251742648,1.0155661680131767,3.0852802212010255,0.5209070001504426,12.809495261630794,0.7133460499963691,1
3.8729374164049046,1.2743433764060066,0.6106206538476499,52.763835681012864,0.3364663822118237,146.2404718793738,310.65435033252487,1.007038622642316,3.1490619425185327,1.0389770682997757,11.722200304598005,0.8352530429937305,1
4.857633686099156,0.6146198342104549,0.05158797055441687,50.51649008535245,0.09040409095787938,165.28435083564847,395.2767359652351,0.9923813930510247,3.1619707656060068,1.792971131212656,14.188420619274998,0.4556464112163098,1
7.996216114584069,1.538949717672019,1.184404030992625,53.828303546450606,0.01452599878529711,238.42759614232634,129.0948674518512,0.9909214990170615,3.7997187438304256,1.1170684163357913,13.051822685290567,0.17001898398498416,0
15.226823029384942,1.4572769503286613,0.07277344533661541,33.827742937312046,0.42506705947164425,163.4431262415987,204.60858180854183,1.0101170533284127,2.741477419189016,0.4371066402912047,14.449763471127987,0.8801924777404488,1
9.743404819792461,0.19712917518573708,0.7813859088872259,21.587665012011005,0.11606042844131291,267.0893856946913,404.0548323885014,1.013663056489421,2.8596934229179043,0.675197667268347,8.098510257939978,0.5480348299749002,0
7.0691328359070384,1.3586252395948244,1.193744510764148,14.612939483723503,0.3654857993641499,88.54595630654751,145.7344958182003,0.9915877105586524,2.851599572318257,0.7740172796820324,14.22380334235775,0.13727400144517243,0
8.16112700538989,1.090668401717777,0.4540292500698864,63.1402455360395,0.2895322288095965,122.35354794326256,420.810022269109,1.0011338017623181,2.9542715648405884,0.4058800687514881,10.136920299419183,0.48746544792665336,0
6.348896793404165,0.16297924547830528,0.046148956077655665,38.00650280502886,0.2715371956822354,135.16268853180668,283.51122253237645,1.024731645228091,3.4436231809220663,1.6779690056772474,13.398545431479626,0.010264778349253434,2
8.896520691757154,1.5130492052267515,0.1539159981517274,63.776714599082005,0.19792522862046114,191.23424440468392,288.14030779885667,1.0278238672014979,2.9320393088069623,1.1944358813668827,14.74275474564181,0.6868125616631807,0
6.438228818548643,1.3302304706004302,0.23091609923758163,32.7679211097468,0.32331028433974957,225.23519499036564,45.51873501168298,1.0245615645690926,3.759922011792261,1.824031207823025,8.23341227306597,0.5691501832785909,0
14.033605338365426,1.3290259448846848,1.104062777963132,25.059717712807903,0.5942997248046461,182.370341387918,172.53736842201837,1.0016281304723227,3.7741403546334125,1.3177580480209645,14.803419603172362,0.6092277206152849,0
9.320874248402912,1.4534674881672618,1.0848606762058375,40.45876025482999,0.47019037590182244,252.2590867562675,113.21154473299784,1.0373076683759326,3.1808897912778398,0.2660991931403627,12.089152010552372,0.11249726654616088,1
7.18560442307282,1.461626451533194,1.6241407759045223,65.35058110065225,0.2580914047423779,279.3895077123828,217.17282938392705,1.004107551448751,3.012654395382447,1.797059333525917,14.05547332539686,0.8738896086865319,0
15.087988942511927,0.4086192971966241,0.5376371173883805,56.97934417382576,0.5341319469722413,11.346072553432759,337.8379601155963,1.0311103672178812,2.9226182322004495,0.42990900306994484,12.463770108298622,0.6434180323425673,1
7.6036513789132805,1.4860439143270632,0.21807548436442553,27.303082086846306,0.32609951064968634,1.6996344982017462,322.9838396828924,1.0226317974300083,3.4203219616297806,1.2978351562221184,12.482861278481575,0.09122180730658835,1
14.807547410724393,0.15189519407618135,0.2864022659300917,3.4034317190535837,0.6024798936364623,73.02865572538173,312.83214669244177,1.008580197086381,3.3584739525222833,0.8562537142101818,9.022117739749095,0.3424866478901808,0
4.325358900740352,1.4021484581562171,0.053391203974856624,27.246738156337756,0.593374261595326,31.25467403842043,116.47211805682656,1.0043909249553107,2.7475326705247354,1.501001706418659,12.759318509464855,0.6368308177908933,0
12.356092229238882,0.7650687836264534,1.3676379553778075,50.06587134674491,0.02600020052435851,234.5347761049909,309.9224234425377,1.0186511153387,3.130782348177183,0.3624830447694931,12.979520010729264,0.9960185745118622,2
9.655057372318979,1.3267516225496228,0.12641775975511735,0.712334162441118,0.11403297913797024,233.01304216799383,213.23194589037445,0.9990866325673252,3.376017916484545,1.63073659424032,8.667680282578678,0.2581368391664076,1
9.175074842068561,0.4895619478159463,1.4834757439366109,54.889931247165926,0.5137524598632895,36.10675531567787,218.2230091657935,1.0106726404928301,2.9339591788591433,1.647949960002779,8.597606146778466,0.19210830771636478,0
4.239512466658977,1.2122945782136185,0.08040589016334157,17.573697560578204,0.22834339148856467,148.42613084904582,275.80675756129364,1.017860841409299,3.089479961113202,0.6289788683410924,11.024744942214063,0.8013841960205557,2
4.292266604945712,1.2870498587768586,1.3500977154740732,24.472989042292397,0.15744906021586993,264.6729588352811,66.73947905379322,1.0256006338132313,3.679378508743622,0.5089469829750735,10.175129635101046,0.39897198283937985,1
7.826318766449486,0.20140605737559975,0.3249542122610843,60.6285560372883,0.3320768080295116,42.26794767905096,410.21036407279985,0.9985958678823674,3.228635424957061,1.3579287202963073,13.85285973714094,0.09316203474355422,2
15.260146432879942,1.451621691128963,0.03831798574602457,24.99304099425384,0.4134256231770559,186.84888191307144,275.4976509566795,0.9906282683633248,2.9563562068605385,1.37625551940161,12.535511672918267,0.9831557036837623,1
11.273685723087763,1.3058758962088335,1.1645651325948436,31.77790245937552,0.1991424277126534,215.7283631419902,161.31273526794206,0.9967988394236895,3.7504028603899684,0.7304152062933609,9.22233968626352,0.8033685925535963,0
8.263385584339215,0.9731930447277644,0.0043990829445829235,29.542488027462973,0.5267901358253461,263.47522852464004,256.9657272569066,1.020144848348118,3.5481083719826336,1.1848518150562537,9.363643504853847,0.0623019679557405,1
11.204922172564357,1.1418940999257647,0.4941319466369136,24.26187683261926,0.31054341110298805,171.7805028651585,299.732170867132,1.0287931180230232,3.5360729900849757,1.7901606815356605,10.086567096708164,0.33462112121547705,1
6.294191589051254,0.5987304248775291,0.0947738901418519,5.911778677498238,0.14842245517502314,145.2026439629338,380.43904885949144,0.9984536482088311,2.8435556981098262,1.11662457398421,11.925758553837035,0.9472533644742407,0
5.797303958219253,0.7858405440031037,0.2014688620489675,28.236185754400125,0.415277194110934,134.6402377744134,228.74129220611397,1.0162071193324291,3.260559293931726,0.4107302916152705,11.466170853034985,0.24978273537528228,0
8.177988912929436,0.3010442509519119,0.20818135108471525,32.75324444612553,0.2920258209510491,93.49051001049646,304.23070047672695,1.007321544724382,3.0482442744518727,1.7793730804560028,11.302724703625893,0.4147800705131023,2
14.246575553639225,0.8298609288336767,1.2004959668424673,14.83355115040316,0.10001748591009081,133.8887998438473,139.9136499844304,0.9885042267013411,3.4977409676062434,0.5186051988780397,8.215695128049726,0.27511067217626073,0
9.963760900937709,1.2542320192154441,1.6137768809495303,54.43247159074364,0.05275390941109116,53.180494886814955,174.03937805162622,0.9918300105040737,2.811408228758959,1.243753297473542,11.73826867784484,0.14866292526794167,1
7.392508344287952,0.9175946276798145,0.4060139062801469,32.84639092626415,0.372751915948781,195.83987709392449,39.45190579590038,0.9887460189341386,3.5989728513091475,1.659901124910183,8.136834202466636,0.010079326007163436,0
15.298044663336725,0.2802265939849613,0.6621842821369401,16.154669665087294,0.04779328735269016,62.58550453074165,289.31124259941066,1.0122376952810166,3.4907918658265227,1.6447162906416406,11.061009079113536,0.0951181612912867,1
13.673189684971426,1.3243279878546472,0.6214870413382927,7.143731048552448,0.5949535061888519,15.376618973279655,291.0000828049662,1.0251377691172714,3.2263007601059686,0.6786562489788145,9.431499685648452,0.3537451306747651,0
7.7079847079093575,1.1869801512926461,0.4262833399302482,38.27431827933869,0.13176335231193084,136.35599904931672,32.965912383904936,0.9902708664877812,3.26388010603282,1.1918460311967851,10.103839498147622,0.8951309658584989,0
15.56238876725871,0.13603246304147548,1.1830882649938763,31.802567033290902,0.6029020955876262,231.34915393095184,179.50473938074305,1.001453428288671,3.325079258606991,1.1851457232450395,12.50217887146965,0.26712902026409224,1
15.74694828374773,1.2873225216719306,0.4503786741415065,47.23264209187724,0.2022192286268731,67.31008542408442,47.761621887435616,0.9888610795150896,3.0322467524833794,1.0289948737464936,10.733963404246207,0.337347490597215,0
8.744787618323915,1.3778667279645458,0.8539282598043438,65.03917988472378,0.5670780180645683,234.49702508557286,250.7247546119408,0.9970971373281633,3.3137867913766343,1.9358232313813157,12.076046016004057,0.7821591759470474,1
11.736669544950544,0.848569345163895,0.2153854543583881,13.668229145738952,0.3919602153937574,208.6543140656552,158.07540362180373,1.0192059848091364,3.268808130619732,0.9124347083629182,13.086664980782604,0.9285687465164544,1
8.70840370125986,0.6478907184896873,1.4076186551705856,48.40210094307413,0.06679919593553015,181.93964324872366,340.5662989103053,1.009790965494407,3.6450911724179975,0.7114547774202119,12.955720249746363,0.15931886142555107,0
6.913912079460911,0.20521863771981685,1.1410386362377751,28.734463959765527,0.1633742148341181,170.74779944436847,187.43161842926085,0.9999640666966811,3.3193658507839046,1.3738767623313042,11.726832932931394,0.0066558407996509805,0
4.800097379598406,1.322413967461612,0.8943392815180768,26.37436042211863,0.24500774330812156,79.42279764786451,437.5079650975702,1.001364859939158,3.4370110008606702,1.5418837400053915,13.9920648522908,0.5711876659457155,0
6.989685188025767,0.08548829609671336,1.0193818889690767,19.44073143992893,0.2618497654645615,139.9487061929708,313.9952065333587,0.993677536557899,3.3549835149906655,0.38305387545671876,14.13910257495616,0.20901451780857494,0
7.0849062274679175,0.5952300438891301,0.3724538286497923,23.91240524967699,0.34847210030085274,72.3687984974024,118.21208946712484,1.020186595630636,3.561244279550893,1.2664791100912216,12.625409243644107,0.9863114682109152,1
8.623532864165988,0.5716028098918772,1.4011326867933525,8.284049728051897,0.36706001083486745,42.7637472332423,57.983044763984,1.027444466787913,3.136400719498524,0.24120275821203174,8.531932719991957,0.9344601846271324,0
6.037120975406235,1.4480184926559456,0.20319930655231272,30.291637686660714,0.19595847249781878,169.2980318732327,320.84198056125354,1.0172345527154063,2.8249802572931935,0.35906812179635295,8.772058460203596,0.01437977361284093,0
15.341202680105166,0.7539366018117793,1.4627130165236673,38.90995665086274,0.0624373171439161,223.1359243218149,148.69504402346217,1.0080125941293068,3.045020440274117,1.5508048444537126,12.215314145347648,0.403306396485668,0
5.044846613112006,1.412986307605935,1.0178126448459142,18.826169458396237,0.4249379648831354,127.72385762579533,37.85942303230085,0.9962519435951803,3.6594088148124477,1.6565043335620728,9.605742465783727,0.8403080779839253,1
11.3650232509795,0.21394285207091746,1.5610156032777305,30.1794235760202,0.28751664426858187,213.19255405772853,256.574513225294,1.024831741491459,3.0609539457969546,0.5129100471757256,14.57636976282965,0.1377905845940368,2
9.14453839535927,1.3491182262174426,0.47835062187763383,31.376920321062162,0.4206463204504616,204.02507384526166,50.668426491067194,0.9922803672171816,3.736055781915987,1.5164734565673015,9.599359105311873,0.7620667009096711,1
8.924568392616775,0.9985675318905008,1.5527329451733067,43.60588853982941,0.3511198029704781,131.26417620842759,114.17923638451835,0.999446406105671,3.156210775310277,0.3737292946000084,11.4751099378723,0.5473172011195095,2
8.301100573383781,0.8868786229693936,1.0595895020890957,38.64603352896584,0.012799180234452855,215.9508925895472,209.63997182605377,1.023548637967305,2.8684740768097554,1.9392933200626943,8.534172694478727,0.22683903416675966,0
14.306607993086597,0.538933744562401,0.016580589623216676,62.11526046426241,0.4919970158324182,92.2557688933727,342.8473766895614,0.9891315481510212,3.0092375921430743,0.3032340592328401,12.183513953058917,0.5956584485557795,0
7.193771465826398,0.8155539157038406,0.17079922015025534,34.89918907048751,0.4714118136362219,232.6864708481843,188.060592995832,1.0148141527447057,3.6356710586377363,0.32316600852173394,13.251022318919098,0.30607514466172503,1
4.048971504462841,0.4901817220664856,0.9841601625564251,40.19906297803724,0.25183275446579356,97.42084277995636,136.95760518231333,0.9941562265863726,3.796133423035167,0.6484248420364724,12.823758967343869,0.09364104513469595,1
14.908973893105191,0.7637269352481367,0.157832769205706,35.19515499729349,0.4794877177185917,197.6340663034548,87.83545616087575,1.0192646299164212,3.894187521993537,0.8699317913070787,10.729318703010316,0.46857031445864494,1
14.260211358640628,1.233225412680366,1.241475332082069,23.100569709493232,0.019221963323661106,196.00117513377955,169.08939911053756,1.0353673711276767,3.304606361508304,1.0517451122173924,10.3909247855083,0.21356370499677724,0
7.150511659556635,1.0182357211322088,1.1154723289447555,11.175360516044542,0.26548252705829534,120.77751575400787,22.270763407037887,1.0090264504760358,3.602644802657498,0.8701122394039632,9.846769763971478,0.4347632128754012,2
10.134199334732724,1.1008016697359746,0.3109870889793918,1.668320937767394,0.2646951814122848,205.7556300674362,165.9446778188084,0.9905621300423577,3.3134038860488926,0.35754551306737714,10.028571869522468,0.47394967407051714,0
5.119967186898236,1.418325140690947,1.0572964551232777,15.078148866035468,0.12713653312304865,257.3701986749686,122.61207957922012,0.9886941772020141,3.5180740389174807,1.46532304236997,13.362564969323358,0.13209112418451407,1
4.9304675320090166,0.15940902156932735,0.9407546695493718,37.00140506324015,0.14099904351523193,20.49550112003554,55.50543884313778,1.035837465261496,3.425214147611622,0.7865086034557637,13.31386813626669,0.8483886952047617,1
13.933339912047881,0.3784145564165146,0.4089151390948884,2.3902915812658483,0.03789632538020888,86.07444747961026,78.1897075809302,1.01140981620155,3.4874894578456597,1.3911835532903947,13.429628867029962,0.05798058499342351,0
8.76421518258772,1.1662909107234685,1.174554806430622,21.32489422779234,0.40502520718341645,35.30062690341909,409.5673497918116,1.0341238124865761,2.8412536796909085,1.3692376491793827,14.484948126132135,0.1970793081791865,1
11.806770136447916,0.6923535655592556,0.41716992642631795,3.2727859762129747,0.5859185609369512,52.46067365258928,165.2417897874273,1.0084641717436555,2.778665120298758,1.519112775798531,12.01027031398906,0.9030030232117231,2
15.212726757573549,1.0553198693505892,1.435448015016439,45.36425155971727,0.5665926328011103,56.07267904247206,310.4477662751274,1.003032145399118,3.2464394997791546,1.2126162916305425,9.087872069792226,0.012340088420634054,1
6.766080157893693,1.4266476681157012,0.6577622324867183,34.07751898645727,0.12967548028622908,278.73209799447653,403.5559155879137,1.0013768594204975,3.5300428659995626,1.0603760354422198,9.800187347601137,0.15734330116134232,1
3.9592339586194227,1.1840051399246698,0.8221488104358128,58.77858532548926,0.3346666209357628,202.70091080723026,59.508857481485514,1.0135675185980326,3.072551255518726,0.44510197476841606,11.041720352008761,0.46277428929257425,1
4.092195709983646,1.4796759108712445,1.0978028381678095,41.65094954714154,0.487292924113066,168.137007630555,264.9731065029259,1.0259241875080722,3.0996663937254856,0.9591786094253114,8.03931406663578,0.626974780367645,2
12.383566878078383,0.30791240721695623,1.4657224885175733,46.49982124762384,0.20826023326198034,170.01096093278613,399.53073978191765,1.0183929749876723,3.8425387184668014,0.8138948717571541,10.46812547865724,0.3229086972664641,1
14.987077806001086,1.2149439455188584,0.7572377233476918,58.12121463991487,0.11451382203146232,27.893736281406422,417.78782455353064,1.0193494434873436,3.981164959043797,0.5130946850727088,10.983183756232904,0.5920788013550731,0
9.45469630345574,1.1339405164079872,1.0871352863974248,59.059635544092345,0.02158987361862641,106.37712497457767,191.87820010276656,0.9946417299368691,3.9335209317426356,0.43777798048784256,8.44028549508823,0.16004981486168068,1
8.338820691979976,0.0913291073575077,0.9907699875605185,24.64038513026131,0.45356298199078904,258.4436396985291,180.76819052951885,1.0179236136900343,3.331881730389356,0.6925081831137427,13.506372894327562,0.6392178133917328,2
10.368611138596592,0.14446309919671324,0.11977196216717265,38.731731319747574,0.17200947961394367,3.948812007696027,426.25468140159563,0.9983496806758807,3.5797233398171113,1.6861614609893005,12.689396839712215,0.3398287256600282,0
14.192893734735435,0.13065437912466,1.0505981102096866,26.91119624566395,0.12248719174730245,6.594808687234909,323.7974375881402,1.0278869496438217,3.7907142764259074,1.2453569839121061,13.013189997306807,0.6291163572240323,0
11.691061872894593,0.8714260969868565,0.07696930314176194,37.529039627313445,0.5500810426373447,80.03279835334189,382.26932733996335,0.9970246461895305,3.6927307501371636,1.4022767969804821,8.55359001478339,0.610649096528409,2
6.6190567498534865,1.2447646986634275,0.8393142219150985,61.96594032691605,0.5068857582108656,183.81377791962117,341.9903218854599,1.0026579035573822,3.511636779447948,0.38528456481441076,11.833616564490644,0.7582607137810322,1
13.172420474698942,0.6880363995475584,0.17683510984762332,65.35415035951671,0.4874666307186532,250.82734941353402,296.21981585088895,0.9919040001697746,2.848614802515086,0.8447108836416699,11.604100228300254,0.47269652406917684,0
5.428823317771287,0.08484483274033482,1.0104055732378425,31.356268701066902,0.042756581993321094,10.712970960299039,180.15159791710008,1.0340434752227443,2.852072364487216,1.6719919930433922,11.836350081477889,0.41031675764476194,0
5.8032756458174255,0.3423420340206546,1.1968334930603552,4.808738960341587,0.5680582792047275,150.42806320893106,180.09599216557515,0.9991344687560851,2.7688355170701704,1.294677086620916,12.13196016823983,0.06414841214520095,2
11.213455621988775,1.502757363043007,1.3043954835171887,63.188162609046806,0.2800831364783146,181.8389282046556,304.3826448152305,0.9919324032182278,3.3812382494286943,0.3507782265805612,9.752611811548892,0.06877921113669871,0
6.689279214325837,0.4469936689904,0.979418527414929,8.326041088461704,0.16271064705678304,18.503572911013084,366.7048257226572,1.0007425756984472,3.7072586085729755,1.1085849718954932,13.083627874487886,0.19635954441483083,1
12.327820425421923,1.3600784107067327,1.6422344166021865,2.1903831550509074,0.4493737936357299,137.14035170143256,35.288194422502244,1.0075289395160845,3.7971060289302283,1.041442684180077,11.177000256296083,0.36693543336396817,1
8.029174181442677,0.6355814037026937,0.5974315858080931,46.150309847873665,0.031383497618421644,261.1447418412069,384.541836084978,0.9967946218515341,3.421685699045606,1.0456687371004034,9.376802935140523,0.03384484976721813,2
7.156829916089363,0.8619452426927756,0.018809908382764046,55.95986422823241,0.0980166211575688,103.42445871030151,236.8443976850768,1.0115610067878997,2.988080493800918,1.404863978880769,12.487347623006897,0.9809237870037286,1
15.886912712270853,0.8145987790612951,1.3585797365781354,40.87138735069238,0.2638864818008249,134.18710796615557,241.48700686747821,1.0382473750620123,3.378025735683987,1.2126878864912667,10.315417146187468,0.876386339084988,0
4.29145510715736,0.28172113094134166,0.7508722924731708,39.30751332233279,0.5939321548911363,164.902421407394,344.46121042302474,1.0370728010450887,3.5012218345914183,1.526379460717411,10.42228156093844,0.9846980226492569,0
11.614452512365657,0.6292445460218795,0.9006885048899086,22.02452596879834,0.029359236382023465,40.54828505907001,367.7939067833717,0.9957216837909448,3.288516341079289,0.498593057446413,9.736013343483242,0.687605074004319,0
4.268264978648157,1.579466376217289,1.4060264780260239,41.39664451332552,0.04623254053344012,135.90485936814613,103.18730272350072,1.0251042523814369,3.8445447648949047,1.806763204435088,11.631900464986817,0.5744171952248022,0
12.99854412081995,0.9261897614475905,0.43490331399457577,54.36792810606716,0.07894072561377402,152.37737260910356,352.75022087493187,0.9991638374689756,3.478115724368367,1.7271216561030456,11.360800236334661,0.5454579983566986,0
6.584088485729319,0.7778528984228095,0.5424017411652515,21.91033343102886,0.1884985684548367,45.6403380859461,22.4676727954352,1.036659938412802,3.6476341278834665,0.5010835337737067,10.948606678454714,0.5262390314894491,2
4.8869655915756045,0.9037152364495414,0.160538975126312,30.64540889461102,0.16648877852644592,218.00362897551017,315.7672207334186,1.0087415583548633,3.767402019805923,0.48325785602737614,10.78063498606231,0.44216506624504115,1
11.64624151409948,0.474513610292538,1.1317745551549583,42.47242040798597,0.1114810552596689,35.59942192269836,250.48465331410884,1.0067880652959336,3.1434713963241245,1.5501404673664985,9.246662561962422,0.4279837860937187,1
12.664474729244436,0.9295493223092535,0.35357147675031636,51.5618113833326,0.4330394843211821,69.50463779987854,318.6985850841368,1.0380514131870717,3.450642187519252,1.0160699276809408,11.390754165009998,0.8699582000007943,0
12.004953310518012,1.1724797989116063,1.416374679994925,42.172873486356224,0.44652176337708693,186.8956917221226,370.5003554885437,1.0139971169599504,3.6017644949363774,0.6060697460457911,10.370073663086668,0.4438117770676131,0
4.428001460323907,0.23852590174328359,1.0130515889567833,10.850292976733924,0.24470459533405373,84.22738317764612,424.3456371497423,0.9958956416076985,3.927823751190027,1.5828091052689446,12.045362048799523,0.4778581946151247,1
7.36111404120529,0.4976744933733537,1.5128667067202681,35.144447682274176,0.33381936306133153,28.213902410222424,209.42078166265043,1.0171106155434102,3.450909053635863,0.5714443610084765,8.044159840822195,0.9211372396309079,1
9.258168989260488,0.3933834270390727,0.1012515529491713,28.986608637993086,0.35740739323488474,139.84884596268643,231.1312203278694,1.0250358593200326,3.8563636321317967,0.6979639865778006,8.969638604101199,0.8712958602509551,1
7.273949805678507,1.1973188474830778,1.6462360269181762,42.68892995442457,0.5041133951899912,101.63010744746941,156.96451891851257,1.0233955426527817,3.5387416968474428,1.7424422853625003,11.475671425564848,0.8008849548419044,2
13.607212820871489,1.4834998665915144,0.6603363972943003,42.71841971439788,0.2619346877741969,128.75387733285658,127.54866700410119,1.0256092946882018,2.907669884477802,1.608287518131594,11.392926397907265,0.5220891269341698,1
5.386492772347632,0.7170307952394679,0.9058014593538731,6.9515805055458415,0.5530191045489068,51.67352415164861,261.47747813143303,1.0264718191741273,3.219368914804239,1.7293721269634035,10.07589036280722,0.5390136982155965,1
11.207370276456162,1.029868901847677,1.0685985468553092,9.640422407923278,0.4993962412867016,280.78056291256286,163.76553923394027,1.0359279257772167,3.494331578805909,1.189791711493758,10.969422078666064,0.09156489711026217,1
15.75740081789219,0.12681824043858042,0.8055620043684018,6.306081231936896,0.33621997040916574,41.8739957026703,189.90017035736327,1.0177751730353715,3.433691104573779,0.9253139663571284,11.672065090876178,0.5705819539307954,1
14.720934117046315,0.2772314150672467,0.8762946407205504,6.852703310265515,0.18323175064462546,85.33737588017848,51.325452387096924,1.0147788295675677,3.439129783005124,1.0178888184831003,10.824086586660057,0.546532434613357,2
6.488100456069693,0.656675845535255,0.6924783305295272,34.784778887617016,0.4485760458591822,143.52146970072897,51.832669821320614,1.0285428603356301,3.973931949216168,0.5680105649612873,11.449516851892897,0.36564926278470833,1
3.8009908401253787,1.076588096805657,0.3102263528082447,0.7780453328491782,0.430180776960554,264.78154770153327,402.43632868913386,0.9915100119014695,3.3947064577468975,1.2912909373102228,9.410441795918862,0.8291741610603807,1
15.665227838950067,1.0404927578464915,1.6092751072613207,51.636939614951814,0.09719358235038733,26.50053910432127,84.03055234919555,1.0061357544429077,3.4257605382717826,1.4583484345778945,13.42729411299484,0.47625522910191986,1
14.48082711483827,0.36823473875020685,1.3298195936716113,37.67621368753208,0.5537477282373702,178.9317856170327,366.0094823981181,1.0193304236075027,3.918658107136734,1.1395580669928025,9.302114997363704,0.3307083772930973,1
14.925616842564114,0.27934425710641003,0.9925000299701049,47.611146873883314,0.1236351359565378,49.25097692226801,316.26417911476267,1.0083321284173248,2.9877270992826452,0.5392011600611217,11.386379974278542,0.8462274355412304,1
8.827592965135363,1.4871074702227993,0.09392586751513081,31.934755228443816,0.047832470513105234,188.54854390134938,196.2273472824527,1.0248956230771762,3.516946077730128,1.972145552132866,12.64592977282844,0.5423120816424577,2
12.809847092096447,0.61303957991064,1.4852412504903678,59.71615227495625,0.01104153136327541,165.44013616419,97.84051956733818,1.0153155176132596,3.8255885642002134,1.2481429791445409,13.107985715185219,0.5220540535441676,0
6.375261132686704,0.7706480271262716,0.12849323173389687,54.24804511909002,0.4709738993873752,233.45962465555752,28.06568671067055,1.02549776324648,3.034814223936508,1.2529645610146587,10.606152003238709,0.5237296291762816,1
8.546879260115524,0.22303957834662297,1.2984216311958625,33.09185738877255,0.010946552840341402,13.416702130416525,384.2636442384616,1.0277918217606326,2.908591938271035,1.02056810889685,12.64129838857,0.17984071114735523,0
14.103731421784822,1.4453520894902436,0.09766078936082044,16.52195429836262,0.15845571961847627,34.42188097995539,298.551984553467,1.0134351235026886,2.9007154846951737,1.3478907594811729,11.496434340813444,0.9187134545102827,0
5.3441079130380515,1.082027696628866,1.263703949971206,8.847276064818038,0.5941081010520842,204.09238628444618,85.84975030567557,1.0254558569667194,3.944459121439653,1.9206197260712776,11.458918463936035,0.5759142051836171,0
14.615770951271035,0.844956442228879,1.401997290215047,55.56858686511407,0.07123202123034421,63.16314454393299,34.44858195156058,0.9959818227147083,2.8191321769329454,1.8872466823658245,9.40990224353388,0.4425802911914134,0
9.80774646573887,0.7268986089769479,0.7465844782137088,44.732128923085455,0.36314212149237224,1.402306394046498,405.184765560261,1.0064393145657444,2.8603823681853706,0.48664015307869435,8.62363690855263,0.6723532696995801,1
8.955757430008152,0.15719826759176098,0.9206171977935999,17.889201382058538,0.043187486884373495,254.5022996834018,127.66118685141545,1.0271525617646728,2.992552043303935,0.9741989840607337,8.732047077609113,0.3990816687615588,1
7.498321295926733,0.4014413121317153,1.3903849070095193,47.9417326193398,0.2872577816914934,280.20596407659104,119.48393212159782,0.9880115551941694,3.321754639026109,1.8017174167712215,9.290620234854089,0.5200215639612024,0
14.893870301800593,1.3641187961275316,1.6113409409228505,20.680094475847223,0.38343576160023163,82.04094000490231,275.8832140097737,1.0002788380539889,3.728295245406091,0.569782185112452,11.277472018034345,0.7312359741605983,1
10.063243875211597,1.0133066191791995,0.029494308612047163,17.21133716753778,0.3288496153036149,99.58439376711932,232.46753842391306,1.0043233284924904,2.8608548754184127,1.5608613275602097,9.465899799306133,0.8928040799206105,0
13.528719056835083,0.37081268041742954,0.21544702204997732,48.79478225680002,0.4123120785953728,89.44055421357056,118.21886663667289,1.0317679419089094,3.827476360116049,1.5871237611348348,9.433473715077493,0.23029888199080906,1
14.177586626100492,0.3638048263509538,1.434481721348743,48.81785625333095,0.1003967386163377,186.955427606728,96.99887438673521,0.9932204526043348,2.9694294721981227,0.5444056325422397,10.419602539237136,0.8409455083475814,1
14.960826490557597,0.6051882688123285,1.1263904383598224,54.316317457599276,0.43256587310375993,124.96151132935273,396.1541533027109,0.9988772461691499,3.944739160565799,0.2304537381414844,13.139565846656984,0.5284364146890032,1
7.4709068818002216,1.0029448074960314,0.45212455907143295,56.00549223659119,0.027729748847374197,23.28828032842478,133.97191108524214,1.0109359759521384,3.106427158059074,1.2429312554392564,13.92938848209037,0.7795480609462969,1
7.91171133393657,0.8936228895269472,0.7389102611340144,36.24858857113308,0.18731739663542898,182.72239731383254,36.840873127530216,1.0090711332819684,3.1196911979833737,0.5270083480063588,9.779706526322393,0.39018134247442093,1
11.000393903806142,0.8705523128170537,0.18454698469532624,17.419546711905753,0.5673282727739888,223.79601906662214,277.09782217990505,1.0097102633622028,2.873955671800975,1.29385936978822,8.095815200664662,0.2512846977764642,0
9.140022039059602,1.3833961997173048,0.04761032010629648,40.08017665574891,0.11952282817573581,271.7179952287514,380.05517664774464,1.0051940343995907,2.821351208634882,1.983014422060288,11.172832588461914,0.7851150003011002,1
15.087394644698879,1.3718771849362297,1.2150953351932927,20.089743908694555,0.10207391329891993,117.56370170924718,24.960030951037847,0.9915596941125836,3.3722412114988662,1.452976470406507,9.90810243116738,0.7392028260579325,0
8.610525024765185,1.3477977542066855,1.20195947989377,52.29623944799337,0.2566388298022358,25.451168982798194,76.0770731310697,1.0104728567159564,3.8281741171627828,1.0938800297990312,11.156426992872126,0.43287502645385734,1
9.581114385340046,1.1336775256391909,1.152518004984901,8.354037796216575,0.27045541479442864,52.2376975127861,101.29590383132978,1.0042989248584453,2.839574722893117,0.9517264613510454,11.229308462765896,0.03480671840574889,0
11.267951671494544,0.6686753202737694,1.4681873930181037,21.87997901409035,0.17911734772485696,135.43533982267783,307.04062579803815,1.0244585485788602,2.805198469811103,1.2469575198745366,13.786277868953437,0.3212558536006289,1
8.697347780282346,0.4840164051730678,0.4758228492289377,3.077684501974686,0.12307031359766392,199.70580154102382,130.45221080776747,1.0377932902393725,3.289544583150148,0.5868073280959385,8.306617787818524,0.4581334350332845,0
15.808989074693791,1.5135389592614732,0.7032055848200498,29.64340512485876,0.1499345365616057,189.7734608116533,382.3001842819162,1.0193203946891791,3.2730428629110206,0.998970238867175,14.88767038861886,0.11228743410660658,1
4.9961005431637355,0.147927444280754,0.41595906962859597,9.73113650580023,0.4185065433757337,228.1961649739332,108.39478015960646,1.0201599676264723,3.829488893288343,1.749498470672494,8.621892453481589,0.4890204299611077,0
6.469300145467148,1.007574609941414,1.0380108487922466,64.01835610446757,0.07785584420734785,156.36745854345983,256.3520262389508,0.9898028635631801,2.968282312805995,1.0615740913310956,13.58386952167093,0.3375950711157959,0
7.704127086596168,1.349186183650028,1.0574481054360823,23.7941927591567,0.07937480203741434,241.49546449175392,29.307236180610104,1.0200457362238438,3.744009169734297,0.5749392347289649,12.99881733267588,0.1375280275977968,1
5.587446408039404,0.4878693649440084,0.6769106215624002,52.099505733946415,0.10438844479256112,63.76260623659533,345.901620012649,1.0101151652521303,3.123724307771835,1.538419969840887,9.440777744860375,0.2657463527367848,2
7.239052737831821,1.548119107592704,1.5523174933424204,54.62986834501159,0.5538996214533334,91.38160839193857,436.0997760399546,0.9933565025559055,2.8010524859848602,0.7903091946379385,10.122963968815258,0.3013923448063486,1
13.22886804359971,1.4088859579130757,0.8109929233951343,6.600568761071318,0.5216639349405969,36.536103911980135,299.3081353647059,1.0341800147989944,3.2023147359022315,1.9506770548739942,14.573619986091824,0.2906972014038156,0
10.126993210711136,0.37899213274495264,1.5232929483516804,44.194939621400515,0.5804397419836197,124.14817514931194,278.1251419637803,1.010880686324204,3.243953250769079,0.4550293975040854,11.826321058659722,0.6131266834041378,1
4.210838997151462,0.4854639754000086,1.2125580397007472,23.045572924954712,0.5736580131923414,163.64683181507527,127.311804166058,1.0361498355899053,3.5362451709051674,1.729349282079667,11.54332427836864,0.2526056532543941,0
15.689733280764987,1.4259543651631945,1.558163481660347,20.03609627948103,0.04649266343052228,133.59357753894236,325.22276571325193,1.0264714195462292,3.056725804798674,1.1132280899352185,12.083746686160826,0.23475178864377944,0
11.253678378556428,0.2438776900817443,1.2577836178404336,49.78691346017652,0.49944773432600403,94.38118937000877,220.6524168239027,1.0181525214891325,2.7576358112243913,1.0901194997650292,14.75600719923079,0.7514442028237834,0
4.5131676910965535,0.3627157574325448,0.372990021744995,17.178218299941694,0.21751093242301575,47.99174599424575,96.02364132111481,1.0367431970034906,2.9124947088092803,0.35730345324271107,10.279774411053346,0.7507945581265297,2
11.800142138743464,0.9928241137274308,1.1448422893620085,20.801771026319205,0.49795987172505685,208.43944646180157,316.93021131698146,0.9917805943414159,3.0541658891597163,1.5021817146407737,12.00499159003628,0.045360803093372315,2
8.378269385412331,0.30052151754541817,0.395809268184325,49.94140299857254,0.5788599273588462,149.59275724911157,250.39173716230508,1.0117486479002358,3.9358169518966726,0.4991532270097905,12.163974117441956,0.2139040375146527,1
5.441646895213374,0.9388177563475486,0.4824174459576459,23.390875414602835,0.4349861491167646,216.60468666145138,406.6637201184939,1.01450586082368,3.093675656051766,0.4028895215229128,9.318641289746216,0.463138049986038,1
10.620341574080234,0.9433178198227342,0.3675988240709847,26.187156722274825,0.5179869299702604,179.2183317100813,203.87438097101668,1.0076692389087403,3.885036531294708,0.8193080537050542,14.689453168428177,0.697030621108612,1
12.597667401090298,0.9745316009702675,0.823981982683974,48.911311880399126,0.34517078225362874,171.33128397627164,406.39217394329347,1.0282756098642063,3.4799604386057688,1.3409563902189052,10.697508211197402,0.08162065074447988,2
11.920631914088474,0.45605208676292885,0.7204671290349008,9.627947920222052,0.3246299873647432,285.46003245937425,352.67958100078295,1.001872157024461,3.1312236780006657,0.7207174089041006,10.72417181210107,0.44839904000625963,0
6.794909157354313,1.311621300139561,1.505845582561403,45.77531813805796,0.5799349209732044,241.17777226046024,79.98626329556672,1.0005769858723907,3.596910854819614,0.6096559764299786,14.279678753625866,0.6801651907635364,0
10.150881279580183,1.5356654332750002,0.984596521744211,21.66891649345209,0.26566857853502845,161.63420229217974,256.46183224511424,0.9912956546892684,2.8469987315201424,1.666016278270668,13.190323280147972,0.4257622347116239,1
10.305727673257518,0.49682903371035414,0.5972227789194291,55.6356487162501,0.06701964428303954,85.30687040493767,325.67598301608086,1.0258951896351678,3.788548837062259,1.5058960041545488,10.515204765148255,0.9624896470056679,2
12.473320705997647,1.3782399787538968,1.0347640083094003,40.916573874101864,0.13877715574584484,54.76372181231824,21.26145184982066,1.0052702312087398,3.4832389716714536,0.4977835101370798,9.732677089764874,0.3029217942085173,1
8.15439492218691,0.5195780597034065,0.5669446904054383,1.1003606710645086,0.41623952792042995,276.44011534120773,54.91516376019187,0.9948430279756098,3.3537203013830554,1.0870753300171534,8.037587686348637,0.8219455743840629,1
13.452564401810367,0.6033906708929205,1.3882865866067362,9.21842086800315,0.253585480700923,285.73301075471267,399.155345489592,1.0147668243627086,3.375130001873548,1.1180385445622802,9.95229137699069,0.04901428570785682,2
11.397854371636761,1.2581651693824634,0.14788011157462208,49.533288472894746,0.47429612463007104,270.1704109197534,185.09796564289678,1.0357466742143542,3.869188359377013,1.2797771994207134,8.996513799272657,0.5770125842935699,1
4.2638124449243175,0.2859951473209019,0.3630636079377624,14.930600692300784,0.3306769022016307,43.31284636368887,413.87828949050567,1.0373473630758767,2.8868617790388273,1.7167852202144869,9.667661548498465,0.12300529990535047,1
10.412396162195929,0.17271135940114468,0.15612366715407394,1.71156535415455,0.0900676649055246,204.0920810370029,128.0059454048406,1.0001949405867594,2.9876698909341854,1.924149138614618,14.612668144411888,0.6846916945026786,0
14.229136354724417,0.6599489003272897,1.4394791947371333,48.74584461148348,0.40747381309041564,184.31853344362725,283.2702365187325,1.0086741717932355,3.656874468901544,1.8629991428944623,9.434454262482296,0.9584654550415072,0
10.667647366918903,0.2745248308466799,0.45163084736601017,44.452037127652304,0.5808796457472397,119.64743431744114,196.47755975058578,0.997051961681274,3.226291407638726,0.5837396176273812,8.078283518358173,0.756151440347739,0
5.9275220120139105,0.1993291331461307,1.651250490535204,15.157166705803213,0.3174690920734148,69.01558059538003,403.77694696595967,1.0127585366599303,3.135074411448982,1.7100965451406052,9.442452960571604,0.4046164632552599,1
9.975554081205766,0.9630920303233678,0.25215993986458046,41.40877889175965,0.5388378214531253,240.3983942150823,327.07602729862253,1.0172044110555047,3.4216593525960386,1.3107435395861415,12.286725509706322,0.36727588167526837,1
12.959044622004544,0.35596211814531115,0.5381196121688658,41.49265715418259,0.593781031992349,223.4726257924509,189.38416965212727,1.0099219234241277,3.230260260571103,0.46346994495980237,14.132456063708297,0.8395752886021596,0
5.132272876989346,0.5313519342314927,1.482920814013651,61.847909753666066,0.18054565112532792,191.2407038083747,331.76116638686324,1.0128961225105204,3.5971744101270313,1.2930683242143854,10.73775123414715,0.5657399747380804,2
13.686898852756883,1.1736328498593258,1.0547519185191048,6.972813486246159,0.3255478671679775,182.95067981175302,334.4412806488902,1.0215651164481596,3.0522089697291563,0.8790525009105261,13.803086671267529,0.6377287589243776,0
5.826527858073039,0.21949358292131288,0.8213801564620906,11.777890048543542,0.02039291222775015,239.98230444902725,11.98229266348132,1.0060413136014075,2.868388786275782,0.36078506305959634,12.31431307066947,0.05975706071345965,1
10.262325555814382,1.5709523517209996,0.27194609104810263,20.29980551952331,0.3227157963599099,109.71106203323026,275.96681576948896,1.028524594381933,3.0046429857503134,1.618499009649385,8.825249234439106,0.08479822327593667,1
8.467496137484282,0.5431350020667336,1.312932298970529,50.571703267056236,0.1372164514045112,214.65637957734347,29.946980539667386,1.0278494864880623,3.3002133929979927,0.5289961485909392,11.921133149517878,0.06147770380389328,1
6.808347586887404,0.898443877774148,0.5528175035985368,31.36715752079149,0.25779643330961255,87.91301480042185,345.48638231103826,0.9969339749945019,3.391052424423256,1.3887576353960898,12.048856813323361,0.16015144330009257,2
11.63393340740566,1.2677742221056811,1.2501586359027947,24.605862506680275,0.04779470007550613,271.41886570892694,10.897249649928977,1.0097481574783718,3.5303627023658066,1.4091101964219743,10.005278965063162,0.2223406761782566,1
4.252444516146516,0.4355097460337417,0.9674567549158104,25.463331362566386,0.4805194617005833,95.19649594184179,361.64600616020164,1.0354662871474505,3.9184967561577597,1.9973765902994256,11.917747123267041,0.5295162268231587,0
12.996554261598106,0.5917456351236059,1.0236725184731044,33.726046377795164,0.35473556241091464,220.75207522376883,299.3246334446437,0.9938889231722534,3.191926180528612,0.6792378466716227,14.387158554923094,0.8247376518780595,0
10.175981728685889,0.3894031507012981,0.5399649928757202,21.784271044546674,0.39591955962916686,212.27352858957755,433.7660525350838,0.9890380969583651,3.8039261363873003,0.2926688803770226,9.401361681203149,0.7542000135091591,1
14.396831647580623,0.6478674676357389,0.1245781490393552,45.04879669379903,0.24469446585646906,233.7943179956321,69.7788933809189,1.020582896694034,2.8678693540998683,0.6768319853246556,14.348176324145733,0.313189338598477,0
10.100691671048335,1.1824050087478355,0.9882348815811144,2.2386377123494277,0.06811884898179786,246.99677298578456,205.16461421556093,1.019711078663445,3.824176182665694,1.2808402966506238,14.8624002837872,0.9561380858179442,1
4.223901339261983,1.1516403407142461,1.2342061763218295,39.57663234760096,0.22978911233697505,176.21969483992896,188.5224257852997,1.0125955113946647,2.899620321201854,1.6516196677055588,9.776718218047003,0.984385599127069,0
5.537571723473919,0.353028768047215,0.9562674791178732,24.101473229852914,0.3737531373277043,58.29552447401403,87.47683073036022,1.0334646267069727,3.592978823961625,1.5429657399195238,9.317978048726431,0.5635669860414014,0
13.426815522554012,0.795385943105106,0.9979243969159749,31.82423848360839,0.3451172205583096,71.0072576354163,182.27547955882346,1.0179768950764816,3.1197951131453,0.6105156910185211,8.016492613562153,0.8944297821943358,2
9.752910191181172,1.1123101499929962,1.1577157544963097,49.695889666167254,0.4624786760724098,47.765689327385516,103.21328436766164,1.0194095646007508,3.9951143186747684,1.8642868769392362,11.842832909483723,0.666849351031204,1
9.146739184736889,1.1872248417830638,0.07436595899366294,2.9139557076777862,0.21954719235424155,216.13240646148182,14.305202750319001,1.0306218068088957,3.7617223807211544,1.924226707530792,9.994283718117662,0.5416015475365749,1
7.653060854667672,1.0340554577507948,0.37132149205428183,14.720633397994604,0.5777934433643708,163.28891495634943,196.6163721650463,0.9887392409008836,3.6865190459176587,1.1809424276133802,14.70877603512087,0.1509287006527278,0
7.2430452990322785,0.3722340682953829,1.0190145927883758,33.946086338387936,0.4172740074707251,137.01547604274958,165.48659788663366,1.0244918640670218,3.3879192777613683,0.9766911386235885,11.812328617729863,0.7514966155730523,0
15.487224381126023,1.3821185831142897,0.22512790609127023,40.846413565920145,0.33415375257853336,257.2898157526955,227.95911266439725,0.9916147526740291,3.2707032763882538,1.058288256468687,11.578066133711843,0.017963097178474885,0
9.038928902479475,0.5126716612066203,0.4486776125512931,12.671576573043865,0.04665348850839247,23.478984903541683,195.4586825560816,1.0069953397682803,3.271418221733894,1.6771157313895118,10.037930653404084,0.8593141216538039,0
14.496436695367706,0.6348827045025459,0.07472095181512269,13.318274567773141,0.35225146623427517,113.02093194574319,405.77309403167476,1.0136173068294667,2.8908817171540564,0.4035858478974273,9.025486037645535,0.22919628389166868,1
11.642773790789871,0.9177467028948467,0.35737246745916723,41.272004773318685,0.5013785130822795,42.2402969125756,118.25294599048287,1.0228965603063065,3.7707338723623867,1.602221633525342,9.147949205772115,0.537588220200661,0
14.186974519911285,1.3690677573708352,0.019254616273108198,47.78964245379354,0.21417574643609724,1.6997573578544696,385.3695021589407,0.9906921717509907,2.8993618457606267,1.4623756049482721,14.076137324185266,0.282488567326848,0
14.11463949176525,1.0544754680992294,1.3583882089344723,29.93398459502299,0.49848096987914947,107.61791174579672,65.7543838998186,1.0281058090179198,3.076263063717517,1.9336487617873306,12.811332294191898,0.9256215302577367,0
15.371375536255389,1.1325315567183696,0.9756760307189118,29.673335515601067,0.5318963025624617,145.9002594526864,202.83289211366207,1.021592474959325,3.88547876109026,0.3081557458412055,8.036253829281089,0.6636193522348905,0
12.24510105805744,0.4045524195303375,0.9075095135446746,26.69083341135146,0.4679548941509944,17.978763765100304,44.565796142506265,0.9956795297993888,2.9921699450356787,1.9929980453641258,13.256345202266093,0.4585436050630295,2
13.545302918271833,0.6088427362199815,0.009323593939719418,17.059423897565836,0.24863652828494281,120.69947306621444,283.10683705633653,1.020012833066574,3.0204059589360286,1.4738174053231148,13.515660399135836,0.5506905517495139,0
12.670847534371237,0.28534012706233813,1.4112061200484316,64.86045045644583,0.058569248011374,64.67560900078234,393.238063966422,1.024182248196522,2.8236785930478754,1.0331894349893098,12.982836801929164,0.701176078026799,0
11.123244714943946,1.1853551244612313,0.00011261159837663514,41.406436616397734,0.350685401516051,136.08544864322468,272.9882711960526,1.012128103648952,3.799934342162083,1.6991705781712012,9.04465186844471,0.990532798489881,0
12.479985020089956,1.5031367098413255,1.3069484341905677,23.82819457838736,0.25482457621963295,220.97952266997754,305.0561376086176,1.0098885150882275,3.2516343612665164,0.9662496572623799,10.934591924720277,0.9622589771434091,1
12.460579978240478,1.1823023922303122,0.3634592676804609,17.278986979465078,0.23115511443264364,123.93338493722929,229.82225701256928,1.027458622286953,3.279805222296295,1.0494618764426582,12.104065543769405,0.17312646077220606,0
4.2949842957392015,0.2670180740547922,1.361536093476742,16.991193587330304,0.09414132756814995,42.112183860141684,197.85610110825743,1.0315497791373078,2.8345168080950924,1.1202752990533478,14.310185684098553,0.1142948620765607,1
10.04494110993118,1.1200480285418324,0.21434606550743926,21.29791499217874,0.4098975774426108,162.56382549225907,428.92247133720156,0.9877504825522133,3.8814182540743754,1.160056447060201,14.411059157273083,0.671694019622707,1
13.391081464790343,0.7298377866881421,0.9085842377932685,36.765763854157484,0.2755949109541044,39.64633666958869,429.96361910858036,0.9902679901116543,3.1812608757868106,1.8671331126154458,10.290821244470434,0.5203534599240648,0
6.739842456771049,0.2181712729978046,0.048892218778274245,38.52523653205783,0.22689980998260806,245.9792108482969,294.09742731864776,1.0308920354954376,3.54463777179727,0.34544239106547964,8.254115680389187,0.7897028962924106,1
9.428290636335564,1.579211259945272,0.9207203551281197,43.74361759401289,0.5760792462847063,182.5265269070128,362.1244596928417,1.03569500258534,3.233916440957902,0.46138569834238596,14.62595745417996,0.9993636296241022,0
9.06332710262078,1.1661879361061016,0.22078899200907004,2.14710545949279,0.2436193479559697,14.127432601026747,384.52250556357194,1.009811261014042,3.5789630763035887,1.516623321829969,14.530556217581163,0.03704108899149894,1
8.673724748339353,1.0136569538850835,1.3381332989217203,38.20866481546143,0.11313323604197424,151.9592557955782,101.27419233755118,1.0152529569188224,2.9907004477381642,1.9441998257279962,11.829852103440771,0.15405681311275565,1
5.274258285985679,1.3896468100532378,0.3921678328498624,38.51176019075,0.04636642820464943,138.26000810989052,355.37899785797816,0.9924531656830222,2.818321442074208,1.889025162081593,12.97730995082729,0.7817816588659312,1
10.16110964936879,0.5680116417211106,0.19245487490116325,60.53612520957444,0.6030004881424778,243.04125859906028,63.985855104445264,1.002208674679692,3.7223641554789264,1.7120452905111117,9.79261397387781,0.049865723938239404,1
9.199605219771012,1.080267635475824,0.05048924307878894,15.696781900506908,0.2351541607005088,243.9325197635019,282.8758934778009,1.0240787430641876,3.5731807734573,1.7413682721419728,11.009980767140487,0.9269103138677933,1
11.827052363059455,0.7824206486993006,0.9530795242650468,3.423508802900498,0.5151149583351062,211.7281444586465,412.0138368131775,1.0122413675687993,3.251837177186285,1.637277643836153,9.478164500325105,0.9463339348005757,1
10.447898011267664,0.2659246515953271,1.0988699939484197,62.262345805106584,0.05423742415621278,237.75908122572048,264.5148393047567,1.0292979831971876,2.779424991313595,0.4711035300073486,9.703738174177783,0.9815038190278575,0
4.1332694487910535,0.8916045705817454,1.4854194786160007,37.32951518729746,0.30878463770601755,176.82052747317735,156.36289348730338,1.0015093178633812,3.770417803536195,1.5797862155980755,10.252436831891798,0.6312437180112473,2
4.1862076500295915,1.0278642315814506,0.10254078021087017,7.382603468280363,0.2494903041184364,171.89980026084893,382.4598432977975,1.0093135245168632,3.857753153344964,1.1119703520476092,9.944768442676907,0.14380830840954972,0
12.286453592320616,0.7898748558054862,0.6505771293878521,21.866800124476487,0.16865971027876117,101.19902067966167,196.93416989471655,1.0292856627061489,3.108018784827599,1.0056697621670239,10.936604094715824,0.23054008945738014,2
12.361731534568207,0.2679073355654652,0.2707415837556307,26.125496975751815,0.4566027479390703,126.59001583130673,369.6768873388894,1.0312049624616002,3.24763270326017,0.6940499207730908,14.695999732895162,0.6147342110251628,0
15.415263518066048,0.1929247621701709,0.8336606127401502,50.672018585567606,0.40015165752711507,161.5299465655155,237.94804663034532,1.0091281139531953,3.87900956654477,1.6839501359984845,10.839410076497572,0.9968957335221557,0
14.408126646196116,1.0772576971373864,0.3957742477827792,17.83385237864614,0.051059913049437244,132.27111889632494,72.5501482646995,1.0109151538400614,3.701674555040859,0.41804697045879435,8.792994356191945,0.9843825236083278,2
9.463521975385797,1.3368622459843094,0.6823223250973438,62.52161434846662,0.18061309626825395,194.7308418594079,107.1442236443381,0.999399737147076,3.7178118119065617,1.9786125556554768,8.787471165453054,0.9436327731205301,2
11.373468791390543,1.4661410681299634,0.6119059780079549,37.91747807931327,0.1696224845878013,109.40916318114895,344.564742745448,1.0091813910848086,3.180358141673766,1.5330205940722457,12.22726224074929,0.017531969229863775,2
9.331898905124818,0.6622787803904707,1.1454052248233775,6.808100055132442,0.5588061886884175,199.9578634231485,427.9545528361124,1.01291025459463,3.7860118173934243,1.5364130932283777,12.487144030705142,0.46067433594424634,0
6.49764946367981,1.4874737520696386,1.231568315729491,33.69110675578115,0.14663348607928106,99.79965584488414,414.71325184360865,1.003004779812687,3.0775893928063542,0.3240148847078836,8.837008264425048,0.9912452771568483,1
8.357791666801749,1.309705208146528,0.7049392214637658,38.66025769183394,0.31781038218071833,161.77847163523,223.1167414782535,0.9935012618965366,3.1195019267929616,1.6607179994208976,8.965927705321684,0.08418050165443747,0
5.05699921282246,0.7160625025449759,0.40505313213236704,63.11046912985609,0.5870037401869598,237.3912600249651,86.704595214804,1.005919371023229,3.4897896682572904,1.8061453563305558,12.899243132159173,0.7591645269496778,1
11.864978139839412,0.6894800493063081,1.3191286513490215,60.06998058345499,0.6063383752220541,226.76201429027208,39.199160532311645,1.018485450953963,2.9934986729575193,1.1001650806811722,14.482561531859373,0.9929504811214787,0
6.123564738939008,0.5802182039988342,1.407602013006953,61.92610776788705,0.3131923140641196,99.7214122596903,198.89760669441128,0.9945043132596874,2.8305374967239416,0.975222574013953,11.147171459174462,0.09786523896261068,2
9.553160228642508,0.1836749090572496,0.8964282599049941,42.78553885147491,0.23358617742215726,213.3551611850384,15.706780029367293,1.0308718376324195,3.25243396563798,0.9907519421590755,9.472310144071121,0.17817179716735232,1
15.505982896558667,0.09458920384779583,0.41428515205472993,42.50917134207826,0.2781606881527112,120.81988258572396,394.0689475782931,1.015325984789102,3.4169991586470223,1.1328619141033862,12.160888037447343,0.3825442954951873,1
4.183194060841856,0.4482479952322799,1.301267927664791,45.237582112273614,0.14160370512002923,20.36433678272275,284.5110899962056,1.0035553847440093,2.9601877077977368,1.3508714768297758,8.530675143454753,0.11680238404195387,0
5.635932395680167,0.4619260235690288,0.5910168350447229,3.793308152434336,0.6077645428919678,12.016611482604777,323.36137531212086,1.0122220498474508,3.8797590312979047,1.564616073687652,10.362213191463024,0.024982487531537645,2
7.412808130897789,1.1744915688690685,1.5250336146034036,17.838577150153014,0.200051577719199,253.25851346314906,135.365406353243,0.9984404161691754,2.8652366681148687,1.0325230176830502,9.50223316902933,0.8944437871369738,0
15.19586426943668,0.3160560159919904,0.4427566853566676,17.203308416809072,0.10626303689317576,34.5833866655678,291.498711583983,1.002565829317898,3.541618149375375,1.2986067015122802,9.744784802422876,0.02392483641469134,0
14.796985733152802,1.1186324509549097,1.5608320658062875,51.53173266551008,0.08072325886699104,220.29358928597483,49.93480746741495,0.997059666708911,3.817249179358919,0.69852115388115,11.889847698487136,0.8100056167350353,1
5.760210173824724,1.1755029499326117,0.7103368566536206,11.721313200772691,0.5338990119654249,113.2434389468288,121.51092291943776,1.010983226785983,3.4162064527798726,0.804745542618622,11.141872425111828,0.18075358701619038,1
15.671525056657483,0.7695757413664298,1.2504362796529696,49.09385731962088,0.16047805522623482,63.61592123547314,374.4388975436647,1.0058241029266728,3.760682660279878,0.5065827967519847,13.70569289961025,0.13360749012837514,1
12.884045054065993,0.25648025658119206,0.34676369954948577,27.8498726835649,0.2024691076514253,69.07156256546405,167.3461108808559,1.0051299767388215,3.7542123364467157,0.5306851079316904,11.356469229056962,0.970611324346919,0
10.333722703484433,1.159264417942441,1.0371707778112171,18.264995134256015,0.19234502383105062,148.5610091152639,87.69504454092737,1.033337533092049,3.168486435827919,1.0010291832543354,10.853968806586094,0.5463693183021995,2
15.07360488383398,1.4504708769302666,0.9664497370606574,59.53187867930439,0.4604371102557894,272.14017744122395,103.33777570390787,1.0024967904392295,3.7979404651391646,0.8918156562953646,11.487281064449244,0.6786236095894479,1
14.455346420336777,0.6292691812657265,0.6977074462562958,20.30055746305886,0.5357818948515165,163.10013564770668,287.2351040344257,0.9975050841810047,3.518230418337406,0.6454068172882184,12.582214019438743,0.5839282228365729,0
8.534929559458813,1.2181096659530395,1.2208133544694242,51.0292254325658,0.16579609902594328,149.16146712824738,259.85791460401396,0.9950839933508064,3.945272508932053,1.5712846444683244,11.669422337958924,0.363319327720966,0
11.741752671351124,1.1928780769505911,1.3578438585076629,50.039752211448466,0.09490773716092052,104.9679620848509,51.73565329883213,0.9874936052374395,3.123932877397768,0.5696293984267072,8.215327211112502,0.042496126106463805,0
11.633360261437458,0.16106325127941717,1.207270562383909,25.146062038421434,0.4397818902771406,39.38757671719079,382.4740042767494,1.0036496178017384,2.777603268634635,1.9459045984745318,11.391346670122019,0.7444671349180266,0
7.756315048457872,0.16356149838992884,1.3497425806184256,21.849826739840967,0.29141285113134047,37.2366923326406,398.0239672416704,1.0202321038625441,3.702222138547055,1.8290231058519506,8.02725304945133,0.8091630665088114,0
5.9706211133214575,1.0949266113301093,1.2370075643475913,0.828925157875888,0.06389226692664066,159.04346635527713,66.03875019640157,1.0207395548662008,2.8906664837354477,1.885902251193072,13.163383399776556,0.5882791693055693,1
9.448399517289943,1.3263614996235216,0.24841737285633178,30.792846732984053,0.2606503628779033,116.40994011636,157.12939155080545,1.0385122222739653,3.683425970423634,0.9234126728066443,9.918107350799948,0.5719297393103113,0
6.985700539310575,1.4608428549762777,1.2821885286081294,12.181781489263653,0.048801049147359464,93.59359852721784,318.1901183374835,1.0346574916270235,2.976366432430171,1.3085783497327026,8.612478348715008,0.61090435099811,1
8.09628802903347,0.29249468488611624,0.31654055152459143,1.3102006430503212,0.6001401015311479,68.41761429171667,199.508677525482,0.9945037458878252,3.5539155437499867,0.7410328597660899,10.78549289367795,0.5065117017986976,1
15.345142023671364,0.9550853122903994,0.16470892469254134,40.749961887900305,0.5560276432716299,225.06334157557097,161.07113387306126,1.0312389525428252,3.197960481683209,1.9484060889616188,13.287538406078792,0.9867857691559379,1
9.37976823343925,0.5030796309833535,1.4967331464484555,8.786902617511595,0.5824029189155988,285.91638258613466,418.38131195589585,0.9918050159289312,3.8310665543248614,0.5680730140340482,8.233548390551901,0.9945263843546235,0
12.087186732266737,0.4140513006245221,0.9930723188488663,20.567239222499587,0.5239486841699439,80.92256029059578,144.52394372123211,1.0094979484355011,3.0109289666075036,1.5160665846126153,9.758640483277068,0.9969239767915924,0
7.868381726688614,1.1875828287930195,0.292967803816222,47.17889155288484,0.019128087303389874,213.45592578199154,357.150769736676,1.0131619984639824,2.9211910008302286,1.2878688924182078,12.297689566955619,0.7389029282680354,2
15.849919049254343,0.6997878174831613,1.0561104259953586,49.176515645355984,0.08434273104340209,46.32682707172563,163.85345360552327,1.036155748531879,3.114325835255999,1.9658485988845997,9.392306017066185,0.9507022802668704,2
11.771088033104174,0.7365381630030476,0.5525281182343421,62.66880809229934,0.41406017351946994,205.88106038427998,227.2367890572686,1.0166158679189963,3.720724433680406,0.8312221557376774,10.67792295361193,0.3795275433964038,1
6.171714535521565,1.346601891509923,0.2349618006585988,59.809281093623824,0.094361345135525,78.1188726154531,422.6566606450585,1.0288274499191543,3.354024121096333,1.1836375747522885,12.430829996619863,0.8495107436205974,0
4.988026383319751,0.43802711721568166,1.3271458722914893,34.187300808767695,0.28301293300218044,255.42898158361865,282.6729910247048,1.037513141911465,2.8508672293988706,1.2257596644082707,11.310278499633966,0.8811228642201211,1
15.212484911242704,0.872513566609604,0.1825777532786249,62.24794666524522,0.13139200366937415,42.156581650393655,150.22539468458004,1.0298502812860657,2.96473439154269,1.8982499546128633,12.221456962903789,0.45865996288668864,0
15.231811769748592,1.321565570957283,1.5976721986278533,22.919012380685157,0.10014378837991174,153.11203243705896,124.36166795890233,0.9985851754748477,2.8425902674933066,1.6665717909010238,11.806591816098912,0.7258273261228806,1
11.318073342677968,0.27783320489561564,1.2814107665122176,36.49482875958297,0.07273868969267608,199.95686072844103,220.55085876420958,0.998174617487064,3.3942614538824056,1.0956107169286762,13.371442298410024,0.02295000191055019,1
4.005597142089543,0.9742744572052356,1.1822959600818046,36.083320646942646,0.514433031606611,42.71881907895329,273.9184457204587,1.0040951854623186,3.385377588585866,1.2954282919424915,12.544302754991936,0.3234898921704882,2
6.528972099745504,1.3357851311984315,0.39698670370888484,2.0521604121551404,0.5134629391672839,209.21144503568067,255.97879169589046,1.0315749541390813,3.086136271243244,1.2968143702177255,13.967704512286666,0.8224897958696603,2
13.495449087834164,1.2266983137651792,1.2609210376982116,2.9076470988863985,0.3034943535444153,259.6888749103345,61.646954297781036,1.021791787994128,2.792032660899531,1.3641622029569274,10.4431440250315,0.244411670002752,1
14.393063934687753,1.4067231655559398,0.0374320782726353,16.121610710319768,0.3785800163121921,212.61317484143768,187.56824258204514,1.008953790956743,3.6598509176428267,0.7631417895048278,11.393595195903977,0.7335139917596011,0
9.29327675439311,0.1288462985023524,0.9194217113254969,61.3202199132458,0.1479311921610006,98.8025251314733,298.2746267615323,1.0037593701735585,2.8486964889848165,0.5511567863958038,8.53152501460514,0.8256177612880504,1
8.222799481157079,1.1171842179662705,0.5158217306906661,59.55875039430614,0.5610195980420857,83.91179549687689,281.56567900725213,1.0049621716333095,3.448033812409864,0.9250105638468447,8.677147431730814,0.22965764956074197,1
7.1181226386423475,0.3859047615598297,1.3816029210824927,42.10535423908207,0.35405552503074617,3.924224743390269,160.86287936146513,1.019285680884684,3.5650565494842517,0.23657547464154383,11.475910741092338,0.5503050057685202,1
5.215343216573138,0.9155280921195069,1.2637927373518807,4.939695202160667,0.3933219160556657,202.58014849943336,244.2897302329729,0.9874677552244281,3.921133753065349,0.5035990463985075,11.037584174608018,0.5979715401275979,0
5.200508884984073,1.2421683481421333,0.8098118620678483,62.704700365951695,0.27886819558347503,281.15960109970206,71.67430752466771,0.9958118179390403,3.979399760283079,0.543011805723897,14.362970116010201,0.897632468689705,0
15.326492650736366,0.7102871976312105,0.7841110988194682,4.908007251203984,0.4144990954992706,246.3803115952525,55.461994641446196,1.0287827857670833,3.5053306407576907,1.0449051455235927,10.377119983322796,0.08425656249876601,1
13.584375988178554,1.1363055660537327,0.12143936111313466,33.571443989576466,0.39841182973550415,34.2242015236579,92.81965569128916,0.9957936811025644,3.0502511671823416,0.23225782598757733,10.911029681819102,0.25519006478682027,2
5.793830263132866,1.340616047039281,0.3895516229329789,41.05393367371025,0.5953706374121089,243.43806518795867,130.79299718199124,1.030521700738286,4.008844028387809,0.6224261481521932,10.129783497054742,0.5369032202145667,1
6.30530560359559,1.4985780347965172,1.1740303440728734,46.873986248848354,0.3700279902150669,175.6905094705047,331.7887499747638,1.0038499204688147,3.459356939203831,0.25040140417167445,13.889293863883514,0.6686352523277701,0
11.732173762991165,0.8976396577764543,0.10895969287956021,60.94356204120243,0.10900123461047892,27.9976550177897,264.7802795526438,1.0371333397610016,2.948386633258873,1.708778487497391,10.999138743842039,0.06284252857786155,2
13.052437003721934,0.5541498957502201,1.3068411412162477,23.003252153902075,0.44027860070819624,190.8651303057046,7.8774144931321946,0.9961844691284403,3.840231183727255,1.8449978247641619,12.579150385170196,0.14898227409920062,1
13.604809627651417,0.6650392300199397,1.6260635010926985,24.990502554716315,0.18782211972750903,20.05479590188366,238.7334072023614,0.9892947478384598,3.361846433085928,0.8827620287767118,8.075104921914708,0.8762959279668551,1
5.776386065170232,1.3783954011851125,0.131282525128,36.03435067528126,0.14455607324920172,8.892722092202543,169.0533808362772,1.0293907424801059,3.766924691192927,1.5798032488691856,14.800009534592396,0.1197828736711033,0
15.707952285086737,0.440474946013697,0.7601138770430745,16.862083008111377,0.2872527081918185,211.3690610271154,163.03518681991574,1.0004062756500478,3.026326690632843,0.43776408818244095,13.071617079158349,0.16268719387888497,2
6.55640499636182,1.4048966008003856,0.9611781024634704,36.3249454222636,0.33328084717582684,236.71314152707114,352.9124048835287,0.993346224417254,3.879940333301171,1.9802299635950473,10.084694383301102,0.24820238330396704,1
10.931926740881439,0.1667543652832002,1.3494196077050724,23.286720068490087,0.03280624699874812,104.1735043811176,223.3952655804696,1.0333176203317147,3.3681644068354464,0.6191542516525874,12.352559464272211,0.9001243729412045,0
10.910150639357603,1.53698824751324,0.24912882899462033,61.190194197642604,0.36177601114160396,36.17859757200687,79.83054973734406,1.0215548600261921,3.3914314770235787,1.2494648624997258,12.488872581060276,0.42809091964612556,1
15.50507881627643,0.2586608347390473,0.5978125129040008,20.680640786592296,0.41420925759707844,125.69054825695899,101.62394937744473,0.9892055430400678,3.507160670351812,1.6399226532198277,9.04987319658308,0.29035532159573574,0
11.757776061209412,1.4050835847487206,1.3870831028935315,41.93611344302559,0.5565344743120354,164.94856984251132,141.44466350380628,0.9951078085123748,3.5477455032324103,1.1878252379513896,8.206140788046572,0.006360063467150678,2
10.877341622490096,0.8911575170979407,0.8601902422330909,25.735087988103036,0.33607203090026516,160.72459085857486,153.07955902889523,1.0255583081106208,2.819993705147495,1.466088830929202,14.446678036132678,0.7153173514442537,0
10.07714820183412,0.9219916215257421,0.2713701659548197,64.88050482128205,0.06931922236708615,205.56490767393302,179.4618918057698,1.033074119447845,2.9734345507933564,0.36999094241185426,13.767497724471667,0.08107157282698596,2
13.052356210980115,1.5509839310706375,1.4432316760113706,58.743499971776956,0.35646955152122795,245.81102525884015,387.33824738479257,1.0122149425205438,3.762027524617716,0.47636315761541226,13.832909908138395,0.4300128168962801,1
5.083268653110263,1.507043165023394,1.553966222914401,21.334828718596846,0.5260952609006266,281.8037703132408,151.2568760852567,1.0372050063627243,2.876436567958121,0.877099573234907,12.022334179779488,0.7468260801840382,1
3.825312004317052,1.2779122197748323,1.2278433005325982,0.9677894881711564,0.4137466886750462,137.1155345826977,254.99905852889486,1.0088402585172505,3.0306392615077598,0.6213208882138476,13.246934981281242,0.063253503479066,0
15.32511530025251,1.057375171565006,1.6162816855327615,19.913539285838684,0.5187632735176413,88.23568374305079,7.499298537612689,1.0357073938867571,3.3902805855741365,1.9784362721746376,8.577644622425852,0.17854042267030157,1
9.833757921952248,1.0965520800704824,1.5380351891138906,32.785483274212815,0.09057710961636761,92.19208285056885,83.65616680016926,1.003653187213046,3.742391032504422,0.9926835661830752,8.754913843019754,0.6684081415808945,0
7.772858083908229,0.28020279207027593,0.20152986189565125,22.527780625258863,0.31278075570623026,61.578106936960495,339.1024293952157,1.014160056206654,2.958717249161224,0.4928708441906491,14.573499733049665,0.06969215545299168,0
8.25344444700558,0.7811079911809563,0.6793600814396835,43.53891599582485,0.33860683892736176,186.06198146557787,195.312036306617,0.9889165531869812,3.5604583986440033,0.38278462334209035,14.058859153738002,0.3079904369434727,1
13.526504125039004,0.7237487008274898,0.9908356507549028,22.223911042681582,0.5131128463595411,123.65522500264804,144.23669047968656,1.0241167844996264,3.1756194193583216,1.945447245339356,13.266372694246236,0.4625377517341912,2
8.426679570266895,0.2328636874546059,1.2157613571493913,22.00152804200704,0.204854016185325,194.4982777180633,133.69743829633316,1.0206288790030456,3.173621133421487,0.45747720812007864,13.052518488700413,0.32085727985837664,1
13.119047005323687,0.09699265628546815,0.8882055879100794,59.0129946086411,0.44109527519918007,61.74572705111481,208.26749330457363,1.0034722367081472,2.8603984111960514,0.7191516571006537,9.487981269556949,0.8812486014768682,0
9.129590225263033,0.10440246146129627,1.0776686210197597,19.558751435171555,0.36719191001943347,181.7928001133833,7.377440095269033,0.9891755922548251,3.5191214879292176,1.486699502339819,10.869903627133624,0.4628163335417984,1
14.01333729928034,1.186199865206615,0.19389689920331235,39.20855356519401,0.19468377699092465,255.9293243067112,142.2242921631555,1.03530062654859,3.643898563672253,1.786302263205025,11.591569266771849,0.593278741364087,1
4.722069174997165,0.7511840183250745,0.6744493373605616,34.530079119192784,0.3606178028740011,244.8263946533463,418.7819042353413,1.010558295070657,2.976442968245462,0.5938977898631815,12.711655771073993,0.9420057149522739,1
9.62165276371965,0.815861926382282,0.011382825775265197,17.48206849085313,0.5083367780618991,282.70043216441724,66.7067053796396,1.0169640079516369,3.123898552678875,1.661309657647698,9.586591553640485,0.888800641442742,2
9.448881493582004,0.4603349144847601,1.082070155724217,10.367124326767135,0.3006378449303165,138.82875657814563,10.323592625827033,1.007103409254413,3.7463266005657556,1.8294465362572985,9.802197784973437,0.2430712126831872,1
6.9983685496759005,0.8912574993807839,0.2730294077669681,23.698244460030892,0.017098383197442474,42.031878666340916,7.193891287328862,1.007083786241206,3.993055971151324,1.4751431791673528,10.046332054951197,0.30115086610016395,1
15.217738413830357,0.27081058805494296,0.6705836642797199,21.387015646981126,0.14416774583470027,75.02981888069124,315.5589034556804,0.9972580889936434,2.8041126084998913,1.177113802639422,12.112141311403853,0.5299263380207262,1
14.750844340094513,0.32532458825458155,0.8277577061637562,24.04429571692313,0.2566815072288723,235.4404798394021,252.60369029064412,1.0127962648558129,3.3691216109928135,1.2379001163097225,11.001049352204529,0.4223224003241177,0
9.167515253545481,1.3064660497027016,1.1061892585182556,53.59436036556196,0.41965932942834,126.3138803846234,437.78546523527683,1.0336372088676635,3.359670052883964,0.7513860962763191,10.573555251585406,0.4533392386431183,1
4.975631229157178,0.12114402962200564,1.2669784030637763,35.390041939283975,0.5637958749031818,205.5820241866315,150.04051431417432,1.0383050239714902,3.4848052575805455,1.7020592523814522,11.737710287928921,0.4464579081259872,1
6.302076101650185,1.4540202684950807,1.1870695981078991,64.09310283052145,0.22631766642341666,200.41550320489577,72.50595277795306,1.0267952551464705,3.254770141206601,1.7222413666990026,12.170219827368811,0.5204769137824173,0
7.085051221207846,0.5872818862139492,0.9425808554177882,20.310110171288187,0.1587942727439756,196.3183287091833,241.94574476199162,1.0379409951367442,2.9365925802829578,0.9574761189157909,10.784029021550682,0.9855974903637477,0
9.659059259609414,1.4782375844844438,0.8777616050193945,16.775074126005244,0.06967000305169502,9.304110469945556,87.14217090653347,1.0195691693395263,3.2542172809754564,1.509965110283581,13.884795297699952,0.2851005260986337,0
7.894363045746611,0.1755481964742997,1.4224538997062408,3.461371644870878,0.45081957255039695,195.95303793616407,309.18738141497045,0.9968887235309111,3.2538148067997623,1.9920837272624792,13.279991360824255,0.08975899883464533,0
13.167046444585846,0.5490501318378934,1.4388564227137104,56.850894792594026,0.43638363491387255,179.82800444947327,81.32361991153843,1.032179960992793,3.5287440823074534,1.3925990262010373,14.08664264206833,0.8158838300043842,2
9.559921952384514,0.9697534152262278,0.10271975280663358,31.758439805577545,0.39239852111873263,82.11637654210168,158.0237509942132,1.0313591876965404,3.71424451264057,0.8799285138082521,14.229464083285531,0.5418958312945786,0
14.331483103765787,1.4867072623530442,0.4484405582077047,19.881932050484473,0.49643593580241,7.286869486584713,239.16233929241363,1.010778581388583,3.931756695823695,0.9016840359208859,13.809030940314823,0.6354188438425115,0
15.848959176636896,0.21500530049626454,1.529948506832576,2.4204238744565485,0.2787274151534597,113.68489809152865,325.5689893515443,1.017715672416076,3.9184418872364812,1.4841908280568503,10.39228231079114,0.9313626824235913,1
6.460014995015575,1.2937895678160132,0.9838027355185592,41.213328748486965,0.0798881250375072,156.1430304331435,348.9461423224586,1.015278329213616,2.7690619604660984,0.39113021321295,8.190786668002595,0.43223936860660117,1
11.201223663818745,0.9995358819547248,0.22353725497296315,20.057222327153898,0.20854369044727525,215.8622304106322,158.06231638879675,1.0185212675453228,2.8542183547700866,1.5561980423170305,8.439485899894873,0.2831604733436581,0
14.054777957390534,1.0400120816753353,0.118078865339814,43.05668410786421,0.1132347474029212,246.05610166089826,226.1890586412043,1.025038061421911,3.4739163146974557,1.1217404007517786,10.23278080453258,0.23981701611026285,1
15.23736328283552,1.568463651956514,0.15675685372313847,7.900411334564076,0.5740531160224431,268.88086806367005,253.025471924022,1.0242789201876423,3.2151641597481913,1.1374226665981073,8.261700560524407,0.14437889913485713,1
7.310045743085405,0.5616242210885679,1.2779346110628347,34.371921313212944,0.5516806724554537,65.39860253203582,152.17409872702316,1.0294731152070435,3.139923498232014,0.5090587733941534,11.535938800652445,0.7894255809853553,0
12.597217201751192,0.6202819568298934,0.3684985186521582,9.53063183062926,0.3862562780945388,63.202141579512706,321.0593646173775,0.9956950940529158,3.29911360283473,0.697127348509037,8.580349935590972,0.06734370671851331,2
3.9816953958468586,0.8837808128627777,0.4033113078718386,43.24932585557932,0.5744272770150312,132.7061784023015,50.00002383321133,1.0155039082227981,3.817646556013271,0.6490562654405581,10.086305477386636,0.41281101205062676,1
14.437623504513354,1.0176257722518196,0.2167907243042606,48.61093341038032,0.58127597229367,90.1594555908841,227.62586279608692,0.9927463170262896,3.0876705491069942,1.6938737814587175,14.029357295530065,0.907839710915811,2
4.573656444286756,0.547619179643089,0.9954287186591092,52.84737015050718,0.5563724593408949,32.964246765880304,195.63287535613463,1.0229176552182055,3.7665135170779367,1.417932319294285,9.744233070659387,0.06830100329306155,2
12.674084323904811,1.139485303760654,0.8530373903622686,52.32141298538083,0.1877259395704928,279.5738551987629,105.01907557096277,1.0305583521707402,3.110111809461107,0.3417855792564747,10.771537060859472,0.5446689010125968,1
15.834785681098676,0.20318689868459822,0.4673590104671902,57.83600215796285,0.027363090311840282,198.65838102264144,109.72906091877084,1.0220352738647187,2.9139389108750935,1.0646671116201316,14.023170779601466,0.032885883843097874,0
9.86439634759142,0.3722071775726687,1.0924866620471168,56.78481826488956,0.32033133575577516,211.38057382241072,165.2872751328845,1.0188864695157027,3.1519643069107466,0.9520106601829407,13.078411657174911,0.5285224592244201,1
6.332941287873771,0.09987779147459595,1.2911208774709195,53.42092421032146,0.39662718323000884,225.66311987711055,378.15334225649406,1.0027580779452634,3.756623895199616,0.4960968953801559,14.230333831759456,0.804679437649799,1
10.995187352926951,1.2044301683057854,1.6261272033666259,16.865812885504713,0.2905823505214676,31.02952361060691,61.184786763036676,1.0333579088122975,3.1134760049960875,1.839696228693693,14.04174726465974,0.7939047869223625,1
11.352214754828479,1.5018471570326224,0.79466270038404,57.685542347692724,0.5979585725787784,256.1524128564513,290.0549495556361,1.0086488539569527,3.19685132108368,0.9420275629085105,9.110762590280856,0.19134834202803486,2
11.88368012167663,1.2330665027944128,0.6855545434654787,32.27069808232478,0.42758663959371734,188.63185088349633,195.51072910661455,1.0365754147039539,3.0485698892618176,1.3143759675500817,11.581870705577332,0.3434758121616628,0
5.888602080292103,0.33930667138002835,0.4850108419706391,9.415984081115013,0.36442685050312157,62.00590787342299,288.9277254962848,1.0374032574226648,3.2488183679245237,0.9702544924617885,14.710738926396381,0.1071427806270997,0
14.674423578432137,0.5057867944840869,1.302437071880956,53.38890196063281,0.4761687462238471,133.11747333132053,126.68187406759097,0.9999122167334066,3.400612192511945,0.23105677855794537,8.697042876870478,0.9465831579400429,0
11.313995546755791,1.086767417332286,1.6138732237931646,53.444546346535525,0.3285021285503497,91.53632648578088,366.91666235972076,1.0247861425301874,3.577487864640421,1.774574971995451,9.660811373730052,0.17096059274632813,1
4.327181325088116,0.5441699364053211,0.996704851731644,29.18106443095775,0.5337845157811518,270.21224881775123,51.078977413553595,0.9928910984229885,3.4902093874943723,1.117310442077581,11.40159504380319,0.46069170485769406,2
12.076896882954777,0.6902276847455917,1.0662450522347928,47.12534324570917,0.28958523137079906,142.30098403890705,349.83509376419624,1.034049451204697,3.0598074607995955,1.2280695449928434,8.011326825455017,0.6006998550630972,1
6.172616964210899,0.463705947756766,1.1439656035573742,7.636003694197228,0.07171267205562802,263.95053129669924,62.968759516368756,0.9939310100165042,3.3972384606988912,1.7471053926090063,10.424532733525828,0.19498012463407133,2
4.130823453965399,0.8813401280670538,0.7026513241497704,8.528311019308415,0.12817217433972414,90.3895605887364,89.75092026543189,0.9937476405086055,2.807149069611514,1.6983523397683757,9.700694648615881,0.8575096742078914,0
10.466534630322391,1.3842144365925428,0.3657765437698234,26.570109989898448,0.27799173233456786,258.55332845142385,57.403981964726945,1.03039876350192,3.295358457288015,0.5471622545648491,10.70523120359324,0.28161672892207745,0
13.641095026830058,0.439539245570658,0.4251591178983895,16.032510377152857,0.27405664303461175,213.79111380911988,366.25696562957137,0.9970658048494194,2.9396463292092148,1.490614757519637,10.139584894974089,0.10648574831821389,1
14.205287894220028,0.8743058497391648,1.0245507367574884,57.00843733937196,0.5669140848580411,267.484195179531,329.16781821513604,1.0113668641522895,2.94285801966387,0.5091344562542295,14.632425551974242,0.1541285175552246,2
5.052603194304808,1.077505473660157,1.0584964001167285,56.969457017430386,0.2686908407946367,68.10858222191281,32.030805811337416,0.9976507448861218,3.802064650213089,1.752026693115278,12.21059540377469,0.10438655229443339,0
11.822817706770063,0.0898637379772139,0.7667743599375426,9.724366505184548,0.058518891728859226,95.39647086244048,399.7801866266926,1.0200131324471013,3.885397948583277,1.7212649378110927,11.960541750507051,0.4353015576772499,0
12.391910215941436,0.4594591427171379,0.07194454476567805,20.87553604712164,0.29724236402412046,261.346626515917,421.50059329908504,1.0235827171197571,3.8531477666107934,0.8486803099599944,10.294480912745357,0.3815032321493764,0
7.363655628265023,0.9309011337084542,1.4562093202259532,29.977009414060426,0.4380691326179879,4.68660816198884,417.70865802195453,1.0087990666313997,3.674667099372747,1.571651071044119,13.320769277889376,0.3470322988697382,1
15.553504384085517,1.3177992570990131,0.40556169635386463,8.639516752748417,0.14673055001801547,36.99887245454828,83.67241974793052,1.0251925644302635,3.6366465125443055,0.7230377193322168,14.736240551828123,0.908202389922816,1
7.172118387823367,0.42194221560387996,0.964513707196925,8.386055599763083,0.5338162295303926,14.270803773920186,289.82804392584376,0.9926504108633728,3.2269748510303606,1.7164130832349422,12.035424068290638,0.3859614172374921,1
4.646784491557044,1.4282716044819517,1.226192610979778,31.548285601118362,0.013504268112405429,229.9513905684341,66.6041073168154,1.031598233151737,3.5385603073877907,1.35159213156235,11.570816514073655,0.4180982681196045,2
10.0832923698282,1.3168481825324887,0.30600354441898814,40.1845363679851,0.4332254374735201,281.317594648927,163.57910687788095,1.0249936462060427,3.984269390556241,0.28636324482929676,10.472972306396535,0.2661972313274915,0
12.20121012273393,0.6711121942467982,0.7856670076967549,11.594186938781718,0.15924769283448315,207.9387379858492,428.68934739355007,0.9951868659171618,3.5701914896929763,0.9036406646684376,12.282927901919079,0.10528211105982055,1
6.760383423457884,1.3002124048651615,0.0022212863579341535,10.601459556316172,0.44798718332899334,266.2274379784488,286.09569751532297,0.9979055548776323,3.9669294968042346,1.8090879438014114,12.150782515814537,0.9725054323531447,1
7.896844646982479,1.3538728614300086,0.07875562392367268,46.21780398609749,0.3741639065116713,266.8797335692808,323.21980258317944,1.005813368431477,3.048721928487836,1.0655478517995105,11.298575980734633,0.7426119394694449,0
10.619898594681993,0.5024903332961089,0.41581308211041507,60.365160210963325,0.5519959367460735,201.39557805370245,429.4921897679599,1.0209563955599654,3.712437879765047,1.32924187686761,11.634701630240613,0.8331611656257852,0
14.528805806053075,0.2527269959006629,1.0934800302841237,0.6813618743180048,0.061978835890050404,176.96944207023034,80.68650119047115,1.0235532495501267,3.426073106124215,1.4846368401867744,10.677892190116982,0.47338124552273875,1
12.842643461842716,0.2313782785618505,1.4718809291082373,50.48680424244824,0.30338586150710983,105.30030407519254,256.14612332130747,1.035625499501597,3.755436312891576,1.2119061277124321,12.170424253895796,0.44874910570046633,1
6.336062705288846,1.4011251997116663,0.7046475894045576,1.31709245108497,0.3748237444918844,142.2014720338598,34.881590559459504,1.004624164740814,3.202297896601435,0.9190027332061833,12.777917107188589,0.059104803552883056,1
6.846502555725347,0.8216033228585847,0.041563244577031734,61.94924901786737,0.5296293222202277,149.33759630106076,203.23999463876225,1.0081457396045126,2.8662834106691943,1.744091931092411,14.232051776295759,0.2941985865098591,0
10.138956338926672,1.0871789530503175,0.485916879801748,23.242707239197006,0.01824133464928048,274.1472338460879,385.762846073171,1.0235428814412475,3.4712745882645115,1.73367823084114,10.759960594770416,0.5154455818430704,0
13.104400209074857,0.6650868867880315,1.5886226993469723,50.76895431472638,0.4873921483565316,9.045005921884641,14.767631490824003,1.0059851488162583,3.608967281390374,1.0591559484486155,10.082668451447667,0.2671079814187952,2
11.287017516132117,1.2503782488072432,0.18462434516905074,34.67022517216226,0.29597365092944966,257.636850617544,231.0364861638174,1.0224496415074016,2.839023706981526,0.9340865059223755,14.311340874252496,0.8283125646185634,1
9.86602362224108,1.3163197813575622,1.2544755147875521,24.613799064555195,0.548505174656496,45.80429509068708,371.76009243837046,1.016028945309756,3.75942419935231,0.6099009981387103,10.27407806490001,0.13751886945875924,1
11.02521661206693,1.418803564809913,1.2405638421806175,25.79724754075756,0.06779237556678115,205.025179417563,141.22345935008843,0.99461517036083,3.181963255956977,1.4197569079778798,14.31180348940704,0.8152050353954697,1
12.948326352468893,1.0426547192136422,0.9792726323020107,45.29466192436819,0.14658365747798274,161.60063424132042,406.2591928023441,1.0085311979206295,3.113195227270809,1.9349205653286627,12.30737950809806,0.5476508109881253,2
10.298665504984164,1.4181806052849655,1.5452762772993265,58.1697720082801,0.30521225005019054,9.62763843769839,286.67024884642854,0.9890194317781879,3.848987702031678,0.6958769620112009,13.519645919512822,0.8918853747578627,2
14.662808204868849,1.3802796542755402,1.0659691165687815,53.295411271186666,0.422660922585197,26.538240075144035,29.962802488070583,1.0287339487192295,2.9320207630457893,1.1041996610818958,13.73689905287454,0.7273785962335335,0
15.259516634932368,0.48746559272309564,1.6043994220986828,23.070700869425615,0.0866062915357046,52.817114621199224,289.7999407171213,1.035841750626241,2.87777991490305,0.9359583719724976,10.02922053918121,0.8554459986660738,2
14.87578953016845,0.9628218267217102,1.3713787874851895,50.306039157343086,0.3744832101337925,102.42700070215052,173.68134513525294,1.0327632218656657,3.4028215008038307,1.3877960025873477,11.013781491995248,0.14578153386729442,0
12.929671914726267,0.47323808841156256,1.3181154665661665,11.64599986779531,0.27125611726805465,8.695424366714285,71.54312082201471,1.008063235522904,2.9729093680133656,0.5431307924718631,9.658816380777239,0.3779142118722353,0
6.780484148293796,1.0367287359949744,1.5787449507851956,0.6595754815400584,0.2176208715384352,110.43954460264817,408.387941996066,0.9971515685649905,3.474593177860824,1.2086451324422105,13.850789404283539,0.45673341222632713,1
8.46178449670754,1.4257212772900791,1.024290174135916,45.532087924173794,0.4391330581794104,14.561091803501409,430.21814542169426,1.0076546531950255,3.545744685858358,1.8158520318095561,14.014639575989902,0.47694771769974287,1
7.1879994079028435,0.8047094031381722,0.5351004677311413,6.087770731913903,0.3495955446537121,218.66833376328958,341.3643571499935,1.000908822402949,3.6342802824794105,0.3777035502777274,11.512484822287888,0.14354406297515176,1
11.75768891681517,1.3168402549451261,0.17207848992842836,26.922734056050114,0.06320566652490202,238.6883564252174,373.3529968021979,1.0363034224440417,3.708238514192301,0.7869693028804794,12.321072638930211,0.6522499936026875,0
7.7230816557444,0.10565679243283636,1.1524793019383563,53.9959553382865,0.24246312983028448,160.91342578620058,436.1537346778424,1.0191468096168035,3.4166511845879826,0.3476288281945849,13.032701186608303,0.9894380032238134,0
12.928138419342467,1.38071514072792,0.868643365410246,25.675451916834934,0.031061861877291624,50.84885324878792,18.420270529565954,1.0127716417519648,3.657076483620625,1.19491113221194,14.158665768698391,0.12459690893340247,0
5.173459848752317,1.4963047457503298,0.6398435834008408,4.0418649795733135,0.23672352133227972,200.52851545430767,55.20828118976971,1.0156035175153602,3.4031482986218275,1.7768210594945926,8.811772922654844,0.532649544748332,0
13.181913630396568,0.5501096262152494,1.5765788141520152,1.77017961133387,0.5652237770587949,36.63849461094538,410.4684944045656,0.9946357888563387,3.621581177480023,1.2038934008312687,9.629664132313072,0.8322220186288004,2
10.88941389330536,1.1444682689451675,1.5146305710832664,59.74490009659683,0.3878134967384207,276.45342401887905,260.8578388781991,1.0344817055992614,3.157868393808783,1.7315068331801873,13.436517960062218,0.6591274685687889,1
13.908203114472652,1.3088464075917563,0.6273945493321262,54.03030332745677,0.4381220396580307,47.581690967674675,189.38712222738042,0.9926862871794814,2.7418580093846527,0.4947597001684828,9.673496710894513,0.7389368864544055,1
9.013595390781614,0.26640195312478904,1.5695101116240608,43.23989176594683,0.18559727056709463,193.38667883209396,73.08686394418248,1.005701762174561,2.7891338861453083,0.2804144010102867,13.916136766256475,0.030322069807268037,0
11.362069883827127,0.70166889783585,0.7171542597679808,1.1527066378141937,0.4202330694364315,215.23617236414339,21.268625818590287,1.0070154523926078,3.799609178778147,1.6307587429782762,9.890818871390742,0.5556559211406047,2
10.508386791942723,0.38987511001110525,0.3421912040635287,50.42816345232028,0.5865074198808647,163.03031804890188,337.8581831328452,1.028942416249191,3.712288064451807,0.527276515656933,11.60437760470155,0.28216904655134256,0
15.605622322872286,1.1998383465154645,1.0302803718292355,28.788074213900867,0.45373023777430516,17.33219125384576,17.767531435294124,1.0013361139199102,3.310209273290502,1.6275371194876658,13.402488769458476,0.9091506730718436,1
12.94124013615913,0.6888722411005068,0.15645175062493216,6.013174567132826,0.524780572960784,245.754231884009,195.6072445312085,1.0142166562958341,3.972219374657177,1.5189703038883215,8.906396612579314,0.3732399024466653,1
10.392240317832162,0.08020391322081154,0.2534249707777772,49.862856230247246,0.09728226471837453,229.93769840101842,29.412516365275916,1.0291383291020795,3.5172553414992205,1.9692356066421546,9.156647073570863,0.2611513119416856,1
5.905788295518517,0.4739504948182228,1.3516932119762481,45.824119337759264,0.30766778855931604,203.814249733626,329.22195234479403,1.0361528974628487,3.881199599982679,0.3286514903511615,9.781149476668041,0.9678425451273738,0
14.739782023886615,0.3849536747241852,1.3597167577262939,14.459612860629788,0.12983844583893997,49.91555631109139,236.49332964320604,1.0061251294491673,3.5917478739880058,1.1702350651921642,8.399833765402784,0.3678164819238392,2
6.290637170468054,0.19215237184902584,0.3994187715817456,21.767407972229044,0.3624029267695225,39.047881839763576,115.51136643334401,1.00850726426035,2.9194537463635513,1.5097428834496713,9.368210054007742,0.34614782489011764,1
11.665523407160897,0.8762257804273464,1.239792183522661,63.30864531905082,0.387191226329634,180.38294860146652,112.23096502532768,0.9898453857016546,3.413197470531731,0.5817789551897911,9.124229188087922,0.243738736731007,0
15.131309420993801,0.5854172745115417,1.616127008606348,8.180397251177773,0.045552092166148764,41.96074431940136,260.15972553166495,1.0019874388416585,2.7857604221204726,1.0951976271835182,9.389607706565192,0.9194533306682042,1
6.505313525561467,0.40839709860895573,1.5900170063796426,53.78447303938554,0.5964954394558291,228.4776757339095,59.16797462262905,1.0180271008905797,3.8952840309945262,0.46818451228590197,12.73566733820233,0.05481286972188648,1
6.533674842910625,1.4849997484795625,0.737907143584564,43.02569666674502,0.4625209074911483,98.9558904849161,281.6391556351968,1.00602041331979,3.5785942590437023,0.5863572214553213,8.231390852296174,0.2891666658547938,2
14.1070088161065,0.5656671905810201,1.4340841716186543,15.23558045510715,0.401135719958706,41.69081670419493,413.3045274026348,0.9904767880265221,3.8774463870384164,0.32711047289934503,14.108714500446968,0.7264906007198324,2
13.814625814223508,0.27155387059864833,0.9247917238797392,37.71711346020387,0.2055771078205054,84.11797225407015,206.8104533835782,0.9888056658005406,2.8850809992503574,0.4162769689696204,9.252796724438753,0.6977414112629524,2
8.055610571030225,0.8647674815414458,0.9375487373799868,38.14041355761216,0.229637778846419,64.43352700477828,311.3246059867679,0.9895650367210469,3.182034269538958,0.8622044216553634,12.876035406079573,0.3541891289674539,2
7.007665093050323,1.4185042423818746,0.3971890391654107,3.665773620932931,0.04913096189247854,108.977047924835,126.49833492501632,1.0007248480632127,3.8198733929413042,0.6368312977262645,10.398526166758094,0.15158952354652577,0
5.3414005143673275,1.2469367387414638,0.6377917457439538,45.4948721924519,0.0840660539128415,186.17202703888302,234.50748602374424,1.0165138080673242,3.925901733228556,1.2185516262738882,11.484955167312037,0.5954235840050935,1
15.75402684751175,0.3022838242888428,0.3566895451010636,3.9231951237130906,0.2338802751301171,205.1228294300575,233.62180279375235,1.0101104448210725,2.8715109614484913,0.7739120422662658,12.660199175764888,0.3021514726651495,0
13.907651520651225,0.5284708027461791,1.2324690263788975,37.188085602796335,0.4729528153335168,245.48227042904136,174.59870215177946,1.0104659788754184,2.74439976744552,0.7021159422539851,12.004091836064909,0.9028044428758513,1
14.682638419762345,0.4357529544818438,1.0633819919444507,3.452566972629793,0.4513222424401929,168.5717363061447,90.86486843509468,1.025949699587874,3.0102338617637154,0.87029753727417,10.024323211565857,0.04210079829833446,2
10.015519844725926,1.4714539932982342,1.3354290614689968,51.915964359366555,0.12393246757270872,162.93979850713964,282.8315461200537,0.9986879945601214,3.6479766547351606,0.6118508723464154,8.688824214850289,0.4514445552994505,1
5.184056470663915,0.49893011683630734,1.0289980341458331,63.718166055883295,0.17956497605989585,53.40231430760713,419.7923691379122,1.035298751998912,3.159412618094568,0.4074981578621376,13.085626398420985,0.8397234623909025,1
4.436222095248742,0.33407268941328155,0.46012587034537156,5.031124830784316,0.04504348386178855,25.91898252082919,201.97367739937357,0.9884065912067597,3.3098568565756974,1.6554601184859323,11.905477262175532,0.3833432492948329,0
7.800043444060888,0.7626757391190668,1.5811940758909033,57.883943438629366,0.44208170086938003,272.00944023280715,55.48341309056699,1.0310928111154372,3.8502770409019473,0.3068915438032431,9.88039954949424,0.5624909429454514,1
14.935998239140766,0.9976716171153353,1.080179977819753,51.723799121441154,0.5683068348702152,86.82569120094445,159.65908696389405,1.0222164674247027,3.2246889117587827,1.4122064101661231,12.32510869696853,0.5284846607499354,1
15.265740205163112,0.3177683466456044,0.7907199416330565,27.37243134112076,0.2692735803067964,89.24400876972913,303.1618972904389,0.9952915115577771,2.8689642982695287,1.6956669540836526,13.714412321044936,0.6926321118904303,1
13.978082775806545,0.11676590788492479,1.290773115562952,11.883297477347863,0.16872710844094685,283.4632351325367,220.05867340510915,0.994628470699555,3.884678425721515,1.1115895271766665,11.424566131537166,0.3094870260853092,1
5.720017635993543,0.2221475242805962,0.4226802428601895,48.97700744137354,0.1485945283644487,3.9676623866602547,139.23745678540004,0.9896133486244068,3.215488265866336,1.1606056084807195,11.723510282129029,0.9533777646926638,0
8.881070370444057,1.0564215998236544,1.3459810718961844,48.51678554791018,0.48030329531569815,267.37180560553776,377.2835154788897,1.0063623496645424,4.008868184311768,0.7538209404806858,13.198569748934267,0.641703789943275,2
6.779539316271526,0.3251725365923671,0.561567755753404,43.873921764775126,0.4017314272389633,39.049608839312576,273.4411071540947,1.0137978771697482,2.8933002550695925,0.40833651221756073,13.130105253070177,0.8264097529245905,1
6.284732274213219,0.4682651303375081,0.12392848873462195,20.94376501760335,0.6027920366291338,151.2397653126107,389.9437548665052,1.0179986904750429,3.379761045230172,0.3512477034682937,8.457043627986042,0.2564729954627526,1
12.086392786338862,1.0935781225646939,1.2995783224465074,30.227781624266523,0.5817840771686245,22.20712287338208,428.37699320622016,1.0079274796599331,3.4649921207874894,0.39662162743981044,8.022390239017197,0.7309257552819092,0
9.681951179409175,1.3870431544055666,0.31699170647166663,1.4027914568086541,0.053001628741849535,9.293652632773988,269.6743806311349,0.9923571815621027,3.656574261087375,0.6640872207011086,12.130798682582533,0.35363189078866564,0
7.731406704207492,1.5090075811726305,1.0695396014771672,22.632643394451133,0.1176626394000425,164.95799046215947,90.53707558093093,1.0055203022236465,3.59044426702833,0.8634765301432676,13.926817697156828,0.0529398336675998,1
5.012594994251343,0.6553741917571491,0.4478452329544835,32.385170275763656,0.0967365020299101,141.84619557615991,257.46289550334427,1.0165852575618628,2.87960245262753,1.0050541547850558,13.702503625523692,0.8242059817101853,2
10.391636788998715,0.4195572082106986,1.1378446140662317,17.401501129850967,0.3123451351831326,72.4885824842519,56.97447416354003,1.0312460253178006,3.1119722736959003,0.509249896569893,14.804893836033425,0.37866885245206916,1
7.999004352109454,1.1886984112465662,0.20932316282719474,37.33535692570276,0.251099457275608,164.74091038980774,346.59173917316434,1.0087027563833975,3.338443017747191,1.0986135112852924,8.338164932430391,0.17368109913569862,0
8.532259254420559,1.1486358630270534,1.0356874227903752,18.054916966411856,0.4841394202248711,229.61693314490788,48.56990525439023,0.9995553700669653,2.964148746278869,0.5964990637856872,9.462291604822653,0.16114848530240555,0
7.5571557757159455,1.5416338801228573,0.31875123248129644,42.854861477152454,0.1283474591223665,195.79444107590618,213.9960386535952,1.0310200800823897,3.7271424664935644,1.5284916597559752,9.4501251873308,0.4823629110660599,2
8.485061979526158,0.22683205296884745,0.8355767689218953,38.372374416022204,0.06975300188538416,77.92048233646872,317.67649331721435,1.010448119221236,3.4974012189732155,0.7031212205250826,10.639477744565358,0.7114429704019135,1
10.525900973390485,1.3972165230438116,1.4486830742221752,56.93057066806261,0.3884687836941328,177.55150552991293,406.8829633919705,1.034327302470186,3.542281064436644,0.46320535810667796,12.502282903958488,0.6151724977366897,0
3.97114004772422,0.3434903606227021,0.7891998929383368,13.272542452404979,0.11637977015650518,73.20241498094731,394.80601350328385,1.008989813069687,3.1328977874644606,1.6946846040922403,13.314143860517879,0.14961143807273947,0
14.056528642204078,1.201003092485549,1.2816303129871556,50.108715112652916,0.49631977199860955,156.65354834398622,35.59771013406906,0.9932566249126135,3.2104570219677577,1.5489511364536939,10.328558249238078,0.6932039962134671,2
14.955230325709763,1.5731379458774526,0.2431043929250946,57.59068998556886,0.1681029493771693,124.73291832859577,434.90085636599247,1.0181688129134059,3.836735055101494,0.5995417761092572,10.11334173204817,0.5602480911873362,2
10.461409254550308,0.4276676642131184,1.0908736275725752,3.343458434911838,0.24325159007593464,143.21628822431953,200.10838748161115,1.028096735108667,3.1386132739240797,1.635808033401145,9.219072288233658,0.46390150983492207,0
7.043055513093856,1.193269693475767,0.2522874326577308,27.808785370133652,0.21693846179746193,155.6683671927403,96.99102972275159,1.0255430969653243,3.640205459089577,0.6803176192928763,9.357079340869026,0.5130725206744041,1
15.781891902590356,1.2412362854182162,1.2758185619656026,23.25843068833848,0.5796064566153439,85.91785910363288,430.15134961616565,1.035783518979028,3.4805324465785277,1.3094284698926064,11.476893690390629,0.5394278982938848,0
8.436647763077662,0.5014390508769095,1.185341340903316,2.0724235484103235,0.16505663331875375,133.91593079531455,381.605379561072,0.9924669780122652,3.986631863329772,1.5279487643637313,11.419244146197679,0.6973850197607795,1
12.193230270915013,1.4618457070580972,0.6679949175086833,50.98802861653302,0.262283905207895,250.40011049871484,284.0660270651738,1.0363832471972605,2.916136755034614,1.781044639637003,11.515534757383438,0.760708973616642,1
12.148425821665342,0.18449600963530632,0.7802667940355359,57.877877261606415,0.2557336745881827,253.98929051073407,271.41089498639457,0.9984122378781456,3.0380439089157054,0.23007168210883167,12.62357260553338,0.1695545402481623,0
9.055139682375957,0.42331993905612403,0.2795686622984261,50.53344614720906,0.5212518063603327,38.74811776365493,181.3626309693942,1.0128221640298607,3.9249276080797757,1.9812157305381444,12.242914187562459,0.9363199296092813,2
6.209813703734413,0.5218691056644488,1.0549645090042234,47.845010431722194,0.5007559186478693,194.58753938720625,17.133692902495714,1.0327700470815355,3.000916419112219,0.5176810553611016,10.212403860406754,0.6690907210876403,1
15.49561044823744,0.21508015789000706,1.5150595589753681,23.690794042865072,0.5226354695893861,162.9857732214787,259.11308601528333,1.004340864620793,3.4129984092448087,1.4957303479691693,8.604801435473671,0.10440159337960564,0
4.570659397770436,0.4478782765433871,0.9303090280560757,16.566007543817594,0.38475369327981,198.31234548130175,211.19821042543265,1.0037557005423603,2.9752759798460446,1.6906761355285567,9.683124950226437,0.6770722465526982,2
9.670307592658865,1.2607450846786543,0.5231599091686928,33.00694764630949,0.16071209026598357,59.49126877687476,400.1916415024721,1.0180894757427261,3.268305959652429,1.006939727358759,9.767113745982124,0.04811923996433787,0
6.470841588462379,0.48085031533425704,0.6796805660413474,7.1608455611009045,0.12765602457367153,158.8475545326182,236.30542040426315,0.9928744166743257,3.968514973211679,1.1726686096718564,9.853691318444115,0.4672279376520576,1
7.357086999956518,0.8399235570549167,0.3623419479807256,42.27339815564559,0.08049085353362792,240.46965915460007,329.8581151316377,1.0385578372466546,2.9941396273779604,0.6357727055523643,13.417402594812891,0.6426607627661118,1
13.825180598553821,0.2830308638423593,0.733322248007468,40.37457808070925,0.3530558198198812,214.01773287475297,423.5839879821871,1.008522035743527,2.873507272434451,0.8246068460204796,8.833406439036981,0.23133601983514207,0
8.243913312093303,0.9675306555131301,0.82191349538053,59.42148480263021,0.24188367807216002,278.42332592539896,46.731950022354084,0.9943182515087886,3.991638408650544,0.3155519646142075,8.365812540937453,0.3632467495755286,1
4.80851406347706,0.9963055232134759,1.5616369061474982,59.68519828362742,0.042155144897130445,245.8205616966114,229.76472216679315,1.032360807596059,2.8422844284121354,0.48551764387387997,11.582986437669838,0.07118567732639103,1
6.1753389619760215,0.40739130592398315,0.7136410997784417,63.59099087489321,0.43769845222789105,227.1229501199325,393.58050867994314,0.9898203924856909,3.9234458306535203,1.2754090680090697,9.861408315584088,0.624687925431245,2
14.210518264208694,0.19197690848714916,1.431341072463702,5.045135334704224,0.2876577082468909,231.9943714142696,391.6418990356222,1.0326089548228092,3.579649252176734,0.5565176150536606,14.380041978224325,0.43908467331302914,0
15.622049085728062,1.132677073984272,0.27693205881871147,47.86839167834934,0.044370554874202335,114.66273385576515,142.32727719160272,1.0015386265590998,3.780829535532631,1.3844266787065993,13.008640955475137,0.2738465616777893,1
7.042584143458122,1.030154427418657,0.9049830577959592,21.03196413322508,0.2754053756887852,117.32142307911924,276.7186716408394,1.0079050258853075,3.275862641899517,0.6767379940458514,14.811040484745291,0.8632448986330415,2
11.972448751208592,0.803375214461486,0.9806927595121758,48.23729016333835,0.5791748689604179,57.32873992991545,289.2295892483777,1.001733807482064,2.80263421047899,1.044786361801061,14.7471230363774,0.15768256707717465,1
4.782507869747468,1.4231338713961506,0.9855748484662364,37.1210248451897,0.11614441323426816,258.7427067766534,351.6772136913794,0.9889678987526899,3.552686079388368,0.541040911330007,11.695828008158102,0.07948933038868045,1
12.553933661159316,1.5459040630693852,0.8335712825907509,64.63369066324192,0.3935529516627511,161.19374966903726,322.5107513239923,1.0365261277683997,3.553266889615239,1.103430919302873,11.256909819085259,0.40745548645915586,1
8.838883010045556,1.178591198214817,1.2734643040388793,31.387799197404576,0.2662712205413301,284.9963865779513,313.3550923641557,0.9916276082519014,2.8324097373005146,0.4068918217007014,9.769435709113676,0.823883877261336,1
14.909735011283491,1.5234100374861013,0.2869554266133529,8.340372380577552,0.2072119190684476,21.176532885631712,312.8816524324057,0.988024697154445,3.1176385974150342,0.5144885566071139,12.965727933174549,0.8776776810324869,1
7.56958765643542,0.30071691407464407,0.11305345690538587,41.54998401124541,0.09969865650898589,235.79005249412666,170.81142429154607,1.0261851296260922,3.1315048450214715,1.4350952318333652,14.39915956051427,0.007354590766651903,0
15.191750668606854,0.31931856271294423,0.23691509045987633,29.327904703088397,0.2372152562495616,8.191658992569916,252.96430588130426,1.024882189666295,3.749887942111704,1.1695075410332463,13.405723277668027,0.12008075037808286,2
9.889293867698306,1.5786004069740922,0.9349643273184182,22.226021129557157,0.024970410739211545,200.00202371048692,348.302562096627,1.0048615554996578,3.507864759925989,1.7448530765685197,10.831005846562494,0.5369568290872155,1
8.021604380808366,0.6448075027301708,0.41454021480938924,40.02380470924652,0.2330844954693978,79.8467942867028,114.78815875839675,0.9871353709576626,2.879577383049907,1.908264985022904,9.092336270339487,0.10767122437515897,0
11.628937101154175,0.9191901469501055,1.2259704663046223,55.90738986966963,0.3493924895091681,255.31681654742636,157.1561581764449,0.9880482849416413,2.796270214951131,0.48846606983949703,12.476976927507959,0.24321494608939542,1
6.821929060064626,1.4970983203342279,0.10434081967217942,16.41508779095738,0.2094810190206723,131.75327358359058,247.18471048818333,0.995983261658106,3.2163732862569656,0.8489535956529309,13.078632401958773,0.7914004937515977,1
6.580139527929133,0.9859620993173276,1.5089306616004294,44.59102603364343,0.10099767397987051,159.27807690103515,111.19332478784897,1.0184281595063873,3.3530917424611753,1.5870325910445975,12.335610891489363,0.21193791936140738,0
6.175791979959616,1.3850624580287927,1.5798418376301608,48.53600488204224,0.26894885113460487,177.60817159750232,205.1311909177093,1.000181046337877,3.678064541708806,0.4046993517201247,8.548598739871368,0.1999162953928636,1
15.414784722292307,1.140944625289276,1.3041807369803629,63.36907451434124,0.22413108618885708,243.21752609080812,229.15610289314694,1.0016929907268226,2.884475463324047,1.016988496784646,11.530699606652338,0.3038116014259278,1
9.764256104184739,1.3638153469891319,1.4574024451169396,14.732959263331699,0.6010323456232262,238.74786423291425,78.84019217192095,1.0370598304044794,3.0150247692844516,0.5052776562885656,13.372541157584234,0.5870142113118544,0
12.894541050666419,0.7854456312348747,0.6280495293752184,34.116089164413566,0.3483706937521697,226.25577699239582,110.11160732554802,1.0337740250095657,3.7645016536754747,1.2074724549714746,10.791880434161623,0.21368678239702243,0
9.535301764101007,1.504070340404503,0.26492806956748194,46.2712424820803,0.28441678408179333,231.07732095146258,76.74938182910509,0.9936730931391836,2.872862686649228,1.4179947603508292,9.852156164203786,0.48295438000806024,0
10.909235936812117,0.26789175259754733,0.3319144774946952,3.7946813952400094,0.5869270315196966,178.29082640986925,322.97852583673597,1.0186737572321996,2.8161156611457296,1.9846244336005483,10.131873170106047,0.2126714956378034,2
10.868081671745585,1.2915067104385685,0.8321122344007291,57.32682337641011,0.4808827001079662,31.23099548292332,45.219823770344426,0.9998733108039488,3.644343470118482,1.5278129894906736,9.599114183119438,0.006054543121389755,2
15.656624325800394,0.43293833831168993,1.0979001026928061,22.837287733183608,0.22129582120871086,53.369564586987764,112.36794832215922,0.9882422897505353,2.7796197080696583,1.2123072358897666,13.906243271099427,0.3785454705254031,1
11.888040802567374,1.0082211397748146,0.9441911191658492,44.65922225455481,0.28953523041594287,198.98343948606802,318.77170434962,0.9957574108199087,3.707952571767745,0.4215187101008201,12.091196153947351,0.9547843332638639,2
6.7012106060144285,1.244393332552026,0.17419890725857073,26.953670284001124,0.3196695315909567,56.62784720749772,404.26649082105604,0.9923268403679307,3.058594701612261,0.41713862131171764,13.323075382472028,0.30583983010914484,2
3.9838916758816763,1.131501396719712,1.2072204197808398,59.13761980033976,0.13354800582608842,138.1406993629751,115.42095795778253,1.0287766848978832,3.381154641042931,0.7229218184404038,9.074307815882584,0.7675818245324794,0
6.446053890064025,0.7394083819117748,1.3097325008275724,53.22165584724645,0.08875423570016353,18.15147842799711,394.64083435592306,0.9888885066326633,3.9925036754201675,0.2239792708915422,11.065946408987646,0.2825411111129713,1
9.311787671805277,1.4755223035560139,0.04901135347848877,31.072938454773354,0.10202838593538932,18.451670303479858,153.04331488069795,0.9891107276530479,2.949861419630195,1.2300324311235142,14.095201533665268,0.7991205293879303,2
8.560386074390417,0.32274396486850754,0.7617713414310955,62.44592681909861,0.22814515627049345,18.501976313490733,374.43886665369394,1.018461279203417,3.5776917880417014,1.3765742795564129,10.829797923006515,0.19591239341730804,2
13.629147495727825,1.1600123696898803,0.7267345877325271,50.74477845316954,0.06476010528595742,49.44878247694137,228.17812003718186,1.0352195847418706,3.22054896782431,0.9753261635619567,10.487606047119556,0.26072813182491494,1
13.305236735515155,0.4597706678870741,0.11158422179941438,28.82161568726516,0.12771695350414605,143.11459314255495,254.75065718368072,0.98750984657111,3.628842575655335,1.1686075034940602,8.907236245413376,0.38740283844800527,1
4.878061211752334,1.1119463995956662,0.2934369340073117,58.42508256419789,0.07076713278345395,120.09308570940279,209.40654051010256,1.0249332981211348,3.606820078120217,0.9506663045921402,12.308496895116214,0.029229534372500088,0
15.319329772127247,0.3659320819159495,1.3528850059648132,35.104121349214225,0.018479160700290084,221.67453741465613,334.26693785011065,1.0062020115275812,2.9398075577647584,0.3556245376538181,10.90924107114447,0.3388196916798474,1
10.182225796335846,0.1516715070097414,0.9705042403431221,37.060534865797486,0.24579181413965787,128.78834883102644,174.98863567620216,1.0096824018328905,3.3302611923119647,1.7695379389723427,11.03851075956612,0.17079607168785826,2
11.016487950603743,1.2571885600855588,0.3633807304974743,7.753417407124245,0.27706595245718707,175.4538262161034,286.7002830454318,1.0065705827911766,3.654239088794782,1.5832699986599175,11.080739706790778,0.5227114861407318,0
8.701186932818747,1.3061693826641863,0.7609489255495864,58.85308805539006,0.4583456851014277,71.93803523699312,266.0698601006746,1.0193636062918485,3.681959587977735,0.9354356295415956,11.917940945590043,0.9046614881142884,0
11.658961563915597,0.32364475882518917,1.4186669689500782,26.15987415380588,0.350353147715739,250.6380815763104,114.7704950163607,0.993608013676051,2.865678808478019,1.322795217488443,13.022074405721687,0.6112646058542522,0
14.343048272343527,1.2906493086334248,0.16980381472604142,31.916338679058306,0.525524761412395,163.58493407255727,346.00879696343395,0.9931081316260945,2.903066030150961,0.601688506600607,11.97023841045278,0.7689983146500673,1
11.954625198515945,0.5720630618929895,1.586100698527755,65.00207121851457,0.42203674053861423,247.7691681829761,217.86019459757355,1.0045598639737643,3.450706285543186,1.171117915918836,8.050278930020774,0.5698379692219839,0
15.538192380215985,0.9367211127688982,0.23477374037452164,54.43935581887968,0.5013088143678139,72.81377243767815,202.5239297834218,0.9919157016201834,3.3527258534316147,1.7795803955322882,8.584774293800782,0.982102686156233,1
12.283579220910443,0.9828230219597792,0.48263858714458774,8.109418768690007,0.3495813140013542,285.88412050865,257.13272666906806,1.0324006946951791,3.77549781983837,0.2356610037183096,13.296214590235868,0.5302986171189569,2
13.742820910996315,1.450448616415268,0.3012594207954959,51.02475636791078,0.3277302381207198,75.88626134694289,379.23750721832624,1.0385375480821744,3.6585172446945604,0.8460021020650691,13.46058325884095,0.94269504858075,0
4.344978964207897,0.9353457810065791,0.7794641935752281,15.957608453535192,0.5911729239114861,189.39947110739487,134.89446707479465,1.0371568474290542,3.5078374199712057,0.32759704807443746,9.625808116437662,0.8588819139306715,1
11.93965201937036,1.3834347610448772,0.5155329771276281,11.40266390185966,0.25769750489104915,47.35673854202231,148.7064811315585,1.0145150823794098,3.299784810080534,0.5138189978121509,10.310467751211796,0.7335209500084913,0
11.722506997892388,0.7122804240252147,1.6409234521807923,54.09407556073843,0.3250130186671949,15.491013393769087,167.65453078841193,1.0284345656479201,3.936511891258733,0.4208689554171495,11.722655696823983,0.6606236668215507,1
5.031127216877647,1.059758465294337,0.02556970341139323,35.63327142958353,0.42983618165156207,182.54344176160137,87.93986873045662,1.0375623044847797,3.5257009567406046,1.343640291895774,14.0918353019733,0.44117590232919157,1
13.992888702369683,0.36719912572064595,0.5337506332952868,31.366394432909605,0.3016460081880822,250.49976224701453,342.5368922424674,1.0239230393505867,3.963262006466782,0.7139210752123031,9.399053703371568,0.24839706484298196,0
11.231486087203681,1.1483214568850713,0.9871957752354478,7.659958917441865,0.260816043718866,23.26953049060652,211.15141115571973,1.0349897194648017,3.253083493574107,0.44544892747379583,13.915966965542893,0.6291466533013296,0
4.989769893657689,1.4716318639061439,0.5644377373217738,6.747252227719487,0.41095756478886764,157.1876402268979,47.60443406749032,0.9955546029525179,4.000934984364186,0.5798920622092707,9.46492366211246,0.35751362364100847,1
10.99305213654447,0.7207645542323619,0.7565825397355244,26.72143384239526,0.03795778568477451,247.72757672310792,307.9258141149385,1.0362915528106753,3.9780171692713244,1.2093460099185165,8.149657929798739,0.6711076403950668,2
9.58883176478059,1.050934320352877,0.7058652209532585,61.942184616685644,0.5259926172836581,208.1558798925327,61.594003799917395,0.995451694575125,3.5416956535227815,0.9900479191961518,13.237646869119022,0.27830075525305853,0
6.622852195642444,0.8964469602583341,0.1431440463994299,14.920392411931234,0.5973595837844053,173.4604990013505,299.6724780179726,0.9900607618462514,3.1050000921345973,0.8475048086758453,11.57444542952205,0.6693052876466293,1
4.039048696014017,0.10175135106995402,1.0774246815390118,47.59662117894052,0.378277121170742,189.17854743793643,173.35034816327732,1.038014611377877,3.060502572545471,1.6868063660281931,12.151421091881836,0.5215027548847252,1
8.223364102347718,1.4416744372255998,1.3844587117645433,35.485245157347634,0.29101857578105406,199.1309064812228,272.52092652008463,1.0383908903825,3.466244400292626,0.3847332622978431,10.514440894508317,0.16957653535664485,0
11.300198037387922,1.2939355108650366,0.8761938110934728,36.5948514595978,0.28185761689769434,264.388964295138,107.33789787070117,0.9926853734537818,2.825295012332955,0.5121993989941587,13.36573669020931,0.5179629127532701,0
7.7842775151962424,0.7032271446631732,0.24831030194031695,62.61524416834527,0.3477263200877233,75.33531353625978,273.4393392129189,1.0084455822465772,3.004557676259709,1.5393650519757947,11.507855370549557,0.8120464964113141,0
7.517781295438423,0.2164524446870278,0.7989148062174758,56.66862228807821,0.4483253736810365,238.2146657087638,46.475937542128804,1.020099810363496,3.37261985984301,1.9073726255216235,10.000751951753156,0.18561338009186068,0
12.888567029696159,0.6073930111619779,0.02345131895908144,55.97968834493977,0.18909552207337957,205.56762357811036,423.73694131312203,1.0312624027506325,3.8396140749512293,1.7460017338051534,13.693150825644622,0.3692410411916792,1
12.979358235425337,0.8684627263215575,1.5064181785163644,3.9856263634697644,0.19974196970174693,60.43080379612299,379.55759395560625,1.0063929826545743,3.2393183387025473,1.5004886984954322,8.978892122684812,0.6367417288288441,1
12.49706660929802,0.4462600449885231,0.39938750504638115,65.03301162893625,0.09183663937414345,233.98898138415723,120.54108108881991,1.034622349855049,3.6558572345336704,0.42588089594128353,14.802853364613025,0.8101323387446498,0
5.024301644672785,1.328757637834661,1.4979177818534675,62.15803465114087,0.44694463276526086,56.16276748615725,135.0787099145802,0.9945935107020196,3.820401999056404,1.9899630400960886,12.444777837335291,0.3725450717048209,1
10.045608079360516,0.52321554731137,0.9696164311048823,7.690182093797663,0.23336678732684765,36.00773459862552,407.3122501821692,0.9888171802917625,3.84865034274743,1.1297249985005846,12.697510145222644,0.056044781138216315,0
10.549363790419143,0.38739978555801063,1.632332920100384,36.492309871694545,0.5124017069711881,154.5122516095595,104.57187043826626,1.0081488472957632,3.4194951585205184,1.918485652229176,9.105125984988916,0.6601697693037073,1
12.81213477597877,0.3392960068535273,1.4098762945384975,2.323984966237045,0.2983835168473484,1.1712844657331303,230.4750295113262,1.0145013799108182,3.086024974286493,0.6528226668572177,11.047400129376664,0.6350600138222154,2
14.728450439356497,1.1694043871150404,0.01840751764115377,7.550709915840644,0.077581032831214,252.77931615036385,261.8943792013689,1.0348509900827174,3.6007695397241184,0.5504434054927327,12.33319486611072,0.7860678619557077,1
8.265370279061035,0.8999340296924289,0.025096860381851303,57.13423720429306,0.6109338188566913,92.437609431866,115.59330523875484,1.0334701830418511,3.4282807446236037,1.705027157373774,8.390997385502029,0.03905976463667815,1
8.986828015302862,1.1239615984299354,1.2341097593948087,3.4062735982947676,0.5011498657800981,125.65536615263551,257.9571023498544,1.0095455304922005,2.9241472828571107,0.838143144840597,13.485855893615192,0.44201243600050244,0
12.666486658023423,0.5155176569689178,0.8578803852572068,17.459413854242555,0.1713406313458912,88.7861985753046,297.8115135935532,1.0319255367557707,3.8731709046884837,0.8987829429819179,10.596796862692045,0.9614976226512395,2
11.817900665909509,0.6800046284902371,1.253906675470389,32.6544922367745,0.057757742990651804,236.81594276819638,384.3180922638647,0.9956410284001298,3.6986975204383006,0.46559569157857206,12.617579010290658,0.20368162993467887,2
10.550225801112536,1.4234109092952743,0.9788885251455964,17.63063707235166,0.02836977106534134,122.59142553164585,263.8526419378874,0.9981290470271766,2.935385767582925,1.7319526975164246,11.281028697046757,0.21634792041636064,1
8.036689547235726,0.5756036897139466,0.38558658849207705,61.47797541467287,0.4828077745055455,194.496511063717,396.78809356920397,1.0136569421502568,3.47896349289383,1.2596084365272147,12.254610696221864,0.5237319073466551,0
6.163763393341013,1.4344237048971635,1.3057662844178533,21.749086059340378,0.07327962781708981,51.63099558851229,250.4239043441235,0.989633036796831,3.835143847128963,0.741050643909474,12.25085592252567,0.7451086995512385,0
6.024069201293944,1.5294281606541826,0.051519545875070044,47.19955045197306,0.16359728754418548,18.292144916726617,283.2871602118121,1.0263521965801314,2.98183994729918,1.2660678911346643,13.914408756566175,0.7243968399156675,0
4.787157814443459,0.10930111126308382,1.3388120228846665,51.01579930484199,0.06819894927679968,167.82549761749368,421.8114593206723,1.0148723841429883,3.440311974703444,0.7448369757932259,12.736959775750481,0.5415387128492509,0
4.782530283621674,0.8213456376369205,1.1040414743582718,3.7841338758720657,0.5877979489705917,159.02703743295345,361.03137281687447,0.9945689308437531,3.362602876710685,1.5877443667707714,8.041523316599926,0.9980488846283945,0
14.034158505968325,1.0130840052550876,1.1176352235395521,25.699075415943057,0.20864727764902066,185.85155896681147,430.13394177031773,1.0136099631349422,3.8788154390374023,0.47711341443579836,9.83913958378679,0.7892131401351106,0
8.442440265003675,0.09875209910993148,0.07280933554320898,13.422865863579725,0.15108050630891448,232.9960887457104,248.66960241918042,1.0129099953547882,3.429253298038838,0.8618767136168619,8.80728440758206,0.5520640188906701,1
4.534949437676227,0.6052463714296435,0.34822474752362126,17.326975452372064,0.44075139347626746,107.87925048582974,113.35128609126366,1.0202649080343789,3.4758376954021863,1.905276922257503,8.752794487382344,0.44650163121528275,1
14.646750625576402,0.12206541275827436,0.8116350738843631,27.400382307865232,0.40021933230485546,247.3405882490191,387.15140923479925,0.9900389953195495,2.9515393680996405,1.623891828077978,10.259801158390925,0.29725080218210254,1
6.501572739678131,1.004737214000095,0.7338278934750696,4.2288690898502015,0.21545086377196143,17.794997279274167,299.782606766435,1.0062631637020478,3.02977517472527,1.7742937274683042,14.725849746620046,0.36524977284266513,2
7.044305606766542,0.7747374536905581,0.04393282442063462,40.50277752305948,0.3459723631022907,43.70242686091689,419.5884611856815,1.0289795203192416,3.3688307749528645,0.7827059588227544,9.575185088634644,0.3495798208324007,0
6.153423858487551,0.4743724843403598,0.5574790848028177,13.09473285467143,0.3863068514002373,148.5316337506216,148.01273115257374,0.9884262842978102,2.9538427091921564,1.363136558725433,13.381344592756282,0.3741341992655146,1
15.506762824581799,1.2463854147636058,1.6059882285651614,6.121632215079209,0.2582196803203167,148.11465009676974,327.5009514169332,1.0202374378720647,3.571870862154371,0.3270214650283366,12.726072004041328,0.7208736837247917,1
5.161735042636486,0.8943716133267898,0.5088962576356632,29.680718410120605,0.49228983846592356,130.86118195328052,189.2778288914527,1.0048095960153007,3.78662861772194,1.3748413020615633,12.751321930445698,0.8119072649242711,1
12.538175230192586,0.578640850446678,1.050420855226367,22.799516189948523,0.46039824115056355,42.14506461591654,83.25617776446762,1.022141364211293,3.2093403034342383,0.6149765091116317,11.630160283736942,0.935994889118881,1
15.078273790831322,1.4829543603867141,1.1316102084174284,64.16854746190988,0.5235255774815697,193.4574283648596,97.89603238990351,1.0022807241177634,3.7273257419675323,0.5382773834920553,12.273031207528238,0.023855682414602453,1
11.882815673399882,1.5437515476180255,1.0352815596347968,52.81915101087957,0.06572201156221795,112.6272122971027,115.29725556664083,1.0339999510147098,3.995653593769923,0.8415419877893602,13.783697180725527,0.29161726079146966,2
14.190591974377242,0.3536015884395962,0.4808964666685794,18.229622895692298,0.36027832834582246,80.5058603077637,226.08906235420014,1.0027317533678914,3.7282866221081847,1.3539677955147944,12.97775943782758,0.7043953967405587,0
6.733609933150346,1.547587692452736,0.9490036112976932,39.1685001955485,0.4479508485586326,55.01614407673644,341.5876355483472,1.0309925624074598,3.3518892913784266,0.34560081246796925,11.731238810970163,0.7352876577038999,1
11.954528540985688,0.961406028025153,1.1687963162630124,35.45913299530797,0.01930415228644184,259.037621886798,412.2043182425221,0.996095339947118,3.833567997896228,0.915462457284728,10.280623916318973,0.8790445977919602,1
12.280543213598495,1.3930376486615588,0.6363131745742431,12.6447345368664,0.37464675729264135,230.02610672493057,51.24343516909618,1.0379711365395625,3.1915995278941196,0.6697412447811861,8.9340521394642,0.20195840784278996,2
9.345823403343008,0.5172462893544852,0.46530453540835165,50.45469522149072,0.2258015326738167,49.61131715187086,359.8693388416941,1.00591083984404,3.5298720516020943,1.4820744336981992,13.335967615054182,0.024034355781236028,1
14.333602009423767,0.1499116094694033,0.4564926998269647,46.28913446989279,0.5411170820337481,4.027987587304629,140.82348517744106,1.0132466573913348,2.8049027517949154,1.783399348725474,9.66926356554935,0.8589776971104419,0
12.202071812039765,0.09887762188526265,1.5240465972978003,8.944261636875096,0.5081948899842278,36.33024930068044,178.26396962311358,1.030555387380408,3.042574404766398,0.9085610707510166,11.156206712871183,0.4314241941706283,1
14.628021272779879,0.7263966278625756,1.069830336567666,47.85758870691531,0.16056298913505693,32.82464275998812,248.22650190520102,0.9910509382733669,3.021350170860854,0.9822414022100173,11.368899118412925,0.09948352846874109,1
12.913772674609103,0.08682327387710213,1.2490397257674635,41.58836424361993,0.4872392859521591,220.8417124639247,324.8911072367583,0.9949124269903211,3.0206444302923185,1.8042893017754522,10.241118703476552,0.8553318660283019,0
10.095514097893322,0.7482221403482726,0.9425863358996341,1.2383330060142566,0.09098254707045679,118.41105338036796,83.62758000752204,1.0046483108675741,3.1166796000369428,0.3032220671605699,10.605513501353292,0.3849629113464794,0
9.834127413547282,1.1959553709707578,1.0465621387505133,3.965095122366827,0.47952284535131134,107.38839582830117,146.25685815927082,1.00729188761247,3.504047527661646,1.5050518158816217,12.724730901234128,0.4630051238486119,2
9.290104283070612,1.0825013782238724,0.4590216616662262,36.282213899565605,0.42188890742004787,125.53574630740158,199.4763943815542,1.0292012922411773,3.8263837859309744,1.9196846970033177,10.92818837906201,0.8899454436249413,0
4.061927040522097,1.1779332468990582,1.482106291574748,6.5158848732792665,0.5063238436611952,214.8626341898701,253.19051563627366,0.998767843334173,3.3300358748409993,1.1057829507071784,14.126257239664781,0.9486928943241889,0
10.275210940184124,0.971871317271413,0.8319844062233029,40.17549058305112,0.3237622104262167,192.09860974948208,362.98383276516097,1.0291475832349313,3.4017757901369334,0.3555667201293311,14.422259784291057,0.6911222039144566,1
8.917976127942593,1.5109847210831808,1.336884044689698,11.870130609424674,0.4737865583414149,209.39758713805873,224.58648824936668,1.0252443971053287,3.930990135412287,1.0158425323533529,11.583026094728623,0.7665345225225217,0
5.706156512841902,0.4401540042562657,0.8599058643262,45.387759137871285,0.44905633081791513,171.4784708328129,92.99913471036386,1.0294427092291614,3.468622022477544,1.17476849032209,9.677776391308495,0.22118225255035429,2
5.2407433504818615,1.4357397625883066,0.19309105746300284,24.712906580385113,0.04376179122387147,88.4063532571824,140.91692367653582,1.0304907252729438,3.7038920543728966,0.5933498672360755,8.643291631417487,0.0708205098035738,0
9.237157727595303,1.5525930799164496,0.18562541368099014,48.94420922524566,0.31900919507818504,86.19188453302958,286.26283475912663,1.025611799668029,2.7811810964455397,1.2415438740339315,8.323526681711709,0.5093236789040163,0
4.282947947909619,0.08532210554468582,0.7704257614325533,13.090716526726789,0.34657907858731074,79.38743981405536,123.17775332927997,0.9965091335041255,2.850035073961733,0.48410118275744896,13.352322581810697,0.0288573366013668,1
15.737616658115485,0.7267066789477906,0.7136200157821939,43.20683648428462,0.5525920079851666,270.3177832891065,100.96900523963579,1.0118132169349137,2.943804988797884,0.6007774801943948,13.224088021017053,0.024068742249598984,1
8.375263268813775,1.0941083165713528,1.5160716585226244,64.01055962981461,0.3401342955064341,35.18006554444562,132.35879215918663,1.0277310415735066,3.808616832987639,1.8565025249934348,14.78886598872551,0.41495309636627997,2
8.423521234708693,1.0018033260195292,0.2186702249168197,32.47298614297431,0.5509469607296799,80.946673628007,191.02231514210743,0.9989705632591565,3.4721456821472305,0.2503642014101499,12.89815239833479,0.6322989258558911,0
4.41862823649391,1.5638655327424857,1.1396842599464632,18.80164921311418,0.1530549967300979,239.70681473418537,138.10131270217445,1.0292067947895014,3.4841567715419552,1.5976351221735767,9.767920810841968,0.9648147575103679,0
8.962735240826927,1.0705521232967015,1.5241130004165426,21.128106565605943,0.26930994790072926,284.96411811106066,326.42744536440944,1.0224881187938897,3.7987207297192302,1.2381799812804564,13.680446977362449,0.34798673990748263,0
3.990519791490225,1.0061692775473552,0.6823872459333287,12.986269648786491,0.3260188405162621,63.60847498358922,355.97948790415745,1.0279152071441306,3.7894053575089064,0.4612663961130689,8.096942321165267,0.03586965609548598,0
4.164132963327231,1.4694939795719832,1.4690661369837568,37.97111059999679,0.21936900662338454,280.696579695088,24.326202703915108,0.992561351238832,3.5553783406953725,1.9862951457012645,13.108574585653997,0.385453884622713,1
7.903100721265097,1.4331716489841364,0.23955792203662674,34.05806917946992,0.21368717208285623,211.29516450918544,205.43555316901282,1.0158967593907131,3.9760283450330296,0.7036614142282309,11.82594831155998,0.2614190441005172,1
13.733724267725119,1.3312788952647883,0.17487531057908287,36.45349962345981,0.10593360680646591,111.03368852691564,124.32256380657056,1.0254252613242527,3.9454623064704064,0.5624870821590952,13.713262399254361,0.42429404504938684,1
9.351735067184418,0.6910620201146809,0.3873914167017561,45.15389018573353,0.11279308983248165,99.69103203448844,175.3470631112374,1.0156787979163702,3.225485656337856,0.6605213966256102,10.74637189124462,0.05918857128030752,1
3.979571008392451,1.1262473024665214,0.865182794598702,1.7677042024924758,0.5211132030964696,250.82745077739676,87.10394027088637,0.9920293007250137,3.026947946177047,1.064985839819834,8.232245321618176,0.9320663841590874,1
5.774962383443857,1.5139998396362586,1.0730471020180612,8.808455707383269,0.4533958991630336,80.99187331195155,35.07843096558827,1.0362158704284565,3.0488986990137685,1.4129597975657067,14.24130315257743,0.5575659152617618,2
12.753064935616756,0.43982907769897517,1.2802773336573,14.511080789595232,0.2741395875235438,90.4662744888469,282.92692229525795,1.0199691600339789,3.692039804450731,0.9023066480139577,12.483970185967133,0.07092802359193817,1
12.73335421945109,0.8119718509519579,1.2724745700355435,1.047659014256922,0.47663909585875197,8.299052511113985,423.635060192588,1.0134310965176683,3.0765748988865216,1.2641059907759715,14.748800049295518,0.376900193525569,0
12.929727167499454,1.2163567799093915,0.18572305904688668,12.695235996111387,0.0991707084427154,146.91136512903512,324.9437028920171,1.0054522345738945,2.816135351043773,1.5661693872791715,12.428356816759583,0.7099378225928202,0
8.055199451820776,0.9766481087641506,1.4508504939659754,55.724583412872875,0.1351233773163803,62.4333705190019,431.07231640384293,1.0000434885434746,2.943703196575716,0.8237842324936809,11.113561533086793,0.7936853165463544,0
8.06255105917164,1.2556221258008529,0.18647536601276843,42.977112613999125,0.3635060908457777,287.25597720042606,424.93605752250943,1.0136028411748925,3.4512523589609962,1.8246211526392597,9.471183634776441,0.9000385024672065,0
13.505115571171697,0.47601567329319083,1.4903657633295597,11.105663484203092,0.07184744602195631,44.903629671057274,159.4843967563692,0.9900444624992176,3.2900405752889297,1.9120939006802236,8.645231077699535,0.8596547443073076,1
8.617468414418898,0.27623816187539346,1.58965983159241,2.925045647960193,0.4123107309204191,254.85813217285866,326.41139421568107,1.0359140983076853,3.9986237049307247,1.6718076705934566,12.737491777650284,0.10132145643341661,1
12.599011161232813,0.786818927635512,0.9696056515975564,16.85678008401623,0.20202268164124929,43.49889677762276,359.2443734741871,0.9961369949645027,2.9178290930498307,0.6158987565397566,11.691340584345314,0.4553455862900667,0
10.83158840746228,1.0772219056997778,1.1518681361660719,47.113015297713986,0.5476801416124439,115.12476361792002,209.7481704278309,1.003462368072864,2.74881809413058,1.0886640253476203,12.861657513889973,0.3783711619602338,1
8.208534322853982,0.976319614390787,0.6137455837341054,29.67899190122796,0.38745682180593977,181.89110896494302,145.5337917764008,1.0299860623506836,3.590241519298438,0.6852027377925761,12.46529328478788,0.7691317911173209,1
4.768078892062062,0.9960132178201339,0.9140872501326867,35.51463875845845,0.2748747173976966,263.11773080408767,411.1870209855014,1.0368924200242775,2.8469990790749673,1.6403724842358767,8.006493793585639,0.9044346300650202,0
5.205117055327666,0.21899279946996647,1.3812331526076058,35.52108795028021,0.33511727618518394,257.9889827472129,26.788299816709504,1.013918229428392,3.732813617902786,0.5337942617862554,12.958321096092611,0.9894163552944432,2
14.563660552037742,0.8169781870492131,0.26476808381127914,15.961094470916168,0.14617075716719097,59.643371920682725,178.33554634453623,1.0252838766750678,3.0147503549928496,0.7341336868983748,12.9356084959617,0.1511428985763641,1
9.273320171270857,0.38369755267342764,0.8328980936846159,11.603371392308144,0.029610695730771894,51.44901630142184,430.14890749410426,1.0357156008907016,3.197384381323563,0.7098745121441017,13.13475862905507,0.6772374076262406,0
15.827454921106668,1.1460170696064431,0.6793036666863059,10.901634248957098,0.042493074021795675,207.86592679293747,63.26880355172589,0.9900170257823535,3.9268271847254494,1.8869823698939407,8.460497232852186,0.28384291652981186,2
8.203153076771418,0.9176287515047084,1.4382000234105752,63.46933002631181,0.250397672971406,70.9567921315629,26.1861001572034,0.987233705417301,3.052488880247269,1.7417100044690381,12.246322155522687,0.8896776573265178,1
6.824447086506186,0.981166328236256,0.21744604912059465,61.856448638663025,0.519328086251256,275.3455363255355,154.0680908676245,1.0284889033739426,2.89674842431023,1.0365391182776005,12.322158753763613,0.25938062842529797,2
8.041525769712951,0.9733503423814714,1.4803130337403363,49.353787615271386,0.42510075213504966,9.951125744708516,40.194661517296296,1.0123609071553283,3.354559087426411,1.9421891304411776,13.047986021834728,0.8694008418792376,1
7.951341773264311,0.5393202183036465,0.41545021990541287,42.80178691668021,0.39635404067576363,55.26227730844196,260.98362690420083,1.0239056695998612,3.0484614788183833,0.7770377822011354,8.6682053110451,0.49482467958792575,0
11.512016452716523,0.20505382991424181,1.0054586664219471,15.268137508407419,0.5826161740580453,33.32718522476794,273.71478287098984,1.007564461675849,2.9392647234216174,1.4121248735546594,10.938604525032822,0.7451306499365018,0
3.9541245205752635,0.6996335962626424,0.6306313816140439,8.21471667261228,0.5471275846092988,195.6138100224551,359.76414323520396,0.9940483270567768,3.159789685062739,0.432144380705065,10.892262034901881,0.03275787856145507,0
13.035550510932534,0.526612120841647,1.54835364814045,61.53342196064071,0.26712811841625705,8.11944809902445,438.08926592582355,0.9901559035755398,3.365727740844954,0.42708377155660915,10.476449298552932,0.31211797417142584,1
8.838616964884245,0.9345612336414121,0.3278959184003313,18.89761293726426,0.4563588864393573,159.9942421694132,18.805274249218293,1.0339907937994366,2.7479643954761177,0.7029127846004606,11.611531268826084,0.9307885337051592,1
9.03009424340279,0.41470662256510243,0.8342170556203344,12.950364571112331,0.31252090187287757,225.6713935953909,264.64696291573523,1.0301691770394796,2.824663656576939,1.8239802131420688,8.658476042305924,0.6451751178742722,0
9.621491683081913,0.4155526959744489,0.37895981166797676,60.89439831411384,0.4278898674666115,35.91637192843224,365.5134369046049,1.0291369626754012,2.965558514185626,1.111424785490661,9.734048333530831,0.4654775608544922,2
9.235470630434241,0.567733986015179,1.330036916486143,10.787703952773544,0.2772481898301617,42.35474209547681,301.87559778373674,0.9991055593108055,2.8297933207115715,0.6495864617441386,14.682783715948805,0.7529629017286907,0
9.819397878630781,0.3399867394147415,0.4499498208927116,20.03333132641779,0.3570866075540827,46.22428877647556,72.57726584122096,1.0374269959179263,2.917436515745994,0.8508057026269694,8.183202311649334,0.48547963497858115,0
7.985442155326049,0.6830161416987389,1.5827893405811353,12.212871278878803,0.1069924560063531,40.72658053111667,272.89486576963156,1.0328766889949603,3.6862901422921714,0.4445134896525247,9.484353669964449,0.08421979007515823,1
9.285488256372357,1.316025801294411,1.534501617696021,1.5641608853091373,0.4568104878032069,216.90983400924463,86.90083323973568,1.013150366245893,3.3873045521933816,0.9763659008766374,10.372100849386332,0.16647808502654815,0
8.696281161739673,1.35800657627998,0.7888158576518246,12.602519870146697,0.03814720489158185,98.39300289809367,404.9283447822856,1.0369440146057878,3.1292001215835854,0.9240770865188741,10.016587813476068,0.9407071968013807,0
10.070736887522653,0.24237058936634764,0.021465704256693547,30.214111126034442,0.04606049573142583,152.4172147109046,427.6316759059513,1.0247874721035681,3.2878102891685814,1.445647703333133,14.446311034465607,0.3975327598037267,0
11.341555926759145,0.5760952116248892,1.6025934500233383,35.201827407264,0.340234878805461,8.4746983618945,290.4162683074846,0.9881206804519702,3.4671103485476205,1.661529673717822,11.947211994384357,0.37904831566313013,1
6.716591347332052,0.9998181276688363,1.1387004392433233,11.541222822748821,0.39685627873347945,230.44042663899847,244.86291045828457,1.037425466608894,3.681989598451842,1.4541272409917525,11.117376760427353,0.5133562568795706,1
9.952089500578548,0.42042275855014877,0.8166854089115085,47.32477003544887,0.18374235101287575,4.84732717583822,64.6211163946208,1.0160981162846416,3.969508019024622,0.474251009008963,10.516862125775488,0.6981183355151737,0
10.994925222451938,1.459215364176851,1.0027820444599571,35.51543586324275,0.5495117049231553,278.5451452735538,345.16798828165287,0.9908133128354671,4.00470488218358,0.8040028797197547,11.392703915075948,0.06326932648565287,0
4.0050746065402745,1.1399500550671369,0.18423603115872142,39.755518222431974,0.31024485802439455,280.7131342228667,358.4061631651218,1.0059796115525357,2.804973838963306,0.8037203492222634,8.65918208637273,0.5194661322018256,1
10.097974237753068,0.4104349085111608,0.2615121034019691,21.419756436138574,0.086207189171583,10.453004600428976,160.35775281470885,1.008330819307765,3.6450202618846745,1.9911830737910383,11.227172111252905,0.5971207236963754,1
6.695448276921626,0.24002422707086335,1.0605942026719766,13.550146287189726,0.5481368607387357,23.49119858408053,285.5554922765446,1.0308134176339863,2.809159885728468,1.632115832634998,13.647735822879074,0.3578442541897664,0
8.694916430130236,0.19066378605891227,0.08127516298477007,52.54440028595267,0.35292242039535293,158.54116314292324,101.33070735018413,0.9885597742185432,3.1827310158271627,0.6827748354586844,11.278963918302722,0.13463632315821816,0
13.801014964524335,0.361961117180446,1.165820530150555,23.618550989668464,0.423145691516095,101.60744079549002,407.19778561892804,1.0207265015925568,3.612782931253978,0.4189589729476555,9.090337248409812,0.5734204090908878,2
7.747450720801593,0.6733218228760453,1.5268329740921585,34.627403628462595,0.22579279485769058,183.877406903142,43.68104867617528,1.0336752109172276,3.1201114728745116,0.9701245394934842,9.95095235749077,0.17399464995745018,2
9.646924777364378,1.2061829693408506,1.1768657310584911,48.94487778509698,0.5243210317143082,189.30862281589606,313.5886814215006,1.0211787139737363,3.7210575898158638,0.5745884590002088,8.149081365411798,0.24550805040991142,2
4.099367959287396,0.2914984222360284,0.9306526773331291,57.67143185325982,0.38341677878147706,8.814350381809135,329.0472584466199,1.0071278635802128,3.69739159698854,1.460509814979787,13.04589512452722,0.7833063827250824,2
7.5358856257991675,0.13469331357844921,1.3183777621148765,29.84206798043653,0.3784953617563188,64.6205344327593,312.65143552497057,1.0112274731670932,3.6175947456532973,1.9831687477911444,10.745066616176683,0.5791023287019345,0
11.540625226341593,1.4175508623096529,1.2424531383901591,64.00487645785645,0.21266874211259723,194.87660128095948,337.34984333118257,1.0352691396560985,2.9813956114848374,0.45962196302895175,9.142036127537777,0.5667584406029753,0
7.613457472168834,0.5830632879671865,0.9804955494057815,35.00115301792035,0.5662505076024164,58.012092489948245,422.88079022632485,0.9909283951948489,3.2466425079429024,0.2269737485052629,14.442837751793931,0.19548720910268147,0
6.290149824799739,0.5755424032161947,0.3270582085573443,52.3429005580967,0.5923282882298144,14.726057295886093,188.2055953487685,1.010436599554076,3.6120075000775578,1.7487114214881334,13.61879404481594,0.06956534866504449,1
7.316933726664766,0.8676611180578808,0.013001106386852647,5.627256326876508,0.4083060308201411,155.850952826729,93.17894112375241,1.0179135898887282,3.945404462690399,1.7727510722069704,8.99568549405324,0.7627688090745524,1
15.347977512388216,0.7097445941801185,0.7591272171501668,6.6562022376791345,0.023058152650433233,44.76889113939673,62.29931469368908,0.9932410846352656,3.502479314312188,1.5676372287004425,10.566738724162052,0.17646200689534475,1
4.850302049252566,0.5228451876389312,0.40012807649906384,40.652184150134936,0.4945011358538251,259.7852116619097,40.146187984590405,1.01836228565333,2.96059006969022,1.4720901673337279,10.724628075871207,0.37089665646330516,2
9.406628939254048,1.1533689810777958,0.3770333762441609,25.726157383300894,0.3065888497112392,239.52531142115032,206.11405308733796,0.9919520439041879,2.988038942753057,0.7926440852045474,14.34201705786628,0.6752899096279567,0
4.506481534269357,1.2682529012220178,0.8411153387620967,50.41491999026198,0.5949515981648309,219.43581123167473,53.03982557283613,1.0377768507335687,2.873106807435039,0.49702999757607325,13.740980622467259,0.4093398231763262,0
10.317764719594713,1.3194195085783342,0.6231547569197354,37.881942743347714,0.16276755129595608,240.45169596456367,364.4373933861514,1.0017295428514519,3.218898281193836,1.0143817743139862,11.345005004370961,0.46725482793449136,2
5.567032417511817,1.2350454148392322,0.8367327238082747,40.8875016053417,0.056849004749338405,231.5240633106807,217.15855246123792,1.0127568202876476,3.988952520139531,0.5524001329212341,10.026326753187654,0.24095677458201226,0
11.472426143490804,1.1156417199586914,0.44699721102454854,11.524130887148306,0.5164044136905848,228.57094441569345,362.97010982637505,1.038429090723125,3.7691456318260625,1.1647808243002242,12.405824076830815,0.045638680433103485,0
6.999209296130466,0.36951853463177115,1.0127948173823886,36.57568952501176,0.31099234993914265,288.1766323024042,288.6768380967636,1.0013166593504508,3.0113565686647674,0.851481604150533,10.888172737720753,0.39839316522661883,1
12.160076205959378,1.1774755858881805,1.0324974288180135,36.11437603233151,0.22415838543154512,217.59289144383453,405.70019312206745,1.0121402168522091,3.5395151167691656,1.261407194517278,8.333416450470807,0.73545540317263,1
8.000467321991621,0.4920670726956788,0.346802780838945,48.68614083686384,0.2688378077507033,140.8908355231101,371.26422658458785,1.0222094782467646,3.2865367893799036,1.973557999186932,8.859424441689194,0.8039778483872672,0
3.8504387121516697,1.1627262846994868,0.9420039218555941,46.442110631088774,0.5765112947784488,194.1365250466362,126.42243740567645,1.0345844485522928,3.398261389042595,0.6127785763525714,13.73970585245373,0.6564075905499898,0
7.368225979120764,0.2267943546059203,0.739058063696435,41.211683485012955,0.035483828095510574,40.107447043885884,310.8409775069029,1.0095521869409556,3.29584565285027,1.3116689551233525,14.581997399004651,0.5992034735495342,0
